match_id,season,match_datetime,player_id,player_name,first_name,last_name,jersey_number,primary_position,roster_status,is_foreign,is_confederation,is_captain,is_libero,set_1_is_starter,set_1_starting_position,set_2_is_starter,set_2_starting_position,set_3_is_starter,set_3_starting_position,set_4_is_starter,set_4_starting_position,set_5_is_starter,set_5_starting_position,team_name,team_short_name,team_code,team_color
2161068,2025,2025-01-09T00:30:00.000Z,2344566,Piyanut Pannoy,Piyanut,Pannoy,2,1,active,True,False,False,False,False,,False,,False,,False,,,,LOVB Atlanta,ATL,ATL,sapphire
2161068,2025,2025-01-09T00:30:00.000Z,2344565,Marta Bechis,Marta,Bechis,3,5,active,True,False,False,False,False,,False,,False,,False,,,,LOVB Atlanta,ATL,ATL,sapphire
2161068,2025,2025-01-09T00:30:00.000Z,2344568,Jessica Rivero Marin,Jessica,Rivero Marin,4,2,active,True,False,False,False,False,,False,,False,,False,,,,LOVB Atlanta,ATL,ATL,sapphire
2161068,2025,2025-01-09T00:30:00.000Z,2344571,Kayla Haneline,Kayla,Haneline,8,4,active,False,False,False,False,False,,True,2.0,True,2.0,True,2.0,,,LOVB Atlanta,ATL,ATL,sapphire
2161068,2025,2025-01-09T00:30:00.000Z,2344564,Iga Wasilewska,Iga,Wasilewska,9,4,active,True,False,False,False,True,6.0,False,,False,,False,,,,LOVB Atlanta,ATL,ATL,sapphire
2161068,2025,2025-01-09T00:30:00.000Z,2344427,Madi Bugg,Madi,Bugg,10,5,active,False,False,False,False,True,1.0,True,6.0,True,6.0,True,6.0,,,LOVB Atlanta,ATL,ATL,sapphire
2161068,2025,2025-01-09T00:30:00.000Z,2349081,Onye Ofoegbu,Onye,Ofoegbu,11,4,active,False,False,False,False,False,,False,,False,,False,,,,LOVB Atlanta,ATL,ATL,sapphire
2161068,2025,2025-01-09T00:30:00.000Z,2351343,Rachel Fairbanks,Rachel,Fairbanks,12,5,active,False,False,False,False,False,,False,,False,,False,,,,LOVB Atlanta,ATL,ATL,sapphire
2161068,2025,2025-01-09T00:30:00.000Z,2344425,McKenzie Adams,McKenzie,Adams,13,2,active,False,False,False,False,False,,False,,False,,True,4.0,,,LOVB Atlanta,ATL,ATL,sapphire
2161068,2025,2025-01-09T00:30:00.000Z,2344570,Tia Jimerson,Tia,Jimerson,14,4,active,False,False,False,False,False,,False,,False,,True,5.0,,,LOVB Atlanta,ATL,ATL,sapphire
2161068,2025,2025-01-09T00:30:00.000Z,2344573,Magda Jehlarova,Magda,Jehlarova,15,4,active,True,False,False,False,True,3.0,True,5.0,True,5.0,False,,,,LOVB Atlanta,ATL,ATL,sapphire
2161068,2025,2025-01-09T00:30:00.000Z,2344567,Beatrice Negretti,Beatrice,Negretti,16,1,active,True,False,False,True,False,,False,,False,,False,,,,LOVB Atlanta,ATL,ATL,sapphire
2161068,2025,2025-01-09T00:30:00.000Z,2344574,Tessa Grubbs,Tessa,Grubbs,17,3,active,False,False,False,False,False,,False,,False,,False,,,,LOVB Atlanta,ATL,ATL,sapphire
2161068,2025,2025-01-09T00:30:00.000Z,2344572,Danielle Cuttino,Danielle,Cuttino,20,3,active,False,False,False,False,True,4.0,True,3.0,True,3.0,True,3.0,,,LOVB Atlanta,ATL,ATL,sapphire
2161068,2025,2025-01-09T00:30:00.000Z,2342511,Kelsey Cook,Kelsey,Cook,23,2,active,False,False,True,False,True,2.0,True,1.0,True,1.0,True,1.0,,,LOVB Atlanta,ATL,ATL,sapphire
2161068,2025,2025-01-09T00:30:00.000Z,2344569,Giovana Milana,Giovana,Milana,77,2,active,False,False,False,False,True,5.0,True,4.0,True,4.0,False,,,,LOVB Atlanta,ATL,ATL,sapphire
2161068,2025,2025-01-09T00:30:00.000Z,2336969,Jordyn Poulter,Jordyn,Poulter,1,5,active,False,False,True,False,True,2.0,True,1.0,True,2.0,True,1.0,,,LOVB Salt Lake,SLC,SLC,brightYellow
2161068,2025,2025-01-09T00:30:00.000Z,2344542,Tamaki Matsui,Tamaki,Matsui,2,5,active,True,False,False,False,False,,False,,False,,False,,,,LOVB Salt Lake,SLC,SLC,brightYellow
2161068,2025,2025-01-09T00:30:00.000Z,2344549,Morgan Beck Miller,Morgan,Beck Miller,3,2,active,False,False,False,False,False,,False,,False,,False,,,,LOVB Salt Lake,SLC,SLC,brightYellow
2161068,2025,2025-01-09T00:30:00.000Z,2344547,Madeline Haynes,Madeline,Haynes,4,2,active,False,False,False,False,False,,False,,False,,False,,,,LOVB Salt Lake,SLC,SLC,brightYellow
2161068,2025,2025-01-09T00:30:00.000Z,2344554,Skylar Fields,Skylar,Fields,5,3,active,False,False,False,False,False,,False,,False,,False,,,,LOVB Salt Lake,SLC,SLC,brightYellow
2161068,2025,2025-01-09T00:30:00.000Z,2344551,Tori Dixon,Tori,Dixon,6,4,active,False,False,False,False,True,1.0,True,6.0,True,1.0,True,6.0,,,LOVB Salt Lake,SLC,SLC,brightYellow
2161068,2025,2025-01-09T00:30:00.000Z,2349080,Sophie Fischer,Sophie,Fischer,7,4,active,False,False,False,False,False,,False,,False,,False,,,,LOVB Salt Lake,SLC,SLC,brightYellow
2161068,2025,2025-01-09T00:30:00.000Z,2344550,Serena Gray,Serena,Gray,11,4,active,False,False,False,False,True,4.0,True,3.0,True,4.0,True,3.0,,,LOVB Salt Lake,SLC,SLC,brightYellow
2161068,2025,2025-01-09T00:30:00.000Z,2344546,Veronica Jones Perry,Veronica,Jones Perry,12,2,active,False,False,False,False,True,3.0,True,2.0,True,3.0,True,2.0,,,LOVB Salt Lake,SLC,SLC,brightYellow
2161068,2025,2025-01-09T00:30:00.000Z,2336979,Haleigh Washington,Haleigh,Washington,15,4,active,False,False,False,False,False,,False,,False,,False,,,,LOVB Salt Lake,SLC,SLC,brightYellow
2161068,2025,2025-01-09T00:30:00.000Z,2342469,Manami Kojima,Manami,Kojima,16,1,active,True,False,False,True,False,,False,,False,,False,,,,LOVB Salt Lake,SLC,SLC,brightYellow
2161068,2025,2025-01-09T00:30:00.000Z,2344545,Dani Drews,Dani,Drews,17,2,active,False,False,False,False,True,6.0,True,5.0,True,6.0,True,5.0,,,LOVB Salt Lake,SLC,SLC,brightYellow
2161068,2025,2025-01-09T00:30:00.000Z,2344544,Mary Lake,Mary,Lake,18,1,active,False,False,False,False,False,,False,,False,,False,,,,LOVB Salt Lake,SLC,SLC,brightYellow
2161068,2025,2025-01-09T00:30:00.000Z,2344548,Claire Hoffman,Claire,Hoffman,21,2,active,False,False,False,False,False,,False,,False,,False,,,,LOVB Salt Lake,SLC,SLC,brightYellow
2161068,2025,2025-01-09T00:30:00.000Z,2344553,Heidy Casanova,Heidy,Casanova,33,3,active,True,False,False,False,True,5.0,True,4.0,True,5.0,True,4.0,,,LOVB Salt Lake,SLC,SLC,brightYellow
2161288,2025,2025-01-10T01:00:00.000Z,2344621,Grace Frohling,Grace,Frohling,1,3,active,False,False,False,False,False,,False,,False,,False,,False,,LOVB Houston,HTX,HTX,sapphire
2161288,2025,2025-01-10T01:00:00.000Z,2344616,Karin Palgutova,Karin,Palgutova,2,2,active,True,False,False,False,False,,False,,False,,False,,False,,LOVB Houston,HTX,HTX,sapphire
2161288,2025,2025-01-10T01:00:00.000Z,2344618,Amber Igiede,Amber,Igiede,3,4,active,False,False,False,False,True,6.0,True,1.0,True,1.0,True,6.0,True,6.0,LOVB Houston,HTX,HTX,sapphire
2161288,2025,2025-01-10T01:00:00.000Z,2344612,Anna Pogany,Anna,Pogany,4,1,active,True,False,False,True,False,,False,,False,,False,,False,,LOVB Houston,HTX,HTX,sapphire
2161288,2025,2025-01-10T01:00:00.000Z,2349315,Jessica Mruzik,Jessica,Mruzik,5,2,active,False,False,False,False,True,5.0,True,6.0,True,6.0,True,5.0,True,5.0,LOVB Houston,HTX,HTX,sapphire
2161288,2025,2025-01-10T01:00:00.000Z,2344617,Raphaela Folie,Raphaela,Folie,7,4,active,True,False,False,False,True,3.0,True,4.0,True,4.0,True,3.0,True,3.0,LOVB Houston,HTX,HTX,sapphire
2161288,2025,2025-01-10T01:00:00.000Z,2344619,Christina Bauer,Christina,Bauer,8,3,active,True,False,False,False,False,,False,,False,,False,,False,,LOVB Houston,HTX,HTX,sapphire
2161288,2025,2025-01-10T01:00:00.000Z,2344614,Madison Kingdon Rishel,Madison,Kingdon Rishel,9,2,active,False,False,False,False,True,2.0,True,3.0,True,3.0,True,2.0,True,2.0,LOVB Houston,HTX,HTX,sapphire
2161288,2025,2025-01-10T01:00:00.000Z,2344611,Kaisa Alanko,Kaisa,Alanko,10,5,active,True,False,False,False,False,,False,,False,,False,,False,,LOVB Houston,HTX,HTX,sapphire
2161288,2025,2025-01-10T01:00:00.000Z,2344620,Anita Anwusi,Anita,Anwusi,11,4,active,False,False,False,False,False,,False,,False,,False,,False,,LOVB Houston,HTX,HTX,sapphire
2161288,2025,2025-01-10T01:00:00.000Z,2336967,Micha Hancock,Micha,Hancock,12,5,active,False,False,False,False,True,1.0,True,2.0,True,2.0,True,1.0,True,1.0,LOVB Houston,HTX,HTX,sapphire
2161288,2025,2025-01-10T01:00:00.000Z,2344622,Julia Brown,Julia,Brown,14,2,active,False,False,False,False,False,,False,,False,,False,,False,,LOVB Houston,HTX,HTX,sapphire
2161288,2025,2025-01-10T01:00:00.000Z,2344615,Sara Loda,Sara,Loda,17,2,active,True,False,False,False,False,,False,,False,,False,,False,,LOVB Houston,HTX,HTX,sapphire
2161288,2025,2025-01-10T01:00:00.000Z,2344613,Key Alves,Key,Alves,18,1,active,True,False,False,False,False,,False,,False,,False,,False,,LOVB Houston,HTX,HTX,sapphire
2161288,2025,2025-01-10T01:00:00.000Z,2336977,Jordan Thompson,Jordan,Thompson,23,3,active,False,False,True,False,True,4.0,True,5.0,True,5.0,True,4.0,True,4.0,LOVB Houston,HTX,HTX,sapphire
2161288,2025,2025-01-10T01:00:00.000Z,2344609,Khat Bell,Khat,Bell,1,3,active,False,False,False,False,False,,False,,False,,False,,False,,LOVB Austin,ATX,ATX,violet
2161288,2025,2025-01-10T01:00:00.000Z,2344604,Leah Hardeman,Leah,Hardeman,2,2,active,False,False,False,False,False,,False,,False,,False,,False,,LOVB Austin,ATX,ATX,violet
2161288,2025,2025-01-10T01:00:00.000Z,2344598,Carli Lloyd,Carli,Lloyd,3,5,active,False,False,True,False,True,2.0,True,1.0,True,1.0,True,3.0,False,,LOVB Austin,ATX,ATX,violet
2161288,2025,2025-01-10T01:00:00.000Z,2344608,Molly McCage,Molly,McCage,5,4,active,False,False,False,False,True,1.0,True,6.0,True,6.0,True,2.0,False,,LOVB Austin,ATX,ATX,violet
2161288,2025,2025-01-10T01:00:00.000Z,2344603,Alessia Gennari,Alessia,Gennari,6,2,active,True,False,False,False,True,6.0,True,5.0,True,5.0,True,1.0,True,6.0,LOVB Austin,ATX,ATX,violet
2161288,2025,2025-01-10T01:00:00.000Z,2344607,Asjia O´Neal,Asjia,O´Neal,7,4,active,False,False,False,False,False,,False,,False,,False,,True,1.0,LOVB Austin,ATX,ATX,violet
2161288,2025,2025-01-10T01:00:00.000Z,2344600,Saige Ka'aha'aina-Torres,Saige,Ka'aha'aina-Torres,9,5,active,False,False,False,False,False,,False,,False,,False,,True,2.0,LOVB Austin,ATX,ATX,violet
2161288,2025,2025-01-10T01:00:00.000Z,2344601,Zoe Jarvis,Zoe,Jarvis,10,1,active,False,False,False,True,False,,False,,False,,False,,False,,LOVB Austin,ATX,ATX,violet
2161288,2025,2025-01-10T01:00:00.000Z,2336983,Chiaka Ogbogu,Chiaka,Ogbogu,11,4,active,False,False,False,False,True,4.0,True,3.0,True,3.0,True,5.0,True,4.0,LOVB Austin,ATX,ATX,violet
2161288,2025,2025-01-10T01:00:00.000Z,2344610,Carly DeHoog,Carly,DeHoog,12,2,active,False,False,False,False,False,,False,,False,,False,,False,,LOVB Austin,ATX,ATX,violet
2161288,2025,2025-01-10T01:00:00.000Z,2344606,Juliann Faucette Johnson,Juliann,Faucette Johnson,13,2,active,False,False,False,False,False,,False,,False,,False,,False,,LOVB Austin,ATX,ATX,violet
2161288,2025,2025-01-10T01:00:00.000Z,2344602,Kotoe Inoue,Kotoe,Inoue,15,1,active,True,False,False,False,False,,False,,False,,False,,False,,LOVB Austin,ATX,ATX,violet
2161288,2025,2025-01-10T01:00:00.000Z,2349176,Madisen Skinner,Madisen,Skinner,16,3,active,False,False,False,False,True,5.0,True,4.0,True,4.0,True,6.0,True,5.0,LOVB Austin,ATX,ATX,violet
2161288,2025,2025-01-10T01:00:00.000Z,2344605,Anna Haak,Anna,Haak,17,2,active,True,False,False,False,True,3.0,True,2.0,True,2.0,True,4.0,False,,LOVB Austin,ATX,ATX,violet
2161288,2025,2025-01-10T01:00:00.000Z,2344599,Logan Eggleston,Logan,Eggleston,33,2,active,False,False,False,False,False,,False,,False,,False,,True,3.0,LOVB Austin,ATX,ATX,violet
2161289,2025,2025-01-10T22:30:00.000Z,2344609,Khat Bell,Khat,Bell,1,3,active,False,False,False,False,False,,False,,False,,,,,,LOVB Austin,ATX,ATX,violet
2161289,2025,2025-01-10T22:30:00.000Z,2344604,Leah Hardeman,Leah,Hardeman,2,2,active,False,False,False,False,False,,False,,False,,,,,,LOVB Austin,ATX,ATX,violet
2161289,2025,2025-01-10T22:30:00.000Z,2344598,Carli Lloyd,Carli,Lloyd,3,5,active,False,False,True,False,False,,False,,False,,,,,,LOVB Austin,ATX,ATX,violet
2161289,2025,2025-01-10T22:30:00.000Z,2344608,Molly McCage,Molly,McCage,5,4,active,False,False,False,False,False,,False,,False,,,,,,LOVB Austin,ATX,ATX,violet
2161289,2025,2025-01-10T22:30:00.000Z,2344603,Alessia Gennari,Alessia,Gennari,6,2,active,True,False,False,False,False,,False,,False,,,,,,LOVB Austin,ATX,ATX,violet
2161289,2025,2025-01-10T22:30:00.000Z,2344607,Asjia O´Neal,Asjia,O´Neal,7,4,active,False,False,False,False,True,6.0,True,1.0,True,6.0,,,,,LOVB Austin,ATX,ATX,violet
2161289,2025,2025-01-10T22:30:00.000Z,2344600,Saige Ka'aha'aina-Torres,Saige,Ka'aha'aina-Torres,9,5,active,False,False,False,False,True,1.0,True,2.0,True,1.0,,,,,LOVB Austin,ATX,ATX,violet
2161289,2025,2025-01-10T22:30:00.000Z,2344601,Zoe Jarvis,Zoe,Jarvis,10,1,active,False,False,False,False,False,,False,,False,,,,,,LOVB Austin,ATX,ATX,violet
2161289,2025,2025-01-10T22:30:00.000Z,2336983,Chiaka Ogbogu,Chiaka,Ogbogu,11,4,active,False,False,False,False,True,3.0,True,4.0,True,3.0,,,,,LOVB Austin,ATX,ATX,violet
2161289,2025,2025-01-10T22:30:00.000Z,2344610,Carly DeHoog,Carly,DeHoog,12,2,active,False,False,False,False,False,,False,,False,,,,,,LOVB Austin,ATX,ATX,violet
2161289,2025,2025-01-10T22:30:00.000Z,2344606,Juliann Faucette Johnson,Juliann,Faucette Johnson,13,2,active,False,False,False,False,True,4.0,True,5.0,True,4.0,,,,,LOVB Austin,ATX,ATX,violet
2161289,2025,2025-01-10T22:30:00.000Z,2344602,Kotoe Inoue,Kotoe,Inoue,15,1,active,True,False,False,True,False,,False,,False,,,,,,LOVB Austin,ATX,ATX,violet
2161289,2025,2025-01-10T22:30:00.000Z,2349176,Madisen Skinner,Madisen,Skinner,16,3,active,False,False,False,False,False,,False,,False,,,,,,LOVB Austin,ATX,ATX,violet
2161289,2025,2025-01-10T22:30:00.000Z,2344605,Anna Haak,Anna,Haak,17,2,active,True,False,False,False,True,5.0,True,6.0,True,5.0,,,,,LOVB Austin,ATX,ATX,violet
2161289,2025,2025-01-10T22:30:00.000Z,2344599,Logan Eggleston,Logan,Eggleston,33,2,active,False,False,False,False,True,2.0,True,3.0,True,2.0,,,,,LOVB Austin,ATX,ATX,violet
2161289,2025,2025-01-10T22:30:00.000Z,2344576,Daly Santana,Daly,Santana,1,2,active,True,False,False,False,False,,False,,False,,,,,,LOVB Madison,MAD,MAD,babyBlue
2161289,2025,2025-01-10T22:30:00.000Z,2342510,Anna Hall,Anna,Hall,2,4,active,False,False,False,False,True,2.0,True,1.0,True,2.0,,,,,LOVB Madison,MAD,MAD,babyBlue
2161289,2025,2025-01-10T22:30:00.000Z,2344581,Mariena Hayden,Mariena,Hayden,3,2,active,False,False,False,False,False,,False,,False,,,,,,LOVB Madison,MAD,MAD,babyBlue
2161289,2025,2025-01-10T22:30:00.000Z,2344577,Milica Medved,Milica,Medved,4,1,active,True,False,False,False,False,,False,,False,,,,,,LOVB Madison,MAD,MAD,babyBlue
2161289,2025,2025-01-10T22:30:00.000Z,2344578,Simin Wang,Simin,Wang,5,1,active,True,False,False,True,False,,False,,False,,,,,,LOVB Madison,MAD,MAD,babyBlue
2161289,2025,2025-01-10T22:30:00.000Z,2344579,Jennifer Janiska,Jennifer,Janiska,6,2,active,True,False,False,False,True,4.0,False,,False,,,,,,LOVB Madison,MAD,MAD,babyBlue
2161289,2025,2025-01-10T22:30:00.000Z,2342508,Lauren Carlini,Lauren,Carlini,7,5,active,False,False,True,False,True,6.0,True,5.0,True,6.0,,,,,LOVB Madison,MAD,MAD,babyBlue
2161289,2025,2025-01-10T22:30:00.000Z,2344584,Claire Felix,Claire,Felix,8,4,active,False,False,False,False,False,,False,,False,,,,,,LOVB Madison,MAD,MAD,babyBlue
2161289,2025,2025-01-10T22:30:00.000Z,2344580,Claire Chaussee,Claire,Chaussee,9,2,active,False,False,False,False,True,1.0,True,6.0,True,4.0,,,,,LOVB Madison,MAD,MAD,babyBlue
2161289,2025,2025-01-10T22:30:00.000Z,2344583,Taylor Sandbothe,Taylor,Sandbothe,10,4,active,False,False,False,False,True,5.0,True,4.0,True,5.0,,,,,LOVB Madison,MAD,MAD,babyBlue
2161289,2025,2025-01-10T22:30:00.000Z,2342509,Annie Schumacher,Annie,Schumacher,11,3,active,False,False,False,False,True,3.0,True,2.0,True,3.0,,,,,LOVB Madison,MAD,MAD,babyBlue
2161289,2025,2025-01-10T22:30:00.000Z,2344582,Temi Thomas-Ailara,Temi,Thomas-Ailara,12,3,active,False,False,False,False,False,,False,,False,,,,,,LOVB Madison,MAD,MAD,babyBlue
2161289,2025,2025-01-10T22:30:00.000Z,2349141,Sarah Franklin,Sarah,Franklin,13,2,active,False,False,False,False,False,,True,3.0,True,1.0,,,,,LOVB Madison,MAD,MAD,babyBlue
2161289,2025,2025-01-10T22:30:00.000Z,2344575,Danica Markovic,Danica,Markovic,14,5,active,True,False,False,False,False,,False,,False,,,,,,LOVB Madison,MAD,MAD,babyBlue
2161289,2025,2025-01-10T22:30:00.000Z,2349077,Ana Beatriz Correa,Ana Beatriz,Correa,27,4,active,True,False,False,False,False,,False,,False,,,,,,LOVB Madison,MAD,MAD,babyBlue
2161290,2025,2025-01-11T01:00:00.000Z,2344621,Grace Frohling,Grace,Frohling,1,3,active,False,False,False,False,False,,False,,False,,,,,,LOVB Houston,HTX,HTX,navy
2161290,2025,2025-01-11T01:00:00.000Z,2344616,Karin Palgutova,Karin,Palgutova,2,2,active,True,False,False,False,False,,False,,False,,,,,,LOVB Houston,HTX,HTX,navy
2161290,2025,2025-01-11T01:00:00.000Z,2344618,Amber Igiede,Amber,Igiede,3,4,active,False,False,False,False,True,6.0,True,1.0,True,6.0,,,,,LOVB Houston,HTX,HTX,navy
2161290,2025,2025-01-11T01:00:00.000Z,2344612,Anna Pogany,Anna,Pogany,4,1,active,True,False,False,True,False,,False,,False,,,,,,LOVB Houston,HTX,HTX,navy
2161290,2025,2025-01-11T01:00:00.000Z,2349315,Jessica Mruzik,Jessica,Mruzik,5,2,active,False,False,False,False,True,5.0,True,5.0,True,5.0,,,,,LOVB Houston,HTX,HTX,navy
2161290,2025,2025-01-11T01:00:00.000Z,2344617,Raphaela Folie,Raphaela,Folie,7,4,active,True,False,False,False,True,3.0,True,4.0,True,3.0,,,,,LOVB Houston,HTX,HTX,navy
2161290,2025,2025-01-11T01:00:00.000Z,2344619,Christina Bauer,Christina,Bauer,8,3,active,True,False,False,False,False,,False,,False,,,,,,LOVB Houston,HTX,HTX,navy
2161290,2025,2025-01-11T01:00:00.000Z,2344614,Madison Kingdon Rishel,Madison,Kingdon Rishel,9,2,active,False,False,False,False,True,2.0,True,3.0,True,2.0,,,,,LOVB Houston,HTX,HTX,navy
2161290,2025,2025-01-11T01:00:00.000Z,2344611,Kaisa Alanko,Kaisa,Alanko,10,5,active,True,False,False,False,False,,False,,False,,,,,,LOVB Houston,HTX,HTX,navy
2161290,2025,2025-01-11T01:00:00.000Z,2344620,Anita Anwusi,Anita,Anwusi,11,4,active,False,False,False,False,False,,False,,False,,,,,,LOVB Houston,HTX,HTX,navy
2161290,2025,2025-01-11T01:00:00.000Z,2336967,Micha Hancock,Micha,Hancock,12,5,active,False,False,True,False,True,1.0,True,2.0,True,1.0,,,,,LOVB Houston,HTX,HTX,navy
2161290,2025,2025-01-11T01:00:00.000Z,2344622,Julia Brown,Julia,Brown,14,2,active,False,False,False,False,False,,False,,False,,,,,,LOVB Houston,HTX,HTX,navy
2161290,2025,2025-01-11T01:00:00.000Z,2344615,Sara Loda,Sara,Loda,17,2,active,True,False,False,False,False,,False,,False,,,,,,LOVB Houston,HTX,HTX,navy
2161290,2025,2025-01-11T01:00:00.000Z,2344613,Key Alves,Key,Alves,18,1,active,True,False,False,False,False,,False,,False,,,,,,LOVB Houston,HTX,HTX,navy
2161290,2025,2025-01-11T01:00:00.000Z,2336977,Jordan Thompson,Jordan,Thompson,23,3,active,False,False,False,False,True,4.0,True,6.0,True,4.0,,,,,LOVB Houston,HTX,HTX,navy
2161290,2025,2025-01-11T01:00:00.000Z,2349314,Lexi Rodriguez,Lexi,Rodriguez,1,1,active,False,False,False,False,False,,False,,False,,,,,,LOVB Omaha,OMA,OMA,shamrock
2161290,2025,2025-01-11T01:00:00.000Z,2344593,Emily Thater,Emily,Thater,2,4,active,False,False,False,False,True,6.0,True,5.0,True,5.0,,,,,LOVB Omaha,OMA,OMA,shamrock
2161290,2025,2025-01-11T01:00:00.000Z,2344587,Annie Cesar,Annie,Cesar,3,1,active,True,False,False,False,False,,False,,False,,,,,,LOVB Omaha,OMA,OMA,shamrock
2161290,2025,2025-01-11T01:00:00.000Z,2336972,Justine Wong-Orantes,Justine,Wong-Orantes,4,1,active,False,False,False,True,False,,False,,False,,,,,,LOVB Omaha,OMA,OMA,shamrock
2161290,2025,2025-01-11T01:00:00.000Z,2344589,Ja'ali Winters,Ja'ali,Winters,5,2,active,False,False,False,False,True,2.0,True,1.0,True,1.0,,,,,LOVB Omaha,OMA,OMA,shamrock
2161290,2025,2025-01-11T01:00:00.000Z,2344590,Vicky Savard,Vicky,Savard,7,2,active,True,False,False,False,False,,False,,False,,,,,,LOVB Omaha,OMA,OMA,shamrock
2161290,2025,2025-01-11T01:00:00.000Z,2344596,Kimberly Drewniok,Kimberly,Drewniok,8,3,active,True,False,False,False,True,4.0,True,3.0,True,3.0,,,,,LOVB Omaha,OMA,OMA,shamrock
2161290,2025,2025-01-11T01:00:00.000Z,2336975,Jordan Larson,Jordan,Larson,10,2,active,False,False,True,False,True,5.0,True,4.0,True,4.0,,,,,LOVB Omaha,OMA,OMA,shamrock
2161290,2025,2025-01-11T01:00:00.000Z,2344591,Amber Stivrins,Amber,Stivrins,11,2,active,False,False,False,False,False,,False,,False,,,,,,LOVB Omaha,OMA,OMA,shamrock
2161290,2025,2025-01-11T01:00:00.000Z,2344597,Audriana Fitzmorris,Audriana,Fitzmorris,12,3,active,False,False,False,False,False,,False,,False,,,,,,LOVB Omaha,OMA,OMA,shamrock
2161290,2025,2025-01-11T01:00:00.000Z,2344586,Gabby Blossom,Gabby,Blossom,13,5,active,False,False,False,False,False,,False,,False,,,,,,LOVB Omaha,OMA,OMA,shamrock
2161290,2025,2025-01-11T01:00:00.000Z,2344585,Laura Dijkema,Laura,Dijkema,14,5,active,True,False,False,False,True,1.0,True,6.0,True,6.0,,,,,LOVB Omaha,OMA,OMA,shamrock
2161290,2025,2025-01-11T01:00:00.000Z,2344592,Candelaria Herrera,Candelaria,Herrera,17,4,active,True,False,False,False,True,3.0,True,2.0,True,2.0,,,,,LOVB Omaha,OMA,OMA,shamrock
2161290,2025,2025-01-11T01:00:00.000Z,2344595,Lauren Stivrins,Lauren,Stivrins,26,4,active,False,False,False,False,False,,False,,False,,,,,,LOVB Omaha,OMA,OMA,shamrock
2161290,2025,2025-01-11T01:00:00.000Z,2344588,Madi Kubik,Madi,Kubik,33,2,active,False,False,False,False,False,,False,,False,,,,,,LOVB Omaha,OMA,OMA,shamrock
2161291,2025,2025-01-16T01:00:00.000Z,2344609,Khat Bell,Khat,Bell,1,3,active,False,False,False,False,False,,False,,False,,False,,,,LOVB Austin,ATX,ATX,violet
2161291,2025,2025-01-16T01:00:00.000Z,2344604,Leah Hardeman,Leah,Hardeman,2,2,active,False,False,False,False,False,,False,,False,,False,,,,LOVB Austin,ATX,ATX,violet
2161291,2025,2025-01-16T01:00:00.000Z,2344598,Carli Lloyd,Carli,Lloyd,3,5,active,False,False,True,False,False,,False,,False,,True,6.0,,,LOVB Austin,ATX,ATX,violet
2161291,2025,2025-01-16T01:00:00.000Z,2344608,Molly McCage,Molly,McCage,5,4,active,False,False,False,False,False,,False,,False,,True,5.0,,,LOVB Austin,ATX,ATX,violet
2161291,2025,2025-01-16T01:00:00.000Z,2344603,Alessia Gennari,Alessia,Gennari,6,2,active,True,False,False,False,False,,False,,False,,True,4.0,,,LOVB Austin,ATX,ATX,violet
2161291,2025,2025-01-16T01:00:00.000Z,2344607,Asjia O´Neal,Asjia,O´Neal,7,4,active,False,False,False,False,True,6.0,True,6.0,True,6.0,False,,,,LOVB Austin,ATX,ATX,violet
2161291,2025,2025-01-16T01:00:00.000Z,2344600,Saige Ka'aha'aina-Torres,Saige,Ka'aha'aina-Torres,9,5,active,False,False,False,False,True,1.0,True,1.0,True,1.0,False,,,,LOVB Austin,ATX,ATX,violet
2161291,2025,2025-01-16T01:00:00.000Z,2344601,Zoe Jarvis,Zoe,Jarvis,10,1,active,False,False,False,True,False,,False,,False,,False,,,,LOVB Austin,ATX,ATX,violet
2161291,2025,2025-01-16T01:00:00.000Z,2336983,Chiaka Ogbogu,Chiaka,Ogbogu,11,4,active,False,False,False,False,True,3.0,True,3.0,True,3.0,True,2.0,,,LOVB Austin,ATX,ATX,violet
2161291,2025,2025-01-16T01:00:00.000Z,2344610,Carly DeHoog,Carly,DeHoog,12,2,active,False,False,False,False,False,,False,,False,,False,,,,LOVB Austin,ATX,ATX,violet
2161291,2025,2025-01-16T01:00:00.000Z,2344606,Juliann Faucette,Juliann,Faucette,13,2,active,False,False,False,False,False,,False,,False,,True,3.0,,,LOVB Austin,ATX,ATX,violet
2161291,2025,2025-01-16T01:00:00.000Z,2344602,Kotoe Inoue,Kotoe,Inoue,15,1,active,True,False,False,False,False,,False,,False,,False,,,,LOVB Austin,ATX,ATX,violet
2161291,2025,2025-01-16T01:00:00.000Z,2349176,Madisen Skinner,Madisen,Skinner,16,3,active,False,False,False,False,True,4.0,True,4.0,True,4.0,False,,,,LOVB Austin,ATX,ATX,violet
2161291,2025,2025-01-16T01:00:00.000Z,2344605,Anna Haak,Anna,Haak,17,2,active,True,False,False,False,True,5.0,True,5.0,True,5.0,True,1.0,,,LOVB Austin,ATX,ATX,violet
2161291,2025,2025-01-16T01:00:00.000Z,2344599,Logan Eggleston,Logan,Eggleston,33,2,active,False,False,False,False,True,2.0,True,2.0,True,2.0,False,,,,LOVB Austin,ATX,ATX,violet
2161291,2025,2025-01-16T01:00:00.000Z,2344566,Piyanut Pannoy,Piyanut,Pannoy,2,1,active,True,False,False,True,False,,False,,False,,False,,,,LOVB Atlanta,ATL,ATL,pink
2161291,2025,2025-01-16T01:00:00.000Z,2344565,Marta Bechis,Marta,Bechis,3,5,active,True,False,False,False,False,,False,,False,,False,,,,LOVB Atlanta,ATL,ATL,pink
2161291,2025,2025-01-16T01:00:00.000Z,2344568,Jessica Rivero Marin,Jessica,Rivero Marin,4,2,active,True,False,False,False,False,,False,,False,,False,,,,LOVB Atlanta,ATL,ATL,pink
2161291,2025,2025-01-16T01:00:00.000Z,2344571,Kayla Haneline,Kayla,Haneline,8,4,active,False,False,False,False,True,3.0,True,2.0,True,3.0,True,2.0,,,LOVB Atlanta,ATL,ATL,pink
2161291,2025,2025-01-16T01:00:00.000Z,2344564,Iga Wasilewska,Iga,Wasilewska,9,4,active,True,False,False,False,False,,False,,False,,False,,,,LOVB Atlanta,ATL,ATL,pink
2161291,2025,2025-01-16T01:00:00.000Z,2344427,Madi Bugg,Madi,Bugg,10,5,active,False,False,False,False,True,1.0,False,,False,,False,,,,LOVB Atlanta,ATL,ATL,pink
2161291,2025,2025-01-16T01:00:00.000Z,2349081,Onye Ofoegbu,Onye,Ofoegbu,11,4,active,False,False,False,False,False,,False,,False,,False,,,,LOVB Atlanta,ATL,ATL,pink
2161291,2025,2025-01-16T01:00:00.000Z,2351343,Rachel Fairbanks,Rachel,Fairbanks,12,5,active,False,False,False,False,False,,True,6.0,True,1.0,True,6.0,,,LOVB Atlanta,ATL,ATL,pink
2161291,2025,2025-01-16T01:00:00.000Z,2344425,McKenzie Adams,McKenzie,Adams,13,2,active,False,False,False,False,True,5.0,True,4.0,True,5.0,True,4.0,,,LOVB Atlanta,ATL,ATL,pink
2161291,2025,2025-01-16T01:00:00.000Z,2344570,Tia Jimerson,Tia,Jimerson,14,4,active,False,False,False,False,True,6.0,True,5.0,True,6.0,True,5.0,,,LOVB Atlanta,ATL,ATL,pink
2161291,2025,2025-01-16T01:00:00.000Z,2344573,Magdalena Jehlarova,Magdalena,Jehlarova,15,4,active,True,False,False,False,False,,False,,False,,False,,,,LOVB Atlanta,ATL,ATL,pink
2161291,2025,2025-01-16T01:00:00.000Z,2344567,Beatrice Negretti,Beatrice,Negretti,16,1,active,True,False,False,False,False,,False,,False,,False,,,,LOVB Atlanta,ATL,ATL,pink
2161291,2025,2025-01-16T01:00:00.000Z,2344574,Tessa Grubbs,Tessa,Grubbs,17,3,active,False,False,False,False,False,,True,3.0,True,4.0,True,3.0,,,LOVB Atlanta,ATL,ATL,pink
2161291,2025,2025-01-16T01:00:00.000Z,2344572,Danielle Cuttino,Danielle,Cuttino,20,3,active,False,False,False,False,True,4.0,False,,False,,False,,,,LOVB Atlanta,ATL,ATL,pink
2161291,2025,2025-01-16T01:00:00.000Z,2342511,Kelsey Cook,Kelsey,Cook,23,2,active,False,False,True,False,True,2.0,True,1.0,True,2.0,True,1.0,,,LOVB Atlanta,ATL,ATL,pink
2161291,2025,2025-01-16T01:00:00.000Z,2344569,Gia Day,Gia,Day,77,2,active,False,False,False,False,False,,False,,False,,False,,,,LOVB Atlanta,ATL,ATL,pink
2161292,2025,2025-01-18T02:00:00.000Z,2344576,Daly Santana,Daly,Santana,1,2,active,True,False,False,False,False,,False,,False,,False,,False,,LOVB Madison,MAD,MAD,babyBlue
2161292,2025,2025-01-18T02:00:00.000Z,2342510,Anna Hall,Anna,Hall,2,4,active,False,False,False,False,False,,False,,False,,False,,False,,LOVB Madison,MAD,MAD,babyBlue
2161292,2025,2025-01-18T02:00:00.000Z,2344581,Mariena Hayden,Mariena,Hayden,3,2,active,False,False,False,False,False,,False,,False,,False,,False,,LOVB Madison,MAD,MAD,babyBlue
2161292,2025,2025-01-18T02:00:00.000Z,2344577,Milica Medved,Milica,Medved,4,1,active,True,False,False,False,False,,False,,False,,False,,False,,LOVB Madison,MAD,MAD,babyBlue
2161292,2025,2025-01-18T02:00:00.000Z,2344578,Simin Wang,Simin,Wang,5,1,active,True,False,False,True,False,,False,,False,,False,,False,,LOVB Madison,MAD,MAD,babyBlue
2161292,2025,2025-01-18T02:00:00.000Z,2344579,Jennifer Janiska,Jennifer,Janiska,6,2,active,True,False,False,False,False,,False,,False,,False,,False,,LOVB Madison,MAD,MAD,babyBlue
2161292,2025,2025-01-18T02:00:00.000Z,2342508,Lauren Carlini,Lauren,Carlini,7,5,active,False,False,True,False,True,6.0,True,6.0,True,5.0,True,5.0,True,3.0,LOVB Madison,MAD,MAD,babyBlue
2161292,2025,2025-01-18T02:00:00.000Z,2344584,Claire Felix,Claire,Felix,8,4,active,False,False,False,False,False,,False,,False,,False,,False,,LOVB Madison,MAD,MAD,babyBlue
2161292,2025,2025-01-18T02:00:00.000Z,2344580,Claire Chaussee,Claire,Chaussee,9,2,active,False,False,False,False,True,1.0,True,1.0,True,6.0,True,6.0,True,4.0,LOVB Madison,MAD,MAD,babyBlue
2161292,2025,2025-01-18T02:00:00.000Z,2344583,Taylor Sandbothe,Taylor,Sandbothe,10,4,active,False,False,False,False,True,2.0,True,2.0,True,1.0,True,1.0,True,5.0,LOVB Madison,MAD,MAD,babyBlue
2161292,2025,2025-01-18T02:00:00.000Z,2342509,Annie Schumacher,Annie,Schumacher,11,3,active,False,False,False,False,True,3.0,True,3.0,True,2.0,True,2.0,True,6.0,LOVB Madison,MAD,MAD,babyBlue
2161292,2025,2025-01-18T02:00:00.000Z,2344582,Temi Thomas-Ailara,Temi,Thomas-Ailara,12,3,active,False,False,False,False,False,,False,,False,,False,,False,,LOVB Madison,MAD,MAD,babyBlue
2161292,2025,2025-01-18T02:00:00.000Z,2349141,Sarah Franklin,Sarah,Franklin,13,2,active,False,False,False,False,True,4.0,True,4.0,True,3.0,True,3.0,True,1.0,LOVB Madison,MAD,MAD,babyBlue
2161292,2025,2025-01-18T02:00:00.000Z,2344575,Danica Markovic,Danica,Markovic,14,5,active,True,False,False,False,False,,False,,False,,False,,False,,LOVB Madison,MAD,MAD,babyBlue
2161292,2025,2025-01-18T02:00:00.000Z,2349077,Ana Correa,Ana,Correa,27,4,active,True,False,False,False,True,5.0,True,5.0,True,4.0,True,4.0,True,2.0,LOVB Madison,MAD,MAD,babyBlue
2161292,2025,2025-01-18T02:00:00.000Z,2336969,Jordyn Poulter,Jordyn,Poulter,1,5,active,False,False,True,False,True,2.0,True,1.0,True,2.0,True,2.0,True,1.0,LOVB Salt Lake,SLC,SLC,brightYellow
2161292,2025,2025-01-18T02:00:00.000Z,2344542,Tamaki Matsui,Tamaki,Matsui,2,5,active,True,False,False,False,False,,False,,False,,False,,False,,LOVB Salt Lake,SLC,SLC,brightYellow
2161292,2025,2025-01-18T02:00:00.000Z,2344549,Morgan Miller,Morgan,Miller,3,2,active,False,False,False,False,False,,False,,False,,False,,False,,LOVB Salt Lake,SLC,SLC,brightYellow
2161292,2025,2025-01-18T02:00:00.000Z,2344547,Maddie Haynes,Maddie,Haynes,4,2,active,False,False,False,False,False,,False,,True,6.0,False,,False,,LOVB Salt Lake,SLC,SLC,brightYellow
2161292,2025,2025-01-18T02:00:00.000Z,2344554,Skylar Fields,Skylar,Fields,5,3,active,False,False,False,False,False,,False,,True,5.0,True,5.0,True,4.0,LOVB Salt Lake,SLC,SLC,brightYellow
2161292,2025,2025-01-18T02:00:00.000Z,2344551,Tori Dixon,Tori,Dixon,6,4,active,False,False,False,False,True,1.0,True,6.0,True,1.0,True,1.0,True,6.0,LOVB Salt Lake,SLC,SLC,brightYellow
2161292,2025,2025-01-18T02:00:00.000Z,2349080,Sophie Fischer,Sophie,Fischer,7,4,active,False,False,False,False,False,,False,,False,,False,,False,,LOVB Salt Lake,SLC,SLC,brightYellow
2161292,2025,2025-01-18T02:00:00.000Z,2344550,Serena Gray,Serena,Gray,11,4,active,False,False,False,False,True,4.0,True,3.0,True,4.0,True,4.0,True,3.0,LOVB Salt Lake,SLC,SLC,brightYellow
2161292,2025,2025-01-18T02:00:00.000Z,2344546,Roni Jones-Perry,Roni,Jones-Perry,12,2,active,False,False,False,False,True,3.0,True,2.0,True,3.0,True,3.0,True,2.0,LOVB Salt Lake,SLC,SLC,brightYellow
2161292,2025,2025-01-18T02:00:00.000Z,2336979,Haleigh Washington,Haleigh,Washington,15,4,active,False,False,False,False,False,,False,,False,,False,,False,,LOVB Salt Lake,SLC,SLC,brightYellow
2161292,2025,2025-01-18T02:00:00.000Z,2342469,Manami Kojima,Manami,Kojima,16,1,active,True,False,False,True,False,,False,,False,,False,,False,,LOVB Salt Lake,SLC,SLC,brightYellow
2161292,2025,2025-01-18T02:00:00.000Z,2344545,Dani Drews,Dani,Drews,17,2,active,False,False,False,False,True,6.0,True,5.0,False,,False,,False,,LOVB Salt Lake,SLC,SLC,brightYellow
2161292,2025,2025-01-18T02:00:00.000Z,2344544,Mary Lake,Mary,Lake,18,1,active,False,False,False,False,False,,False,,False,,False,,False,,LOVB Salt Lake,SLC,SLC,brightYellow
2161292,2025,2025-01-18T02:00:00.000Z,2344548,Claire Hoffman,Claire,Hoffman,21,2,active,False,False,False,False,False,,False,,False,,True,6.0,True,5.0,LOVB Salt Lake,SLC,SLC,brightYellow
2161292,2025,2025-01-18T02:00:00.000Z,2344553,Heidy Casanova,Heidy,Casanova,33,3,active,True,False,False,False,True,5.0,True,4.0,False,,False,,False,,LOVB Salt Lake,SLC,SLC,brightYellow
2161293,2025,2025-01-19T00:00:00.000Z,2336969,Jordyn Poulter,Jordyn,Poulter,1,5,active,False,False,True,False,True,2.0,True,1.0,True,1.0,True,1.0,,,LOVB Salt Lake,SLC,SLC,brightYellow
2161293,2025,2025-01-19T00:00:00.000Z,2344542,Tamaki Matsui,Tamaki,Matsui,2,5,active,True,False,False,False,False,,False,,False,,False,,,,LOVB Salt Lake,SLC,SLC,brightYellow
2161293,2025,2025-01-19T00:00:00.000Z,2344549,Morgan Miller,Morgan,Miller,3,2,active,False,False,False,False,False,,False,,False,,False,,,,LOVB Salt Lake,SLC,SLC,brightYellow
2161293,2025,2025-01-19T00:00:00.000Z,2344547,Maddie Haynes,Maddie,Haynes,4,2,active,False,False,False,False,False,,True,2.0,False,,False,,,,LOVB Salt Lake,SLC,SLC,brightYellow
2161293,2025,2025-01-19T00:00:00.000Z,2344554,Skylar Fields,Skylar,Fields,5,3,active,False,False,False,False,True,5.0,True,4.0,False,,False,,,,LOVB Salt Lake,SLC,SLC,brightYellow
2161293,2025,2025-01-19T00:00:00.000Z,2344551,Tori Dixon,Tori,Dixon,6,4,active,False,False,False,False,True,1.0,True,6.0,True,6.0,True,6.0,,,LOVB Salt Lake,SLC,SLC,brightYellow
2161293,2025,2025-01-19T00:00:00.000Z,2349080,Sophie Fischer,Sophie,Fischer,7,4,active,False,False,False,False,False,,True,3.0,True,3.0,True,3.0,,,LOVB Salt Lake,SLC,SLC,brightYellow
2161293,2025,2025-01-19T00:00:00.000Z,2344550,Serena Gray,Serena,Gray,11,4,active,False,False,False,False,True,4.0,False,,False,,False,,,,LOVB Salt Lake,SLC,SLC,brightYellow
2161293,2025,2025-01-19T00:00:00.000Z,2344546,Roni Jones-Perry,Roni,Jones-Perry,12,2,active,False,False,False,False,True,6.0,False,,False,,False,,,,LOVB Salt Lake,SLC,SLC,brightYellow
2161293,2025,2025-01-19T00:00:00.000Z,2336979,Haleigh Washington,Haleigh,Washington,15,4,active,False,False,False,False,False,,False,,False,,False,,,,LOVB Salt Lake,SLC,SLC,brightYellow
2161293,2025,2025-01-19T00:00:00.000Z,2342469,Manami Kojima,Manami,Kojima,16,1,active,True,False,False,True,False,,False,,False,,False,,,,LOVB Salt Lake,SLC,SLC,brightYellow
2161293,2025,2025-01-19T00:00:00.000Z,2344545,Dani Drews,Dani,Drews,17,2,active,False,False,False,False,False,,False,,True,2.0,True,2.0,,,LOVB Salt Lake,SLC,SLC,brightYellow
2161293,2025,2025-01-19T00:00:00.000Z,2344544,Mary Lake,Mary,Lake,18,1,active,False,False,False,False,False,,False,,False,,False,,,,LOVB Salt Lake,SLC,SLC,brightYellow
2161293,2025,2025-01-19T00:00:00.000Z,2344548,Claire Hoffman,Claire,Hoffman,21,2,active,False,False,False,False,True,3.0,True,5.0,True,5.0,True,5.0,,,LOVB Salt Lake,SLC,SLC,brightYellow
2161293,2025,2025-01-19T00:00:00.000Z,2344553,Heidy Casanova,Heidy,Casanova,33,3,active,True,False,False,False,False,,False,,True,4.0,True,4.0,,,LOVB Salt Lake,SLC,SLC,brightYellow
2161293,2025,2025-01-19T00:00:00.000Z,2344621,Grace Frohling,Grace,Frohling,1,3,active,False,False,False,False,False,,False,,False,,False,,,,LOVB Houston,HTX,HTX,cornflowerBlue
2161293,2025,2025-01-19T00:00:00.000Z,2344616,Karin Palgutova,Karin,Palgutova,2,2,active,True,False,False,False,False,,False,,False,,False,,,,LOVB Houston,HTX,HTX,cornflowerBlue
2161293,2025,2025-01-19T00:00:00.000Z,2344618,Amber Igiede,Amber,Igiede,3,4,active,False,False,False,False,True,3.0,True,4.0,True,3.0,True,4.0,,,LOVB Houston,HTX,HTX,cornflowerBlue
2161293,2025,2025-01-19T00:00:00.000Z,2344612,Anna Pogany,Anna,Pogany,4,1,active,True,False,False,True,False,,False,,False,,False,,,,LOVB Houston,HTX,HTX,cornflowerBlue
2161293,2025,2025-01-19T00:00:00.000Z,2349315,Jess Mruzik,Jess,Mruzik,5,2,active,False,False,False,False,True,5.0,True,6.0,True,5.0,True,6.0,,,LOVB Houston,HTX,HTX,cornflowerBlue
2161293,2025,2025-01-19T00:00:00.000Z,2344617,Raphaela Folie,Raphaela,Folie,7,4,active,True,False,False,False,False,,False,,False,,False,,,,LOVB Houston,HTX,HTX,cornflowerBlue
2161293,2025,2025-01-19T00:00:00.000Z,2344619,Christina Bauer,Christina,Bauer,8,3,active,True,False,False,False,True,6.0,True,1.0,True,6.0,True,1.0,,,LOVB Houston,HTX,HTX,cornflowerBlue
2161293,2025,2025-01-19T00:00:00.000Z,2344614,Madi Rishel,Madi,Rishel,9,2,active,False,False,False,False,True,2.0,True,3.0,True,2.0,True,3.0,,,LOVB Houston,HTX,HTX,cornflowerBlue
2161293,2025,2025-01-19T00:00:00.000Z,2344611,Kaisa Alanko,Kaisa,Alanko,10,5,active,True,False,False,False,False,,False,,False,,False,,,,LOVB Houston,HTX,HTX,cornflowerBlue
2161293,2025,2025-01-19T00:00:00.000Z,2344620,Anita Anwusi,Anita,Anwusi,11,4,active,False,False,False,False,False,,False,,False,,False,,,,LOVB Houston,HTX,HTX,cornflowerBlue
2161293,2025,2025-01-19T00:00:00.000Z,2336967,Micha Hancock,Micha,Hancock,12,5,active,False,False,True,False,True,1.0,True,2.0,True,1.0,True,2.0,,,LOVB Houston,HTX,HTX,cornflowerBlue
2161293,2025,2025-01-19T00:00:00.000Z,2344622,Julia Brown,Julia,Brown,14,2,active,False,False,False,False,False,,False,,False,,False,,,,LOVB Houston,HTX,HTX,cornflowerBlue
2161293,2025,2025-01-19T00:00:00.000Z,2344615,Sara Loda,Sara,Loda,17,2,active,True,False,False,False,False,,False,,False,,False,,,,LOVB Houston,HTX,HTX,cornflowerBlue
2161293,2025,2025-01-19T00:00:00.000Z,2344613,Key Alves,Key,Alves,18,1,active,True,False,False,False,False,,False,,False,,False,,,,LOVB Houston,HTX,HTX,cornflowerBlue
2161293,2025,2025-01-19T00:00:00.000Z,2336977,Jordan Thompson,Jordan,Thompson,23,3,active,False,False,False,False,True,4.0,True,5.0,True,4.0,True,5.0,,,LOVB Houston,HTX,HTX,cornflowerBlue
2161294,2025,2025-01-19T03:00:00.000Z,2344576,Daly Santana,Daly,Santana,1,2,active,True,False,False,False,False,,False,,False,,False,,,,LOVB Madison,MAD,MAD,navy
2161294,2025,2025-01-19T03:00:00.000Z,2342510,Anna Hall,Anna,Hall,2,4,active,False,False,False,False,False,,False,,False,,False,,,,LOVB Madison,MAD,MAD,navy
2161294,2025,2025-01-19T03:00:00.000Z,2344581,Mariena Hayden,Mariena,Hayden,3,2,active,False,False,False,False,False,,False,,False,,False,,,,LOVB Madison,MAD,MAD,navy
2161294,2025,2025-01-19T03:00:00.000Z,2344577,Milica Medved,Milica,Medved,4,1,active,True,False,False,False,False,,False,,False,,False,,,,LOVB Madison,MAD,MAD,navy
2161294,2025,2025-01-19T03:00:00.000Z,2344578,Simin Wang,Simin,Wang,5,1,active,True,False,False,True,False,,False,,False,,False,,,,LOVB Madison,MAD,MAD,navy
2161294,2025,2025-01-19T03:00:00.000Z,2344579,Jennifer Janiska,Jennifer,Janiska,6,2,active,True,False,False,False,False,,False,,False,,False,,,,LOVB Madison,MAD,MAD,navy
2161294,2025,2025-01-19T03:00:00.000Z,2342508,Lauren Carlini,Lauren,Carlini,7,5,active,False,False,True,False,True,6.0,True,1.0,True,6.0,True,1.0,,,LOVB Madison,MAD,MAD,navy
2161294,2025,2025-01-19T03:00:00.000Z,2344584,Claire Felix,Claire,Felix,8,4,active,False,False,False,False,False,,False,,False,,False,,,,LOVB Madison,MAD,MAD,navy
2161294,2025,2025-01-19T03:00:00.000Z,2344580,Claire Chaussee,Claire,Chaussee,9,2,active,False,False,False,False,True,1.0,True,2.0,True,1.0,True,5.0,,,LOVB Madison,MAD,MAD,navy
2161294,2025,2025-01-19T03:00:00.000Z,2344583,Taylor Sandbothe,Taylor,Sandbothe,10,4,active,False,False,False,False,True,2.0,True,3.0,True,2.0,True,3.0,,,LOVB Madison,MAD,MAD,navy
2161294,2025,2025-01-19T03:00:00.000Z,2342509,Annie Schumacher,Annie,Schumacher,11,3,active,False,False,False,False,False,,False,,False,,False,,,,LOVB Madison,MAD,MAD,navy
2161294,2025,2025-01-19T03:00:00.000Z,2344582,Temi Thomas-Ailara,Temi,Thomas-Ailara,12,3,active,False,False,False,False,True,3.0,True,4.0,True,3.0,True,4.0,,,LOVB Madison,MAD,MAD,navy
2161294,2025,2025-01-19T03:00:00.000Z,2349141,Sarah Franklin,Sarah,Franklin,13,2,active,False,False,False,False,True,4.0,True,5.0,True,4.0,True,2.0,,,LOVB Madison,MAD,MAD,navy
2161294,2025,2025-01-19T03:00:00.000Z,2344575,Danica Markovic,Danica,Markovic,14,5,active,True,False,False,False,False,,False,,False,,False,,,,LOVB Madison,MAD,MAD,navy
2161294,2025,2025-01-19T03:00:00.000Z,2349077,Ana Correa,Ana,Correa,27,4,active,True,False,False,False,True,5.0,True,6.0,True,5.0,True,6.0,,,LOVB Madison,MAD,MAD,navy
2161294,2025,2025-01-19T03:00:00.000Z,2349314,Lexi Rodriguez,Lexi,Rodriguez,1,1,active,False,False,False,False,False,,False,,False,,False,,,,LOVB Omaha,OMA,OMA,shamrock
2161294,2025,2025-01-19T03:00:00.000Z,2344593,Emily Thater,Emily,Thater,2,4,active,False,False,False,False,True,6.0,True,6.0,True,6.0,True,6.0,,,LOVB Omaha,OMA,OMA,shamrock
2161294,2025,2025-01-19T03:00:00.000Z,2344587,Annie Cesar,Annie,Cesar,3,1,active,True,False,False,False,False,,False,,False,,False,,,,LOVB Omaha,OMA,OMA,shamrock
2161294,2025,2025-01-19T03:00:00.000Z,2336972,Justine Wong-Orantes,Justine,Wong-Orantes,4,1,active,False,False,False,True,False,,False,,False,,False,,,,LOVB Omaha,OMA,OMA,shamrock
2161294,2025,2025-01-19T03:00:00.000Z,2344589,Jaali Winters,Jaali,Winters,5,2,active,False,False,False,False,True,2.0,True,2.0,True,2.0,True,2.0,,,LOVB Omaha,OMA,OMA,shamrock
2161294,2025,2025-01-19T03:00:00.000Z,2344590,Vicky Savard,Vicky,Savard,7,2,active,True,False,False,False,False,,False,,False,,False,,,,LOVB Omaha,OMA,OMA,shamrock
2161294,2025,2025-01-19T03:00:00.000Z,2344596,Kimberly Drewniok,Kimberly,Drewniok,8,3,active,True,False,False,False,True,4.0,True,4.0,True,4.0,True,4.0,,,LOVB Omaha,OMA,OMA,shamrock
2161294,2025,2025-01-19T03:00:00.000Z,2336975,Jordan Larson,Jordan,Larson,10,2,active,False,False,True,False,True,5.0,True,5.0,True,5.0,True,5.0,,,LOVB Omaha,OMA,OMA,shamrock
2161294,2025,2025-01-19T03:00:00.000Z,2344591,Amber Stivrins,Amber,Stivrins,11,2,active,False,False,False,False,False,,False,,False,,False,,,,LOVB Omaha,OMA,OMA,shamrock
2161294,2025,2025-01-19T03:00:00.000Z,2344597,Audriana Fitzmorris,Audriana,Fitzmorris,12,3,active,False,False,False,False,False,,False,,False,,False,,,,LOVB Omaha,OMA,OMA,shamrock
2161294,2025,2025-01-19T03:00:00.000Z,2344586,Gabby Blossom,Gabby,Blossom,13,5,active,False,False,False,False,False,,False,,False,,False,,,,LOVB Omaha,OMA,OMA,shamrock
2161294,2025,2025-01-19T03:00:00.000Z,2344585,Laura Dijkema,Laura,Dijkema,14,5,active,True,False,False,False,True,1.0,True,1.0,True,1.0,True,1.0,,,LOVB Omaha,OMA,OMA,shamrock
2161294,2025,2025-01-19T03:00:00.000Z,2344592,Candelaria Herrera,Candelaria,Herrera,17,4,active,True,False,False,False,True,3.0,True,3.0,True,3.0,True,3.0,,,LOVB Omaha,OMA,OMA,shamrock
2161294,2025,2025-01-19T03:00:00.000Z,2344595,Lauren Stivrins,Lauren,Stivrins,26,4,active,False,False,False,False,False,,False,,False,,False,,,,LOVB Omaha,OMA,OMA,shamrock
2161294,2025,2025-01-19T03:00:00.000Z,2344588,Madi Kubik-Banks,Madi,Kubik-Banks,33,2,active,False,False,False,False,False,,False,,False,,False,,,,LOVB Omaha,OMA,OMA,shamrock
2161295,2025,2025-01-23T02:00:00.000Z,2336969,Jordyn Poulter,Jordyn,Poulter,1,5,active,False,False,True,False,True,6.0,True,6.0,True,6.0,True,6.0,,,LOVB Salt Lake,SLC,SLC,platinum
2161295,2025,2025-01-23T02:00:00.000Z,2344542,Tamaki Matsui,Tamaki,Matsui,2,5,active,True,False,False,False,False,,False,,False,,False,,,,LOVB Salt Lake,SLC,SLC,platinum
2161295,2025,2025-01-23T02:00:00.000Z,2344549,Morgan Miller,Morgan,Miller,3,2,active,False,False,False,False,False,,False,,False,,False,,,,LOVB Salt Lake,SLC,SLC,platinum
2161295,2025,2025-01-23T02:00:00.000Z,2344547,Maddie Haynes,Maddie,Haynes,4,2,active,False,False,False,False,False,,False,,False,,False,,,,LOVB Salt Lake,SLC,SLC,platinum
2161295,2025,2025-01-23T02:00:00.000Z,2344554,Skylar Fields,Skylar,Fields,5,3,active,False,False,False,False,True,3.0,True,3.0,True,3.0,True,3.0,,,LOVB Salt Lake,SLC,SLC,platinum
2161295,2025,2025-01-23T02:00:00.000Z,2344551,Tori Dixon,Tori,Dixon,6,4,active,False,False,False,False,True,5.0,True,5.0,True,5.0,True,5.0,,,LOVB Salt Lake,SLC,SLC,platinum
2161295,2025,2025-01-23T02:00:00.000Z,2349080,Sophie Fischer,Sophie,Fischer,7,4,active,False,False,False,False,True,2.0,True,2.0,True,2.0,True,2.0,,,LOVB Salt Lake,SLC,SLC,platinum
2161295,2025,2025-01-23T02:00:00.000Z,2344550,Serena Gray,Serena,Gray,11,4,active,False,False,False,False,False,,False,,False,,False,,,,LOVB Salt Lake,SLC,SLC,platinum
2161295,2025,2025-01-23T02:00:00.000Z,2344546,Roni Jones-Perry,Roni,Jones-Perry,12,2,active,False,False,False,False,True,1.0,True,1.0,True,1.0,True,1.0,,,LOVB Salt Lake,SLC,SLC,platinum
2161295,2025,2025-01-23T02:00:00.000Z,2336979,Haleigh Washington,Haleigh,Washington,15,4,active,False,False,False,False,False,,False,,False,,False,,,,LOVB Salt Lake,SLC,SLC,platinum
2161295,2025,2025-01-23T02:00:00.000Z,2342469,Manami Kojima,Manami,Kojima,16,1,active,True,False,False,True,False,,False,,False,,False,,,,LOVB Salt Lake,SLC,SLC,platinum
2161295,2025,2025-01-23T02:00:00.000Z,2344545,Dani Drews,Dani,Drews,17,2,active,False,False,False,False,True,4.0,True,4.0,True,4.0,True,4.0,,,LOVB Salt Lake,SLC,SLC,platinum
2161295,2025,2025-01-23T02:00:00.000Z,2344544,Mary Lake,Mary,Lake,18,1,active,False,False,False,False,False,,False,,False,,False,,,,LOVB Salt Lake,SLC,SLC,platinum
2161295,2025,2025-01-23T02:00:00.000Z,2344548,Claire Hoffman,Claire,Hoffman,21,2,active,False,False,False,False,False,,False,,False,,False,,,,LOVB Salt Lake,SLC,SLC,platinum
2161295,2025,2025-01-23T02:00:00.000Z,2344553,Heidy Casanova,Heidy,Casanova,33,3,active,True,False,False,False,False,,False,,False,,False,,,,LOVB Salt Lake,SLC,SLC,platinum
2161295,2025,2025-01-23T02:00:00.000Z,2344621,Grace Frohling,Grace,Frohling,1,3,active,False,False,False,False,False,,False,,False,,False,,,,LOVB Houston,HTX,HTX,vanilla
2161295,2025,2025-01-23T02:00:00.000Z,2344616,Karin Palgutova,Karin,Palgutova,2,2,active,True,False,False,False,False,,False,,False,,False,,,,LOVB Houston,HTX,HTX,vanilla
2161295,2025,2025-01-23T02:00:00.000Z,2344618,Amber Igiede,Amber,Igiede,3,4,active,False,False,False,False,True,3.0,True,4.0,True,4.0,True,5.0,,,LOVB Houston,HTX,HTX,vanilla
2161295,2025,2025-01-23T02:00:00.000Z,2344612,Anna Pogany,Anna,Pogany,4,1,active,True,False,False,True,False,,False,,False,,False,,,,LOVB Houston,HTX,HTX,vanilla
2161295,2025,2025-01-23T02:00:00.000Z,2349315,Jess Mruzik,Jess,Mruzik,5,2,active,False,False,False,False,True,5.0,True,6.0,True,6.0,True,4.0,,,LOVB Houston,HTX,HTX,vanilla
2161295,2025,2025-01-23T02:00:00.000Z,2344617,Raphaela Folie,Raphaela,Folie,7,4,active,True,False,False,False,False,,False,,False,,False,,,,LOVB Houston,HTX,HTX,vanilla
2161295,2025,2025-01-23T02:00:00.000Z,2344619,Christina Bauer,Christina,Bauer,8,3,active,True,False,False,False,True,6.0,True,1.0,True,1.0,True,2.0,,,LOVB Houston,HTX,HTX,vanilla
2161295,2025,2025-01-23T02:00:00.000Z,2344614,Madi Kingdon Rishel,Madi,Kingdon Rishel,9,2,active,False,False,False,False,True,2.0,True,3.0,True,3.0,True,1.0,,,LOVB Houston,HTX,HTX,vanilla
2161295,2025,2025-01-23T02:00:00.000Z,2344611,Kaisa Alanko,Kaisa,Alanko,10,5,active,True,False,False,False,False,,False,,False,,False,,,,LOVB Houston,HTX,HTX,vanilla
2161295,2025,2025-01-23T02:00:00.000Z,2344620,Anita Anwusi,Anita,Anwusi,11,4,active,False,False,False,False,False,,False,,False,,False,,,,LOVB Houston,HTX,HTX,vanilla
2161295,2025,2025-01-23T02:00:00.000Z,2336967,Micha Hancock,Micha,Hancock,12,5,active,False,False,True,False,True,1.0,True,2.0,True,2.0,True,3.0,,,LOVB Houston,HTX,HTX,vanilla
2161295,2025,2025-01-23T02:00:00.000Z,2344622,Julia Brown,Julia,Brown,14,2,active,False,False,False,False,False,,False,,False,,False,,,,LOVB Houston,HTX,HTX,vanilla
2161295,2025,2025-01-23T02:00:00.000Z,2344615,Sara Loda,Sara,Loda,17,2,active,True,False,False,False,False,,False,,False,,False,,,,LOVB Houston,HTX,HTX,vanilla
2161295,2025,2025-01-23T02:00:00.000Z,2344613,Key Alves,Key,Alves,18,1,active,True,False,False,False,False,,False,,False,,False,,,,LOVB Houston,HTX,HTX,vanilla
2161295,2025,2025-01-23T02:00:00.000Z,2336977,Jordan Thompson,Jordan,Thompson,23,3,active,False,False,False,False,True,4.0,True,5.0,True,5.0,True,6.0,,,LOVB Houston,HTX,HTX,vanilla
2161296,2025,2025-01-25T01:00:00.000Z,2349314,Lexi Rodriguez,Lexi,Rodriguez,1,1,active,False,False,False,False,False,,False,,False,,False,,,,LOVB Omaha,OMA,OMA,emerald
2161296,2025,2025-01-25T01:00:00.000Z,2344593,Emily Thater,Emily,Thater,2,4,active,False,False,False,False,True,6.0,True,6.0,True,1.0,True,5.0,,,LOVB Omaha,OMA,OMA,emerald
2161296,2025,2025-01-25T01:00:00.000Z,2344587,Annie Cesar,Annie,Cesar,3,1,active,True,False,False,False,False,,False,,False,,False,,,,LOVB Omaha,OMA,OMA,emerald
2161296,2025,2025-01-25T01:00:00.000Z,2336972,Justine Wong-Orantes,Justine,Wong-Orantes,4,1,active,False,False,False,True,False,,False,,False,,False,,,,LOVB Omaha,OMA,OMA,emerald
2161296,2025,2025-01-25T01:00:00.000Z,2344589,Jaali Winters,Jaali,Winters,5,2,active,False,False,False,False,True,5.0,True,5.0,True,6.0,True,4.0,,,LOVB Omaha,OMA,OMA,emerald
2161296,2025,2025-01-25T01:00:00.000Z,2344590,Vicky Savard,Vicky,Savard,7,2,active,True,False,False,False,False,,False,,False,,False,,,,LOVB Omaha,OMA,OMA,emerald
2161296,2025,2025-01-25T01:00:00.000Z,2344596,Kimberly Drewniok,Kimberly,Drewniok,8,3,active,True,False,False,False,True,4.0,True,4.0,True,5.0,True,3.0,,,LOVB Omaha,OMA,OMA,emerald
2161296,2025,2025-01-25T01:00:00.000Z,2336975,Jordan Larson,Jordan,Larson,10,2,active,False,False,True,False,True,2.0,True,2.0,True,3.0,True,1.0,,,LOVB Omaha,OMA,OMA,emerald
2161296,2025,2025-01-25T01:00:00.000Z,2344591,Amber Stivrins,Amber,Stivrins,11,2,active,False,False,False,False,False,,False,,False,,False,,,,LOVB Omaha,OMA,OMA,emerald
2161296,2025,2025-01-25T01:00:00.000Z,2344597,Audriana Fitzmorris,Audriana,Fitzmorris,12,3,active,False,False,False,False,False,,False,,False,,False,,,,LOVB Omaha,OMA,OMA,emerald
2161296,2025,2025-01-25T01:00:00.000Z,2344586,Gabby Blossom,Gabby,Blossom,13,5,active,False,False,False,False,False,,False,,False,,False,,,,LOVB Omaha,OMA,OMA,emerald
2161296,2025,2025-01-25T01:00:00.000Z,2344585,Laura Dijkema,Laura,Dijkema,14,5,active,True,False,False,False,True,1.0,True,1.0,True,2.0,True,6.0,,,LOVB Omaha,OMA,OMA,emerald
2161296,2025,2025-01-25T01:00:00.000Z,2344592,Candelaria Herrera,Candelaria,Herrera,17,4,active,True,False,False,False,True,3.0,True,3.0,True,4.0,True,2.0,,,LOVB Omaha,OMA,OMA,emerald
2161296,2025,2025-01-25T01:00:00.000Z,2344595,Lauren Stivrins,Lauren,Stivrins,26,4,active,False,False,False,False,False,,False,,False,,False,,,,LOVB Omaha,OMA,OMA,emerald
2161296,2025,2025-01-25T01:00:00.000Z,2344588,Madi Kubik-Banks,Madi,Kubik-Banks,33,2,active,False,False,False,False,False,,False,,False,,False,,,,LOVB Omaha,OMA,OMA,emerald
2161296,2025,2025-01-25T01:00:00.000Z,2344576,Daly Santana,Daly,Santana,1,2,active,True,False,False,False,False,,False,,False,,False,,,,LOVB Madison,MAD,MAD,babyBlue
2161296,2025,2025-01-25T01:00:00.000Z,2342510,Anna Hall,Anna,Hall,2,4,active,False,False,False,False,True,3.0,True,4.0,True,3.0,True,4.0,,,LOVB Madison,MAD,MAD,babyBlue
2161296,2025,2025-01-25T01:00:00.000Z,2344581,Mariena Hayden,Mariena,Hayden,3,2,active,False,False,False,False,False,,False,,False,,False,,,,LOVB Madison,MAD,MAD,babyBlue
2161296,2025,2025-01-25T01:00:00.000Z,2344577,Milica Medved,Milica,Medved,4,1,active,True,False,False,False,False,,False,,False,,False,,,,LOVB Madison,MAD,MAD,babyBlue
2161296,2025,2025-01-25T01:00:00.000Z,2344578,Simin Wang,Simin,Wang,5,1,active,True,False,False,True,False,,False,,False,,False,,,,LOVB Madison,MAD,MAD,babyBlue
2161296,2025,2025-01-25T01:00:00.000Z,2344579,Jennifer Janiska,Jennifer,Janiska,6,2,active,True,False,False,False,False,,False,,False,,False,,,,LOVB Madison,MAD,MAD,babyBlue
2161296,2025,2025-01-25T01:00:00.000Z,2342508,Lauren Carlini,Lauren,Carlini,7,5,active,False,False,True,False,True,1.0,True,2.0,True,1.0,True,2.0,,,LOVB Madison,MAD,MAD,babyBlue
2161296,2025,2025-01-25T01:00:00.000Z,2344584,Claire Felix,Claire,Felix,8,4,active,False,False,False,False,False,,False,,False,,False,,,,LOVB Madison,MAD,MAD,babyBlue
2161296,2025,2025-01-25T01:00:00.000Z,2344580,Claire Chaussee,Claire,Chaussee,9,2,active,False,False,False,False,True,2.0,True,3.0,True,2.0,True,6.0,,,LOVB Madison,MAD,MAD,babyBlue
2161296,2025,2025-01-25T01:00:00.000Z,2344583,Taylor Sandbothe,Taylor,Sandbothe,10,4,active,False,False,False,False,True,6.0,True,1.0,True,6.0,True,1.0,,,LOVB Madison,MAD,MAD,babyBlue
2161296,2025,2025-01-25T01:00:00.000Z,2342509,Annie Drews Schumacher,Annie,Drews Schumacher,11,3,active,False,False,False,False,False,,False,,False,,False,,,,LOVB Madison,MAD,MAD,babyBlue
2161296,2025,2025-01-25T01:00:00.000Z,2344582,Temi Thomas-Ailara,Temi,Thomas-Ailara,12,3,active,False,False,False,False,True,4.0,True,5.0,True,4.0,True,5.0,,,LOVB Madison,MAD,MAD,babyBlue
2161296,2025,2025-01-25T01:00:00.000Z,2349141,Sarah Franklin,Sarah,Franklin,13,2,active,False,False,False,False,True,5.0,True,6.0,True,5.0,True,3.0,,,LOVB Madison,MAD,MAD,babyBlue
2161296,2025,2025-01-25T01:00:00.000Z,2344575,Danica Markovic,Danica,Markovic,14,5,active,True,False,False,False,False,,False,,False,,False,,,,LOVB Madison,MAD,MAD,babyBlue
2161296,2025,2025-01-25T01:00:00.000Z,2349077,Ana Beatriz Correa,Ana Beatriz,Correa,27,4,active,True,False,False,False,False,,False,,False,,False,,,,LOVB Madison,MAD,MAD,babyBlue
2161297,2025,2025-01-25T22:30:00.000Z,2344576,Daly Santana,Daly,Santana,1,2,active,True,False,False,False,False,,True,5.0,True,5.0,True,4.0,True,4.0,LOVB Madison,MAD,MAD,sapphire
2161297,2025,2025-01-25T22:30:00.000Z,2342510,Anna Hall,Anna,Hall,2,4,active,False,False,False,False,True,6.0,True,3.0,False,,True,5.0,True,2.0,LOVB Madison,MAD,MAD,sapphire
2161297,2025,2025-01-25T22:30:00.000Z,2344581,Mariena Hayden,Mariena,Hayden,3,2,active,False,False,False,False,False,,False,,False,,False,,False,,LOVB Madison,MAD,MAD,sapphire
2161297,2025,2025-01-25T22:30:00.000Z,2344577,Milica Medved,Milica,Medved,4,1,active,True,False,False,False,False,,False,,False,,False,,False,,LOVB Madison,MAD,MAD,sapphire
2161297,2025,2025-01-25T22:30:00.000Z,2344578,Simin Wang,Simin,Wang,5,1,active,True,False,False,True,False,,False,,False,,False,,False,,LOVB Madison,MAD,MAD,sapphire
2161297,2025,2025-01-25T22:30:00.000Z,2344579,Jennifer Janiska,Jennifer,Janiska,6,2,active,True,False,False,False,False,,False,,True,2.0,True,1.0,True,1.0,LOVB Madison,MAD,MAD,sapphire
2161297,2025,2025-01-25T22:30:00.000Z,2342508,Lauren Carlini,Lauren,Carlini,7,5,active,False,False,True,False,True,4.0,True,1.0,True,1.0,True,6.0,True,6.0,LOVB Madison,MAD,MAD,sapphire
2161297,2025,2025-01-25T22:30:00.000Z,2344584,Claire Felix,Claire,Felix,8,4,active,False,False,False,False,False,,False,,False,,False,,False,,LOVB Madison,MAD,MAD,sapphire
2161297,2025,2025-01-25T22:30:00.000Z,2344580,Claire Chaussee,Claire,Chaussee,9,2,active,False,False,False,False,True,2.0,False,,False,,False,,False,,LOVB Madison,MAD,MAD,sapphire
2161297,2025,2025-01-25T22:30:00.000Z,2344583,Taylor Sandbothe,Taylor,Sandbothe,10,4,active,False,False,False,False,False,,False,,True,3.0,True,2.0,True,5.0,LOVB Madison,MAD,MAD,sapphire
2161297,2025,2025-01-25T22:30:00.000Z,2342509,Annie Drews Schumacher,Annie,Drews Schumacher,11,3,active,False,False,False,False,False,,False,,False,,False,,False,,LOVB Madison,MAD,MAD,sapphire
2161297,2025,2025-01-25T22:30:00.000Z,2344582,Temi Thomas-Ailara,Temi,Thomas-Ailara,12,3,active,False,False,False,False,True,1.0,True,4.0,True,4.0,True,3.0,False,,LOVB Madison,MAD,MAD,sapphire
2161297,2025,2025-01-25T22:30:00.000Z,2349141,Sarah Franklin,Sarah,Franklin,13,2,active,False,False,False,False,True,5.0,True,2.0,False,,False,,True,3.0,LOVB Madison,MAD,MAD,sapphire
2161297,2025,2025-01-25T22:30:00.000Z,2344575,Danica Markovic,Danica,Markovic,14,5,active,True,False,False,False,False,,False,,False,,False,,False,,LOVB Madison,MAD,MAD,sapphire
2161297,2025,2025-01-25T22:30:00.000Z,2349077,Ana Beatriz Correa,Ana Beatriz,Correa,27,4,active,True,False,False,False,True,3.0,True,6.0,True,6.0,False,,False,,LOVB Madison,MAD,MAD,sapphire
2161297,2025,2025-01-25T22:30:00.000Z,2344566,Piyanut Pannoy,Piyanut,Pannoy,2,1,active,True,False,False,True,False,,False,,False,,False,,False,,LOVB Atlanta,ATL,ATL,hotPink
2161297,2025,2025-01-25T22:30:00.000Z,2344565,Marta Bechis,Marta,Bechis,3,5,active,True,False,False,False,False,,False,,False,,False,,False,,LOVB Atlanta,ATL,ATL,hotPink
2161297,2025,2025-01-25T22:30:00.000Z,2344568,Jessica Rivero Marin,Jessica,Rivero Marin,4,2,active,True,False,False,False,False,,False,,False,,False,,False,,LOVB Atlanta,ATL,ATL,hotPink
2161297,2025,2025-01-25T22:30:00.000Z,2344571,Kayla Haneline,Kayla,Haneline,8,4,active,False,False,False,False,True,3.0,True,2.0,False,,False,,False,,LOVB Atlanta,ATL,ATL,hotPink
2161297,2025,2025-01-25T22:30:00.000Z,2344564,Iga Wasilewska,Iga,Wasilewska,9,4,active,True,False,False,False,False,,False,,False,,False,,False,,LOVB Atlanta,ATL,ATL,hotPink
2161297,2025,2025-01-25T22:30:00.000Z,2344427,Madi Bugg,Madi,Bugg,10,5,active,False,False,False,False,False,,False,,False,,False,,False,,LOVB Atlanta,ATL,ATL,hotPink
2161297,2025,2025-01-25T22:30:00.000Z,2349081,Onye Ofoegbu,Onye,Ofoegbu,11,4,active,False,False,False,False,False,,False,,False,,False,,False,,LOVB Atlanta,ATL,ATL,hotPink
2161297,2025,2025-01-25T22:30:00.000Z,2351343,Rachel Fairbanks,Rachel,Fairbanks,12,5,active,False,False,False,False,True,1.0,True,6.0,True,1.0,True,6.0,True,1.0,LOVB Atlanta,ATL,ATL,hotPink
2161297,2025,2025-01-25T22:30:00.000Z,2344425,McKenzie Adams,McKenzie,Adams,13,2,active,False,False,False,False,True,5.0,True,4.0,True,5.0,True,4.0,True,5.0,LOVB Atlanta,ATL,ATL,hotPink
2161297,2025,2025-01-25T22:30:00.000Z,2344570,Tia Jimerson,Tia,Jimerson,14,4,active,False,False,False,False,True,6.0,True,5.0,True,6.0,True,5.0,True,6.0,LOVB Atlanta,ATL,ATL,hotPink
2161297,2025,2025-01-25T22:30:00.000Z,2344573,Magdalena Jehlarova,Magdalena,Jehlarova,15,4,active,True,False,False,False,False,,False,,True,3.0,True,2.0,True,3.0,LOVB Atlanta,ATL,ATL,hotPink
2161297,2025,2025-01-25T22:30:00.000Z,2344567,Beatrice Negretti,Beatrice,Negretti,16,1,active,True,False,False,False,False,,False,,False,,False,,False,,LOVB Atlanta,ATL,ATL,hotPink
2161297,2025,2025-01-25T22:30:00.000Z,2344574,Tessa Grubbs,Tessa,Grubbs,17,3,active,False,False,False,False,True,4.0,True,3.0,True,4.0,True,3.0,True,4.0,LOVB Atlanta,ATL,ATL,hotPink
2161297,2025,2025-01-25T22:30:00.000Z,2344572,Danielle Cuttino,Danielle,Cuttino,20,3,active,False,False,False,False,False,,False,,False,,False,,False,,LOVB Atlanta,ATL,ATL,hotPink
2161297,2025,2025-01-25T22:30:00.000Z,2342511,Kelsey Cook,Kelsey,Cook,23,2,active,False,False,True,False,True,2.0,True,1.0,True,2.0,True,1.0,True,2.0,LOVB Atlanta,ATL,ATL,hotPink
2161297,2025,2025-01-25T22:30:00.000Z,2344569,Gia Day,Gia,Day,77,2,active,False,False,False,False,False,,False,,False,,False,,False,,LOVB Atlanta,ATL,ATL,hotPink
2161298,2025,2025-01-26T01:00:00.000Z,2349314,Lexi Rodriguez,Lexi,Rodriguez,1,1,active,False,False,False,False,False,,False,,False,,,,,,LOVB Omaha,OMA,OMA,apple
2161298,2025,2025-01-26T01:00:00.000Z,2344593,Emily Thater,Emily,Thater,2,4,active,False,False,False,False,True,1.0,True,6.0,True,6.0,,,,,LOVB Omaha,OMA,OMA,apple
2161298,2025,2025-01-26T01:00:00.000Z,2344587,Annie Cesar,Annie,Cesar,3,1,active,True,False,False,False,False,,False,,False,,,,,,LOVB Omaha,OMA,OMA,apple
2161298,2025,2025-01-26T01:00:00.000Z,2336972,Justine Wong-Orantes,Justine,Wong-Orantes,4,1,active,False,False,False,True,False,,False,,False,,,,,,LOVB Omaha,OMA,OMA,apple
2161298,2025,2025-01-26T01:00:00.000Z,2344589,Jaali Winters,Jaali,Winters,5,2,active,False,False,False,False,False,,False,,True,5.0,,,,,LOVB Omaha,OMA,OMA,apple
2161298,2025,2025-01-26T01:00:00.000Z,2344590,Vicky Savard,Vicky,Savard,7,2,active,True,False,False,False,True,6.0,True,5.0,False,,,,,,LOVB Omaha,OMA,OMA,apple
2161298,2025,2025-01-26T01:00:00.000Z,2344596,Kimberly Drewniok,Kimberly,Drewniok,8,3,active,True,False,False,False,True,5.0,True,4.0,False,,,,,,LOVB Omaha,OMA,OMA,apple
2161298,2025,2025-01-26T01:00:00.000Z,2336975,Jordan Larson,Jordan,Larson,10,2,active,False,False,True,False,True,3.0,True,2.0,True,2.0,,,,,LOVB Omaha,OMA,OMA,apple
2161298,2025,2025-01-26T01:00:00.000Z,2344591,Amber Stivrins,Amber,Stivrins,11,2,active,False,False,False,False,False,,False,,False,,,,,,LOVB Omaha,OMA,OMA,apple
2161298,2025,2025-01-26T01:00:00.000Z,2344597,Audriana Fitzmorris,Audriana,Fitzmorris,12,3,active,False,False,False,False,False,,False,,True,4.0,,,,,LOVB Omaha,OMA,OMA,apple
2161298,2025,2025-01-26T01:00:00.000Z,2344586,Gabby Blossom,Gabby,Blossom,13,5,active,False,False,False,False,False,,False,,False,,,,,,LOVB Omaha,OMA,OMA,apple
2161298,2025,2025-01-26T01:00:00.000Z,2344585,Laura Dijkema,Laura,Dijkema,14,5,active,True,False,False,False,True,2.0,True,1.0,True,1.0,,,,,LOVB Omaha,OMA,OMA,apple
2161298,2025,2025-01-26T01:00:00.000Z,2344592,Candelaria Herrera,Candelaria,Herrera,17,4,active,True,False,False,False,True,4.0,True,3.0,True,3.0,,,,,LOVB Omaha,OMA,OMA,apple
2161298,2025,2025-01-26T01:00:00.000Z,2344595,Lauren Stivrins,Lauren,Stivrins,26,4,active,False,False,False,False,False,,False,,False,,,,,,LOVB Omaha,OMA,OMA,apple
2161298,2025,2025-01-26T01:00:00.000Z,2344588,Madi Kubik-Banks,Madi,Kubik-Banks,33,2,active,False,False,False,False,False,,False,,False,,,,,,LOVB Omaha,OMA,OMA,apple
2161298,2025,2025-01-26T01:00:00.000Z,2344609,Khat Bell,Khat,Bell,1,3,active,False,False,False,False,False,,False,,False,,,,,,LOVB Austin,ATX,ATX,violet
2161298,2025,2025-01-26T01:00:00.000Z,2344604,Leah Hardeman,Leah,Hardeman,2,2,active,False,False,False,False,False,,False,,False,,,,,,LOVB Austin,ATX,ATX,violet
2161298,2025,2025-01-26T01:00:00.000Z,2344598,Carli Lloyd,Carli,Lloyd,3,5,active,False,False,True,False,False,,False,,False,,,,,,LOVB Austin,ATX,ATX,violet
2161298,2025,2025-01-26T01:00:00.000Z,2344608,Molly McCage,Molly,McCage,5,4,active,False,False,False,False,True,6.0,True,6.0,True,6.0,,,,,LOVB Austin,ATX,ATX,violet
2161298,2025,2025-01-26T01:00:00.000Z,2344603,Alessia Gennari,Alessia,Gennari,6,2,active,True,False,False,False,False,,False,,False,,,,,,LOVB Austin,ATX,ATX,violet
2161298,2025,2025-01-26T01:00:00.000Z,2344607,Asjia O´Neal,Asjia,O´Neal,7,4,active,False,False,False,False,False,,False,,False,,,,,,LOVB Austin,ATX,ATX,violet
2161298,2025,2025-01-26T01:00:00.000Z,2344600,Saige Ka'aha'aina-Torres,Saige,Ka'aha'aina-Torres,9,5,active,False,False,False,False,True,1.0,True,1.0,True,1.0,,,,,LOVB Austin,ATX,ATX,violet
2161298,2025,2025-01-26T01:00:00.000Z,2344601,Zoe Jarvis,Zoe,Jarvis,10,1,active,False,False,False,False,False,,False,,False,,,,,,LOVB Austin,ATX,ATX,violet
2161298,2025,2025-01-26T01:00:00.000Z,2336983,Chiaka Ogbogu,Chiaka,Ogbogu,11,4,active,False,False,False,False,True,3.0,True,3.0,True,3.0,,,,,LOVB Austin,ATX,ATX,violet
2161298,2025,2025-01-26T01:00:00.000Z,2344610,Carly DeHoog,Carly,DeHoog,12,2,active,False,False,False,False,False,,False,,False,,,,,,LOVB Austin,ATX,ATX,violet
2161298,2025,2025-01-26T01:00:00.000Z,2344606,Juliann Faucette,Juliann,Faucette,13,2,active,False,False,False,False,False,,False,,False,,,,,,LOVB Austin,ATX,ATX,violet
2161298,2025,2025-01-26T01:00:00.000Z,2344602,Kotoe Inoue,Kotoe,Inoue,15,1,active,True,False,False,True,False,,False,,False,,,,,,LOVB Austin,ATX,ATX,violet
2161298,2025,2025-01-26T01:00:00.000Z,2349176,Madisen Skinner,Madisen,Skinner,16,3,active,False,False,False,False,True,4.0,True,4.0,True,4.0,,,,,LOVB Austin,ATX,ATX,violet
2161298,2025,2025-01-26T01:00:00.000Z,2344605,Anna Haak,Anna,Haak,17,2,active,True,False,False,False,True,2.0,True,2.0,True,2.0,,,,,LOVB Austin,ATX,ATX,violet
2161298,2025,2025-01-26T01:00:00.000Z,2344599,Logan Eggleston,Logan,Eggleston,33,2,active,False,False,False,False,True,5.0,True,5.0,True,5.0,,,,,LOVB Austin,ATX,ATX,violet
2161299,2025,2025-01-30T01:00:00.000Z,2344576,Daly Santana,Daly,Santana,1,2,active,True,False,False,False,True,1.0,False,,True,5.0,,,,,LOVB Madison,MAD,MAD,babyBlue
2161299,2025,2025-01-30T01:00:00.000Z,2342510,Anna Hall,Anna,Hall,2,4,active,False,False,False,False,False,,False,,True,3.0,,,,,LOVB Madison,MAD,MAD,babyBlue
2161299,2025,2025-01-30T01:00:00.000Z,2344581,Mariena Hayden,Mariena,Hayden,3,2,active,False,False,False,False,False,,False,,False,,,,,,LOVB Madison,MAD,MAD,babyBlue
2161299,2025,2025-01-30T01:00:00.000Z,2344577,Milica Medved,Milica,Medved,4,1,active,True,False,False,False,False,,False,,False,,,,,,LOVB Madison,MAD,MAD,babyBlue
2161299,2025,2025-01-30T01:00:00.000Z,2344578,Simin Wang,Simin,Wang,5,1,active,True,False,False,True,False,,False,,False,,,,,,LOVB Madison,MAD,MAD,babyBlue
2161299,2025,2025-01-30T01:00:00.000Z,2344579,Jennifer Janiska,Jennifer,Janiska,6,2,active,True,False,False,False,False,,False,,False,,,,,,LOVB Madison,MAD,MAD,babyBlue
2161299,2025,2025-01-30T01:00:00.000Z,2342508,Lauren Carlini,Lauren,Carlini,7,5,active,False,False,True,False,True,3.0,True,6.0,True,1.0,,,,,LOVB Madison,MAD,MAD,babyBlue
2161299,2025,2025-01-30T01:00:00.000Z,2344584,Claire Felix,Claire,Felix,8,4,active,False,False,False,False,False,,False,,False,,,,,,LOVB Madison,MAD,MAD,babyBlue
2161299,2025,2025-01-30T01:00:00.000Z,2344580,Claire Chaussee,Claire,Chaussee,9,2,active,False,False,False,False,False,,True,4.0,True,2.0,,,,,LOVB Madison,MAD,MAD,babyBlue
2161299,2025,2025-01-30T01:00:00.000Z,2344583,Taylor Sandbothe,Taylor,Sandbothe,10,4,active,False,False,False,False,True,5.0,True,2.0,False,,,,,,LOVB Madison,MAD,MAD,babyBlue
2161299,2025,2025-01-30T01:00:00.000Z,2342509,Annie Drews Schumacher,Annie,Drews Schumacher,11,3,active,False,False,False,False,False,,True,3.0,False,,,,,,LOVB Madison,MAD,MAD,babyBlue
2161299,2025,2025-01-30T01:00:00.000Z,2344582,Temi Thomas-Ailara,Temi,Thomas-Ailara,12,3,active,False,False,False,False,True,6.0,False,,False,,,,,,LOVB Madison,MAD,MAD,babyBlue
2161299,2025,2025-01-30T01:00:00.000Z,2349141,Sarah Franklin,Sarah,Franklin,13,2,active,False,False,False,False,True,4.0,True,1.0,True,4.0,,,,,LOVB Madison,MAD,MAD,babyBlue
2161299,2025,2025-01-30T01:00:00.000Z,2344575,Danica Markovic,Danica,Markovic,14,5,active,True,False,False,False,False,,False,,False,,,,,,LOVB Madison,MAD,MAD,babyBlue
2161299,2025,2025-01-30T01:00:00.000Z,2349077,Ana Beatriz Correa,Ana Beatriz,Correa,27,4,active,True,False,False,False,True,2.0,True,5.0,True,6.0,,,,,LOVB Madison,MAD,MAD,babyBlue
2161299,2025,2025-01-30T01:00:00.000Z,2344621,Grace Frohling,Grace,Frohling,1,3,active,False,False,False,False,False,,False,,False,,,,,,LOVB Houston,HTX,HTX,sapphire
2161299,2025,2025-01-30T01:00:00.000Z,2344616,Karin Palgutova,Karin,Palgutova,2,2,active,True,False,False,False,False,,False,,False,,,,,,LOVB Houston,HTX,HTX,sapphire
2161299,2025,2025-01-30T01:00:00.000Z,2344618,Amber Igiede,Amber,Igiede,3,4,active,False,False,False,False,True,6.0,True,1.0,True,6.0,,,,,LOVB Houston,HTX,HTX,sapphire
2161299,2025,2025-01-30T01:00:00.000Z,2344612,Anna Pogany,Anna,Pogany,4,1,active,True,False,False,True,False,,False,,False,,,,,,LOVB Houston,HTX,HTX,sapphire
2161299,2025,2025-01-30T01:00:00.000Z,2349315,Jess Mruzik,Jess,Mruzik,5,2,active,False,False,False,False,True,5.0,True,6.0,True,5.0,,,,,LOVB Houston,HTX,HTX,sapphire
2161299,2025,2025-01-30T01:00:00.000Z,2344617,Raphaela Folie,Raphaela,Folie,7,4,active,True,False,False,False,True,3.0,True,4.0,True,3.0,,,,,LOVB Houston,HTX,HTX,sapphire
2161299,2025,2025-01-30T01:00:00.000Z,2344619,Christina Bauer,Christina,Bauer,8,3,active,True,False,False,False,False,,False,,False,,,,,,LOVB Houston,HTX,HTX,sapphire
2161299,2025,2025-01-30T01:00:00.000Z,2344614,Madi Kingdon Rishel,Madi,Kingdon Rishel,9,2,active,False,False,False,False,True,2.0,True,3.0,True,2.0,,,,,LOVB Houston,HTX,HTX,sapphire
2161299,2025,2025-01-30T01:00:00.000Z,2344611,Kaisa Alanko,Kaisa,Alanko,10,5,active,True,False,False,False,False,,False,,False,,,,,,LOVB Houston,HTX,HTX,sapphire
2161299,2025,2025-01-30T01:00:00.000Z,2344620,Anita Anwusi,Anita,Anwusi,11,4,active,False,False,False,False,False,,False,,False,,,,,,LOVB Houston,HTX,HTX,sapphire
2161299,2025,2025-01-30T01:00:00.000Z,2336967,Micha Hancock,Micha,Hancock,12,5,active,False,False,True,False,True,1.0,True,2.0,True,1.0,,,,,LOVB Houston,HTX,HTX,sapphire
2161299,2025,2025-01-30T01:00:00.000Z,2344622,Julia Brown,Julia,Brown,14,2,active,False,False,False,False,False,,False,,False,,,,,,LOVB Houston,HTX,HTX,sapphire
2161299,2025,2025-01-30T01:00:00.000Z,2344615,Sara Loda,Sara,Loda,17,2,active,True,False,False,False,False,,False,,False,,,,,,LOVB Houston,HTX,HTX,sapphire
2161299,2025,2025-01-30T01:00:00.000Z,2344613,Key Alves,Key,Alves,18,1,active,True,False,False,False,False,,False,,False,,,,,,LOVB Houston,HTX,HTX,sapphire
2161299,2025,2025-01-30T01:00:00.000Z,2336977,Jordan Thompson,Jordan,Thompson,23,3,active,False,False,False,False,True,4.0,True,5.0,True,4.0,,,,,LOVB Houston,HTX,HTX,sapphire
2161300,2025,2025-02-01T00:30:00.000Z,2344566,Piyanut Pannoy,Piyanut,Pannoy,2,1,active,True,False,False,True,False,,False,,False,,,,,,LOVB Atlanta,ATL,ATL,hotPink
2161300,2025,2025-02-01T00:30:00.000Z,2344565,Marta Bechis,Marta,Bechis,3,5,active,True,False,False,False,False,,False,,False,,,,,,LOVB Atlanta,ATL,ATL,hotPink
2161300,2025,2025-02-01T00:30:00.000Z,2344568,Jessica Rivero Marin,Jessica,Rivero Marin,4,2,active,True,False,False,False,False,,False,,False,,,,,,LOVB Atlanta,ATL,ATL,hotPink
2161300,2025,2025-02-01T00:30:00.000Z,2344571,Kayla Haneline,Kayla,Haneline,8,4,active,False,False,False,False,False,,False,,False,,,,,,LOVB Atlanta,ATL,ATL,hotPink
2161300,2025,2025-02-01T00:30:00.000Z,2344564,Iga Wasilewska,Iga,Wasilewska,9,4,active,True,False,False,False,False,,False,,False,,,,,,LOVB Atlanta,ATL,ATL,hotPink
2161300,2025,2025-02-01T00:30:00.000Z,2344427,Madi Bugg,Madi,Bugg,10,5,active,False,False,False,False,False,,False,,False,,,,,,LOVB Atlanta,ATL,ATL,hotPink
2161300,2025,2025-02-01T00:30:00.000Z,2349081,Onye Ofoegbu,Onye,Ofoegbu,11,4,active,False,False,False,False,False,,False,,False,,,,,,LOVB Atlanta,ATL,ATL,hotPink
2161300,2025,2025-02-01T00:30:00.000Z,2351343,Rachel Fairbanks,Rachel,Fairbanks,12,5,active,False,False,False,False,True,6.0,True,6.0,True,6.0,,,,,LOVB Atlanta,ATL,ATL,hotPink
2161300,2025,2025-02-01T00:30:00.000Z,2344425,McKenzie Adams,McKenzie,Adams,13,2,active,False,False,False,False,True,4.0,True,4.0,True,4.0,,,,,LOVB Atlanta,ATL,ATL,hotPink
2161300,2025,2025-02-01T00:30:00.000Z,2344570,Tia Jimerson,Tia,Jimerson,14,4,active,False,False,False,False,True,5.0,True,5.0,True,5.0,,,,,LOVB Atlanta,ATL,ATL,hotPink
2161300,2025,2025-02-01T00:30:00.000Z,2344573,Magdalena Jehlarova,Magdalena,Jehlarova,15,4,active,True,False,False,False,True,2.0,True,2.0,True,2.0,,,,,LOVB Atlanta,ATL,ATL,hotPink
2161300,2025,2025-02-01T00:30:00.000Z,2344567,Beatrice Negretti,Beatrice,Negretti,16,1,active,True,False,False,False,False,,False,,False,,,,,,LOVB Atlanta,ATL,ATL,hotPink
2161300,2025,2025-02-01T00:30:00.000Z,2344574,Tessa Grubbs,Tessa,Grubbs,17,3,active,False,False,False,False,True,3.0,True,3.0,True,3.0,,,,,LOVB Atlanta,ATL,ATL,hotPink
2161300,2025,2025-02-01T00:30:00.000Z,2344572,Danielle Cuttino,Danielle,Cuttino,20,3,active,False,False,False,False,False,,False,,False,,,,,,LOVB Atlanta,ATL,ATL,hotPink
2161300,2025,2025-02-01T00:30:00.000Z,2342511,Kelsey Cook,Kelsey,Cook,23,2,active,False,False,True,False,True,1.0,True,1.0,True,1.0,,,,,LOVB Atlanta,ATL,ATL,hotPink
2161300,2025,2025-02-01T00:30:00.000Z,2344569,Gia Day,Gia,Day,77,2,active,False,False,False,False,False,,False,,False,,,,,,LOVB Atlanta,ATL,ATL,hotPink
2161300,2025,2025-02-01T00:30:00.000Z,2336969,Jordyn Poulter,Jordyn,Poulter,1,5,active,False,False,True,False,True,2.0,True,1.0,True,1.0,,,,,LOVB Salt Lake,SLC,SLC,pear
2161300,2025,2025-02-01T00:30:00.000Z,2344542,Tamaki Matsui,Tamaki,Matsui,2,5,active,True,False,False,False,False,,False,,False,,,,,,LOVB Salt Lake,SLC,SLC,pear
2161300,2025,2025-02-01T00:30:00.000Z,2344549,Morgan Miller,Morgan,Miller,3,2,active,False,False,False,False,False,,False,,False,,,,,,LOVB Salt Lake,SLC,SLC,pear
2161300,2025,2025-02-01T00:30:00.000Z,2344547,Maddie Haynes,Maddie,Haynes,4,2,active,False,False,False,False,False,,False,,True,5.0,,,,,LOVB Salt Lake,SLC,SLC,pear
2161300,2025,2025-02-01T00:30:00.000Z,2344554,Skylar Fields,Skylar,Fields,5,3,active,False,False,False,False,True,5.0,True,4.0,False,,,,,,LOVB Salt Lake,SLC,SLC,pear
2161300,2025,2025-02-01T00:30:00.000Z,2344551,Tori Dixon,Tori,Dixon,6,4,active,False,False,False,False,True,1.0,True,6.0,True,3.0,,,,,LOVB Salt Lake,SLC,SLC,pear
2161300,2025,2025-02-01T00:30:00.000Z,2349080,Sophie Fischer,Sophie,Fischer,7,4,active,False,False,False,False,True,4.0,True,3.0,False,,,,,,LOVB Salt Lake,SLC,SLC,pear
2161300,2025,2025-02-01T00:30:00.000Z,2344550,Serena Gray,Serena,Gray,11,4,active,False,False,False,False,False,,False,,False,,,,,,LOVB Salt Lake,SLC,SLC,pear
2161300,2025,2025-02-01T00:30:00.000Z,2344546,Roni Jones-Perry,Roni,Jones-Perry,12,2,active,False,False,False,False,True,3.0,True,2.0,False,,,,,,LOVB Salt Lake,SLC,SLC,pear
2161300,2025,2025-02-01T00:30:00.000Z,2336979,Haleigh Washington,Haleigh,Washington,15,4,active,False,False,False,False,False,,False,,True,6.0,,,,,LOVB Salt Lake,SLC,SLC,pear
2161300,2025,2025-02-01T00:30:00.000Z,2342469,Manami Kojima,Manami,Kojima,16,1,active,True,False,False,False,False,,False,,False,,,,,,LOVB Salt Lake,SLC,SLC,pear
2161300,2025,2025-02-01T00:30:00.000Z,2344545,Dani Drews,Dani,Drews,17,2,active,False,False,False,False,True,6.0,True,5.0,True,2.0,,,,,LOVB Salt Lake,SLC,SLC,pear
2161300,2025,2025-02-01T00:30:00.000Z,2344544,Mary Lake,Mary,Lake,18,1,active,False,False,False,True,False,,False,,False,,,,,,LOVB Salt Lake,SLC,SLC,pear
2161300,2025,2025-02-01T00:30:00.000Z,2344548,Claire Hoffman,Claire,Hoffman,21,2,active,False,False,False,False,False,,False,,False,,,,,,LOVB Salt Lake,SLC,SLC,pear
2161300,2025,2025-02-01T00:30:00.000Z,2344553,Heidy Casanova,Heidy,Casanova,33,3,active,True,False,False,False,False,,False,,True,4.0,,,,,LOVB Salt Lake,SLC,SLC,pear
2161301,2025,2025-02-01T21:30:00.000Z,2336969,Jordyn Poulter,Jordyn,Poulter,1,5,active,False,False,True,False,True,1.0,True,1.0,True,1.0,True,1.0,True,1.0,LOVB Salt Lake,SLC,SLC,brightYellow
2161301,2025,2025-02-01T21:30:00.000Z,2344542,Tamaki Matsui,Tamaki,Matsui,2,5,active,True,False,False,False,False,,False,,False,,False,,False,,LOVB Salt Lake,SLC,SLC,brightYellow
2161301,2025,2025-02-01T21:30:00.000Z,2344549,Morgan Miller,Morgan,Miller,3,2,active,False,False,False,False,False,,False,,False,,False,,False,,LOVB Salt Lake,SLC,SLC,brightYellow
2161301,2025,2025-02-01T21:30:00.000Z,2344547,Maddie Haynes,Maddie,Haynes,4,2,active,False,False,False,False,True,5.0,False,,False,,False,,False,,LOVB Salt Lake,SLC,SLC,brightYellow
2161301,2025,2025-02-01T21:30:00.000Z,2344554,Skylar Fields,Skylar,Fields,5,3,active,False,False,False,False,True,4.0,True,4.0,True,4.0,True,4.0,True,4.0,LOVB Salt Lake,SLC,SLC,brightYellow
2161301,2025,2025-02-01T21:30:00.000Z,2344551,Tori Dixon,Tori,Dixon,6,4,active,False,False,False,False,False,,False,,False,,False,,True,3.0,LOVB Salt Lake,SLC,SLC,brightYellow
2161301,2025,2025-02-01T21:30:00.000Z,2349080,Sophie Fischer,Sophie,Fischer,7,4,active,False,False,False,False,False,,False,,False,,False,,False,,LOVB Salt Lake,SLC,SLC,brightYellow
2161301,2025,2025-02-01T21:30:00.000Z,2344550,Serena Gray,Serena,Gray,11,4,active,False,False,False,False,True,3.0,True,3.0,True,3.0,True,3.0,False,,LOVB Salt Lake,SLC,SLC,brightYellow
2161301,2025,2025-02-01T21:30:00.000Z,2344546,Roni Jones-Perry,Roni,Jones-Perry,12,2,active,False,False,False,False,False,,True,5.0,True,5.0,True,2.0,True,2.0,LOVB Salt Lake,SLC,SLC,brightYellow
2161301,2025,2025-02-01T21:30:00.000Z,2336979,Haleigh Washington,Haleigh,Washington,15,4,active,False,False,False,False,True,6.0,True,6.0,True,6.0,True,6.0,True,6.0,LOVB Salt Lake,SLC,SLC,brightYellow
2161301,2025,2025-02-01T21:30:00.000Z,2342469,Manami Kojima,Manami,Kojima,16,1,active,True,False,False,False,False,,False,,False,,False,,False,,LOVB Salt Lake,SLC,SLC,brightYellow
2161301,2025,2025-02-01T21:30:00.000Z,2344545,Dani Drews,Dani,Drews,17,2,active,False,False,False,False,True,2.0,True,2.0,True,2.0,True,5.0,True,5.0,LOVB Salt Lake,SLC,SLC,brightYellow
2161301,2025,2025-02-01T21:30:00.000Z,2344544,Mary Lake,Mary,Lake,18,1,active,False,False,False,True,False,,False,,False,,False,,False,,LOVB Salt Lake,SLC,SLC,brightYellow
2161301,2025,2025-02-01T21:30:00.000Z,2344548,Claire Hoffman,Claire,Hoffman,21,2,active,False,False,False,False,False,,False,,False,,False,,False,,LOVB Salt Lake,SLC,SLC,brightYellow
2161301,2025,2025-02-01T21:30:00.000Z,2344553,Heidy Casanova,Heidy,Casanova,33,3,active,True,False,False,False,False,,False,,False,,False,,False,,LOVB Salt Lake,SLC,SLC,brightYellow
2161301,2025,2025-02-01T21:30:00.000Z,2344609,Khat Bell,Khat,Bell,1,3,active,False,False,False,False,False,,False,,False,,False,,False,,LOVB Austin,ATX,ATX,violet
2161301,2025,2025-02-01T21:30:00.000Z,2344604,Leah Hardeman,Leah,Hardeman,2,2,active,False,False,False,False,True,2.0,True,2.0,True,2.0,True,2.0,True,2.0,LOVB Austin,ATX,ATX,violet
2161301,2025,2025-02-01T21:30:00.000Z,2344598,Carli Lloyd,Carli,Lloyd,3,5,active,False,False,True,False,False,,False,,True,1.0,True,1.0,True,1.0,LOVB Austin,ATX,ATX,violet
2161301,2025,2025-02-01T21:30:00.000Z,2344608,Molly McCage,Molly,McCage,5,4,active,False,False,False,False,True,6.0,True,6.0,True,3.0,True,6.0,True,3.0,LOVB Austin,ATX,ATX,violet
2161301,2025,2025-02-01T21:30:00.000Z,2344603,Alessia Gennari,Alessia,Gennari,6,2,active,True,False,False,False,False,,False,,False,,False,,False,,LOVB Austin,ATX,ATX,violet
2161301,2025,2025-02-01T21:30:00.000Z,2344607,Asjia O´Neal,Asjia,O´Neal,7,4,active,False,False,False,False,False,,False,,False,,False,,False,,LOVB Austin,ATX,ATX,violet
2161301,2025,2025-02-01T21:30:00.000Z,2344600,Saige Ka'aha'aina-Torres,Saige,Ka'aha'aina-Torres,9,5,active,False,False,False,False,True,1.0,True,1.0,False,,False,,False,,LOVB Austin,ATX,ATX,violet
2161301,2025,2025-02-01T21:30:00.000Z,2344601,Zoe Jarvis,Zoe,Jarvis,10,1,active,False,False,False,False,False,,False,,False,,False,,False,,LOVB Austin,ATX,ATX,violet
2161301,2025,2025-02-01T21:30:00.000Z,2336983,Chiaka Ogbogu,Chiaka,Ogbogu,11,4,active,False,False,False,False,True,3.0,True,3.0,True,6.0,True,3.0,True,6.0,LOVB Austin,ATX,ATX,violet
2161301,2025,2025-02-01T21:30:00.000Z,2344610,Carly DeHoog,Carly,DeHoog,12,2,active,False,False,False,False,False,,False,,False,,False,,False,,LOVB Austin,ATX,ATX,violet
2161301,2025,2025-02-01T21:30:00.000Z,2344606,Juliann Faucette,Juliann,Faucette,13,2,active,False,False,False,False,False,,False,,True,4.0,True,4.0,True,4.0,LOVB Austin,ATX,ATX,violet
2161301,2025,2025-02-01T21:30:00.000Z,2344602,Kotoe Inoue,Kotoe,Inoue,15,1,active,True,False,False,True,False,,False,,False,,False,,False,,LOVB Austin,ATX,ATX,violet
2161301,2025,2025-02-01T21:30:00.000Z,2349176,Madisen Skinner,Madisen,Skinner,16,3,active,False,False,False,False,True,4.0,True,4.0,False,,False,,False,,LOVB Austin,ATX,ATX,violet
2161301,2025,2025-02-01T21:30:00.000Z,2344605,Anna Haak,Anna,Haak,17,2,active,True,False,False,False,False,,False,,False,,False,,False,,LOVB Austin,ATX,ATX,violet
2161301,2025,2025-02-01T21:30:00.000Z,2344599,Logan Eggleston,Logan,Eggleston,33,2,active,False,False,False,False,True,5.0,True,5.0,True,5.0,True,5.0,True,5.0,LOVB Austin,ATX,ATX,violet
2161302,2025,2025-02-02T00:00:00.000Z,2344566,Piyanut Pannoy,Piyanut,Pannoy,2,1,active,True,False,False,True,False,,False,,False,,False,,,,LOVB Atlanta,ATL,ATL,hotPink
2161302,2025,2025-02-02T00:00:00.000Z,2344565,Marta Bechis,Marta,Bechis,3,5,active,True,False,False,False,False,,False,,False,,False,,,,LOVB Atlanta,ATL,ATL,hotPink
2161302,2025,2025-02-02T00:00:00.000Z,2344568,Jessica Rivero Marin,Jessica,Rivero Marin,4,2,active,True,False,False,False,False,,False,,False,,False,,,,LOVB Atlanta,ATL,ATL,hotPink
2161302,2025,2025-02-02T00:00:00.000Z,2344571,Kayla Haneline,Kayla,Haneline,8,4,active,False,False,False,False,False,,True,2.0,True,2.0,True,2.0,,,LOVB Atlanta,ATL,ATL,hotPink
2161302,2025,2025-02-02T00:00:00.000Z,2344564,Iga Wasilewska,Iga,Wasilewska,9,4,active,True,False,False,False,False,,False,,False,,False,,,,LOVB Atlanta,ATL,ATL,hotPink
2161302,2025,2025-02-02T00:00:00.000Z,2344427,Madi Bugg,Madi,Bugg,10,5,active,False,False,False,False,False,,False,,True,6.0,True,6.0,,,LOVB Atlanta,ATL,ATL,hotPink
2161302,2025,2025-02-02T00:00:00.000Z,2349081,Onye Ofoegbu,Onye,Ofoegbu,11,4,active,False,False,False,False,False,,False,,False,,False,,,,LOVB Atlanta,ATL,ATL,hotPink
2161302,2025,2025-02-02T00:00:00.000Z,2351343,Rachel Fairbanks,Rachel,Fairbanks,12,5,active,False,False,False,False,True,1.0,True,6.0,False,,False,,,,LOVB Atlanta,ATL,ATL,hotPink
2161302,2025,2025-02-02T00:00:00.000Z,2344425,McKenzie Adams,McKenzie,Adams,13,2,active,False,False,False,False,True,5.0,True,4.0,False,,False,,,,LOVB Atlanta,ATL,ATL,hotPink
2161302,2025,2025-02-02T00:00:00.000Z,2344570,Tia Jimerson,Tia,Jimerson,14,4,active,False,False,False,False,True,6.0,True,5.0,True,5.0,True,5.0,,,LOVB Atlanta,ATL,ATL,hotPink
2161302,2025,2025-02-02T00:00:00.000Z,2344573,Magdalena Jehlarova,Magdalena,Jehlarova,15,4,active,True,False,False,False,True,3.0,False,,False,,False,,,,LOVB Atlanta,ATL,ATL,hotPink
2161302,2025,2025-02-02T00:00:00.000Z,2344567,Beatrice Negretti,Beatrice,Negretti,16,1,active,True,False,False,False,False,,False,,False,,False,,,,LOVB Atlanta,ATL,ATL,hotPink
2161302,2025,2025-02-02T00:00:00.000Z,2344574,Tessa Grubbs,Tessa,Grubbs,17,3,active,False,False,False,False,True,4.0,True,3.0,False,,False,,,,LOVB Atlanta,ATL,ATL,hotPink
2161302,2025,2025-02-02T00:00:00.000Z,2344572,Danielle Cuttino,Danielle,Cuttino,20,3,active,False,False,False,False,False,,False,,True,3.0,True,3.0,,,LOVB Atlanta,ATL,ATL,hotPink
2161302,2025,2025-02-02T00:00:00.000Z,2342511,Kelsey Cook,Kelsey,Cook,23,2,active,False,False,True,False,True,2.0,True,1.0,True,1.0,True,1.0,,,LOVB Atlanta,ATL,ATL,hotPink
2161302,2025,2025-02-02T00:00:00.000Z,2344569,Gia Day,Gia,Day,77,2,active,False,False,False,False,False,,False,,True,4.0,True,4.0,,,LOVB Atlanta,ATL,ATL,hotPink
2161302,2025,2025-02-02T00:00:00.000Z,2349314,Lexi Rodriguez,Lexi,Rodriguez,1,1,active,False,False,False,False,False,,False,,False,,False,,,,LOVB Omaha,OMA,OMA,emerald
2161302,2025,2025-02-02T00:00:00.000Z,2344593,Emily Thater,Emily,Thater,2,4,active,False,False,False,False,True,6.0,True,6.0,True,6.0,True,1.0,,,LOVB Omaha,OMA,OMA,emerald
2161302,2025,2025-02-02T00:00:00.000Z,2344587,Annie Cesar,Annie,Cesar,3,1,active,True,False,False,False,False,,False,,False,,False,,,,LOVB Omaha,OMA,OMA,emerald
2161302,2025,2025-02-02T00:00:00.000Z,2336972,Justine Wong-Orantes,Justine,Wong-Orantes,4,1,active,False,False,False,True,False,,False,,False,,False,,,,LOVB Omaha,OMA,OMA,emerald
2161302,2025,2025-02-02T00:00:00.000Z,2344589,Jaali Winters,Jaali,Winters,5,2,active,False,False,False,False,True,5.0,True,5.0,True,5.0,False,,,,LOVB Omaha,OMA,OMA,emerald
2161302,2025,2025-02-02T00:00:00.000Z,2344590,Vicky Savard,Vicky,Savard,7,2,active,True,False,False,False,False,,False,,False,,False,,,,LOVB Omaha,OMA,OMA,emerald
2161302,2025,2025-02-02T00:00:00.000Z,2344596,Kimberly Drewniok,Kimberly,Drewniok,8,3,active,True,False,False,False,True,4.0,True,4.0,True,4.0,True,5.0,,,LOVB Omaha,OMA,OMA,emerald
2161302,2025,2025-02-02T00:00:00.000Z,2336975,Jordan Larson,Jordan,Larson,10,2,active,False,False,True,False,True,2.0,True,2.0,True,2.0,True,3.0,,,LOVB Omaha,OMA,OMA,emerald
2161302,2025,2025-02-02T00:00:00.000Z,2344591,Amber Stivrins,Amber,Stivrins,11,2,active,False,False,False,False,False,,False,,False,,False,,,,LOVB Omaha,OMA,OMA,emerald
2161302,2025,2025-02-02T00:00:00.000Z,2344597,Audriana Fitzmorris,Audriana,Fitzmorris,12,3,active,False,False,False,False,False,,False,,False,,False,,,,LOVB Omaha,OMA,OMA,emerald
2161302,2025,2025-02-02T00:00:00.000Z,2344586,Gabby Blossom,Gabby,Blossom,13,5,active,False,False,False,False,False,,False,,False,,False,,,,LOVB Omaha,OMA,OMA,emerald
2161302,2025,2025-02-02T00:00:00.000Z,2344585,Laura Dijkema,Laura,Dijkema,14,5,active,True,False,False,False,True,1.0,True,1.0,True,1.0,True,2.0,,,LOVB Omaha,OMA,OMA,emerald
2161302,2025,2025-02-02T00:00:00.000Z,2344592,Candelaria Herrera,Candelaria,Herrera,17,4,active,True,False,False,False,True,3.0,True,3.0,True,3.0,True,4.0,,,LOVB Omaha,OMA,OMA,emerald
2161302,2025,2025-02-02T00:00:00.000Z,2344595,Lauren Stivrins,Lauren,Stivrins,26,4,active,False,False,False,False,False,,False,,False,,False,,,,LOVB Omaha,OMA,OMA,emerald
2161302,2025,2025-02-02T00:00:00.000Z,2344588,Madi Kubik-Banks,Madi,Kubik-Banks,33,2,active,False,False,False,False,False,,False,,False,,True,6.0,,,LOVB Omaha,OMA,OMA,emerald
2161303,2025,2025-02-06T01:00:00.000Z,2344609,Khat Bell,Khat,Bell,1,3,active,False,False,False,False,False,,False,,False,,False,,,,LOVB Austin,ATX,ATX,violet
2161303,2025,2025-02-06T01:00:00.000Z,2344604,Leah Hardeman,Leah,Hardeman,2,2,active,False,False,False,False,True,2.0,True,2.0,False,,False,,,,LOVB Austin,ATX,ATX,violet
2161303,2025,2025-02-06T01:00:00.000Z,2344598,Carli Lloyd,Carli,Lloyd,3,5,active,False,False,True,False,False,,False,,True,1.0,True,1.0,,,LOVB Austin,ATX,ATX,violet
2161303,2025,2025-02-06T01:00:00.000Z,2344608,Molly McCage,Molly,McCage,5,4,active,False,False,False,False,True,6.0,True,6.0,False,,False,,,,LOVB Austin,ATX,ATX,violet
2161303,2025,2025-02-06T01:00:00.000Z,2344603,Alessia Gennari,Alessia,Gennari,6,2,active,True,False,False,False,False,,False,,False,,False,,,,LOVB Austin,ATX,ATX,violet
2161303,2025,2025-02-06T01:00:00.000Z,2344607,Asjia O´Neal,Asjia,O´Neal,7,4,active,False,False,False,False,False,,False,,True,6.0,True,6.0,,,LOVB Austin,ATX,ATX,violet
2161303,2025,2025-02-06T01:00:00.000Z,2344600,Saige Ka'aha'aina-Torres,Saige,Ka'aha'aina-Torres,9,5,active,False,False,False,False,True,1.0,True,1.0,False,,False,,,,LOVB Austin,ATX,ATX,violet
2161303,2025,2025-02-06T01:00:00.000Z,2344601,Zoe Jarvis,Zoe,Jarvis,10,1,active,False,False,False,True,False,,False,,False,,False,,,,LOVB Austin,ATX,ATX,violet
2161303,2025,2025-02-06T01:00:00.000Z,2336983,Chiaka Ogbogu,Chiaka,Ogbogu,11,4,active,False,False,False,False,True,3.0,True,3.0,True,3.0,True,3.0,,,LOVB Austin,ATX,ATX,violet
2161303,2025,2025-02-06T01:00:00.000Z,2344610,Carly DeHoog,Carly,DeHoog,12,2,active,False,False,False,False,False,,False,,False,,False,,,,LOVB Austin,ATX,ATX,violet
2161303,2025,2025-02-06T01:00:00.000Z,2344606,Juliann Faucette,Juliann,Faucette,13,2,active,False,False,False,False,False,,False,,False,,False,,,,LOVB Austin,ATX,ATX,violet
2161303,2025,2025-02-06T01:00:00.000Z,2344602,Kotoe Inoue,Kotoe,Inoue,15,1,active,True,False,False,False,False,,False,,False,,False,,,,LOVB Austin,ATX,ATX,violet
2161303,2025,2025-02-06T01:00:00.000Z,2349176,Madisen Skinner,Madisen,Skinner,16,3,active,False,False,False,False,True,4.0,True,4.0,True,4.0,True,4.0,,,LOVB Austin,ATX,ATX,violet
2161303,2025,2025-02-06T01:00:00.000Z,2344605,Anna Haak,Anna,Haak,17,2,active,True,False,False,False,True,5.0,True,5.0,True,5.0,True,5.0,,,LOVB Austin,ATX,ATX,violet
2161303,2025,2025-02-06T01:00:00.000Z,2344599,Logan Eggleston,Logan,Eggleston,33,2,active,False,False,False,False,False,,False,,True,2.0,True,2.0,,,LOVB Austin,ATX,ATX,violet
2161303,2025,2025-02-06T01:00:00.000Z,2344621,Grace Frohling,Grace,Frohling,1,3,active,False,False,False,False,False,,False,,False,,False,,,,LOVB Houston,HTX,HTX,babyBlue
2161303,2025,2025-02-06T01:00:00.000Z,2344616,Karin Palgutova,Karin,Palgutova,2,2,active,True,False,False,False,False,,False,,False,,False,,,,LOVB Houston,HTX,HTX,babyBlue
2161303,2025,2025-02-06T01:00:00.000Z,2344618,Amber Igiede,Amber,Igiede,3,4,active,False,False,False,False,True,6.0,True,1.0,True,6.0,True,1.0,,,LOVB Houston,HTX,HTX,babyBlue
2161303,2025,2025-02-06T01:00:00.000Z,2344612,Anna Pogany,Anna,Pogany,4,1,active,True,False,False,True,False,,False,,False,,False,,,,LOVB Houston,HTX,HTX,babyBlue
2161303,2025,2025-02-06T01:00:00.000Z,2349315,Jess Mruzik,Jess,Mruzik,5,2,active,False,False,False,False,True,5.0,True,6.0,True,5.0,True,6.0,,,LOVB Houston,HTX,HTX,babyBlue
2161303,2025,2025-02-06T01:00:00.000Z,2344617,Raphaela Folie,Raphaela,Folie,7,4,active,True,False,False,False,True,3.0,True,4.0,True,3.0,True,4.0,,,LOVB Houston,HTX,HTX,babyBlue
2161303,2025,2025-02-06T01:00:00.000Z,2344619,Christina Bauer,Christina,Bauer,8,3,active,True,False,False,False,False,,False,,False,,False,,,,LOVB Houston,HTX,HTX,babyBlue
2161303,2025,2025-02-06T01:00:00.000Z,2344614,Madi Kingdon Rishel,Madi,Kingdon Rishel,9,2,active,False,False,False,False,True,2.0,True,3.0,True,2.0,True,3.0,,,LOVB Houston,HTX,HTX,babyBlue
2161303,2025,2025-02-06T01:00:00.000Z,2344611,Kaisa Alanko,Kaisa,Alanko,10,5,active,True,False,False,False,False,,False,,False,,False,,,,LOVB Houston,HTX,HTX,babyBlue
2161303,2025,2025-02-06T01:00:00.000Z,2344620,Anita Anwusi,Anita,Anwusi,11,4,active,False,False,False,False,False,,False,,False,,False,,,,LOVB Houston,HTX,HTX,babyBlue
2161303,2025,2025-02-06T01:00:00.000Z,2336967,Micha Hancock,Micha,Hancock,12,5,active,False,False,True,False,True,1.0,True,2.0,True,1.0,True,2.0,,,LOVB Houston,HTX,HTX,babyBlue
2161303,2025,2025-02-06T01:00:00.000Z,2344622,Julia Brown,Julia,Brown,14,2,active,False,False,False,False,False,,False,,False,,False,,,,LOVB Houston,HTX,HTX,babyBlue
2161303,2025,2025-02-06T01:00:00.000Z,2344615,Sara Loda,Sara,Loda,17,2,active,True,False,False,False,False,,False,,False,,False,,,,LOVB Houston,HTX,HTX,babyBlue
2161303,2025,2025-02-06T01:00:00.000Z,2344613,Key Alves,Key,Alves,18,1,active,True,False,False,False,False,,False,,False,,False,,,,LOVB Houston,HTX,HTX,babyBlue
2161303,2025,2025-02-06T01:00:00.000Z,2336977,Jordan Thompson,Jordan,Thompson,23,3,active,False,False,False,False,True,4.0,True,5.0,True,4.0,True,5.0,,,LOVB Houston,HTX,HTX,babyBlue
2161304,2025,2025-02-08T02:00:00.000Z,2336969,Jordyn Poulter,Jordyn,Poulter,1,5,active,False,False,True,False,True,1.0,True,1.0,True,1.0,False,,,,LOVB Salt Lake,SLC,SLC,brightYellow
2161304,2025,2025-02-08T02:00:00.000Z,2344542,Tamaki Matsui,Tamaki,Matsui,2,5,active,True,False,False,False,False,,False,,False,,True,1.0,,,LOVB Salt Lake,SLC,SLC,brightYellow
2161304,2025,2025-02-08T02:00:00.000Z,2344549,Morgan Miller,Morgan,Miller,3,2,active,False,False,False,False,False,,False,,False,,False,,,,LOVB Salt Lake,SLC,SLC,brightYellow
2161304,2025,2025-02-08T02:00:00.000Z,2344547,Maddie Haynes,Maddie,Haynes,4,2,active,False,False,False,False,False,,False,,False,,True,2.0,,,LOVB Salt Lake,SLC,SLC,brightYellow
2161304,2025,2025-02-08T02:00:00.000Z,2344554,Skylar Fields,Skylar,Fields,5,3,active,False,False,False,False,True,4.0,True,4.0,True,4.0,False,,,,LOVB Salt Lake,SLC,SLC,brightYellow
2161304,2025,2025-02-08T02:00:00.000Z,2344551,Tori Dixon,Tori,Dixon,6,4,active,False,False,False,False,True,3.0,True,3.0,True,3.0,True,3.0,,,LOVB Salt Lake,SLC,SLC,brightYellow
2161304,2025,2025-02-08T02:00:00.000Z,2349080,Sophie Fischer,Sophie,Fischer,7,4,active,False,False,False,False,False,,False,,False,,False,,,,LOVB Salt Lake,SLC,SLC,brightYellow
2161304,2025,2025-02-08T02:00:00.000Z,2344550,Serena Gray,Serena,Gray,11,4,active,False,False,False,False,False,,False,,False,,False,,,,LOVB Salt Lake,SLC,SLC,brightYellow
2161304,2025,2025-02-08T02:00:00.000Z,2344546,Roni Jones-Perry,Roni,Jones-Perry,12,2,active,False,False,False,False,True,2.0,True,2.0,True,2.0,False,,,,LOVB Salt Lake,SLC,SLC,brightYellow
2161304,2025,2025-02-08T02:00:00.000Z,2336979,Haleigh Washington,Haleigh,Washington,15,4,active,False,False,False,False,True,6.0,True,6.0,True,6.0,True,6.0,,,LOVB Salt Lake,SLC,SLC,brightYellow
2161304,2025,2025-02-08T02:00:00.000Z,2342469,Manami Kojima,Manami,Kojima,16,1,active,True,False,False,True,False,,False,,False,,False,,,,LOVB Salt Lake,SLC,SLC,brightYellow
2161304,2025,2025-02-08T02:00:00.000Z,2344545,Dani Drews,Dani,Drews,17,2,active,False,False,False,False,True,5.0,True,5.0,True,5.0,True,5.0,,,LOVB Salt Lake,SLC,SLC,brightYellow
2161304,2025,2025-02-08T02:00:00.000Z,2344544,Mary Lake,Mary,Lake,18,1,active,False,False,False,False,False,,False,,False,,False,,,,LOVB Salt Lake,SLC,SLC,brightYellow
2161304,2025,2025-02-08T02:00:00.000Z,2344548,Claire Hoffman,Claire,Hoffman,21,2,active,False,False,False,False,False,,False,,False,,False,,,,LOVB Salt Lake,SLC,SLC,brightYellow
2161304,2025,2025-02-08T02:00:00.000Z,2344553,Heidy Casanova,Heidy,Casanova,33,3,active,True,False,False,False,False,,False,,False,,True,4.0,,,LOVB Salt Lake,SLC,SLC,brightYellow
2161304,2025,2025-02-08T02:00:00.000Z,2344566,Piyanut Pannoy,Piyanut,Pannoy,2,1,active,True,False,False,True,False,,False,,False,,False,,,,LOVB Atlanta,ATL,ATL,hotPink
2161304,2025,2025-02-08T02:00:00.000Z,2344565,Marta Bechis,Marta,Bechis,3,5,active,True,False,False,False,False,,False,,False,,False,,,,LOVB Atlanta,ATL,ATL,hotPink
2161304,2025,2025-02-08T02:00:00.000Z,2344568,Jessica Rivero Marin,Jessica,Rivero Marin,4,2,active,True,False,False,False,False,,False,,False,,False,,,,LOVB Atlanta,ATL,ATL,hotPink
2161304,2025,2025-02-08T02:00:00.000Z,2344571,Kayla Haneline,Kayla,Haneline,8,4,active,False,False,False,False,True,2.0,True,2.0,True,2.0,True,3.0,,,LOVB Atlanta,ATL,ATL,hotPink
2161304,2025,2025-02-08T02:00:00.000Z,2344564,Iga Wasilewska,Iga,Wasilewska,9,4,active,True,False,False,False,False,,False,,False,,False,,,,LOVB Atlanta,ATL,ATL,hotPink
2161304,2025,2025-02-08T02:00:00.000Z,2344427,Madi Bugg,Madi,Bugg,10,5,active,False,False,False,False,False,,False,,False,,False,,,,LOVB Atlanta,ATL,ATL,hotPink
2161304,2025,2025-02-08T02:00:00.000Z,2349081,Onye Ofoegbu,Onye,Ofoegbu,11,4,active,False,False,False,False,False,,False,,False,,False,,,,LOVB Atlanta,ATL,ATL,hotPink
2161304,2025,2025-02-08T02:00:00.000Z,2351343,Rachel Fairbanks,Rachel,Fairbanks,12,5,active,False,False,False,False,True,6.0,True,6.0,True,6.0,True,1.0,,,LOVB Atlanta,ATL,ATL,hotPink
2161304,2025,2025-02-08T02:00:00.000Z,2344425,McKenzie Adams,McKenzie,Adams,13,2,active,False,False,False,False,False,,False,,False,,False,,,,LOVB Atlanta,ATL,ATL,hotPink
2161304,2025,2025-02-08T02:00:00.000Z,2344570,Tia Jimerson,Tia,Jimerson,14,4,active,False,False,False,False,True,5.0,True,5.0,True,5.0,True,6.0,,,LOVB Atlanta,ATL,ATL,hotPink
2161304,2025,2025-02-08T02:00:00.000Z,2344573,Magdalena Jehlarova,Magdalena,Jehlarova,15,4,active,True,False,False,False,False,,False,,False,,False,,,,LOVB Atlanta,ATL,ATL,hotPink
2161304,2025,2025-02-08T02:00:00.000Z,2344567,Beatrice Negretti,Beatrice,Negretti,16,1,active,True,False,False,False,False,,False,,False,,False,,,,LOVB Atlanta,ATL,ATL,hotPink
2161304,2025,2025-02-08T02:00:00.000Z,2344574,Tessa Grubbs,Tessa,Grubbs,17,3,active,False,False,False,False,True,3.0,True,3.0,True,3.0,True,4.0,,,LOVB Atlanta,ATL,ATL,hotPink
2161304,2025,2025-02-08T02:00:00.000Z,2344572,Danielle Cuttino,Danielle,Cuttino,20,3,active,False,False,False,False,False,,False,,False,,False,,,,LOVB Atlanta,ATL,ATL,hotPink
2161304,2025,2025-02-08T02:00:00.000Z,2342511,Kelsey Cook,Kelsey,Cook,23,2,active,False,False,True,False,True,1.0,True,1.0,True,1.0,True,2.0,,,LOVB Atlanta,ATL,ATL,hotPink
2161304,2025,2025-02-08T02:00:00.000Z,2344569,Gia Day,Gia,Day,77,2,active,False,False,False,False,True,4.0,True,4.0,True,4.0,True,5.0,,,LOVB Atlanta,ATL,ATL,hotPink
2161305,2025,2025-02-08T23:30:00.000Z,2344566,Piyanut Pannoy,Piyanut,Pannoy,2,1,active,True,False,False,True,False,,False,,False,,,,,,LOVB Atlanta,ATL,ATL,hotPink
2161305,2025,2025-02-08T23:30:00.000Z,2344565,Marta Bechis,Marta,Bechis,3,5,active,True,False,False,False,False,,False,,False,,,,,,LOVB Atlanta,ATL,ATL,hotPink
2161305,2025,2025-02-08T23:30:00.000Z,2344568,Jessica Rivero Marin,Jessica,Rivero Marin,4,2,active,True,False,False,False,False,,False,,False,,,,,,LOVB Atlanta,ATL,ATL,hotPink
2161305,2025,2025-02-08T23:30:00.000Z,2344571,Kayla Haneline,Kayla,Haneline,8,4,active,False,False,False,False,True,2.0,True,2.0,True,2.0,,,,,LOVB Atlanta,ATL,ATL,hotPink
2161305,2025,2025-02-08T23:30:00.000Z,2344564,Iga Wasilewska,Iga,Wasilewska,9,4,active,True,False,False,False,False,,False,,False,,,,,,LOVB Atlanta,ATL,ATL,hotPink
2161305,2025,2025-02-08T23:30:00.000Z,2344427,Madi Bugg,Madi,Bugg,10,5,active,False,False,False,False,False,,False,,False,,,,,,LOVB Atlanta,ATL,ATL,hotPink
2161305,2025,2025-02-08T23:30:00.000Z,2349081,Onye Ofoegbu,Onye,Ofoegbu,11,4,active,False,False,False,False,False,,False,,False,,,,,,LOVB Atlanta,ATL,ATL,hotPink
2161305,2025,2025-02-08T23:30:00.000Z,2351343,Rachel Fairbanks,Rachel,Fairbanks,12,5,active,False,False,False,False,True,6.0,True,6.0,True,6.0,,,,,LOVB Atlanta,ATL,ATL,hotPink
2161305,2025,2025-02-08T23:30:00.000Z,2344425,McKenzie Adams,McKenzie,Adams,13,2,active,False,False,False,False,False,,False,,False,,,,,,LOVB Atlanta,ATL,ATL,hotPink
2161305,2025,2025-02-08T23:30:00.000Z,2344570,Tia Jimerson,Tia,Jimerson,14,4,active,False,False,False,False,True,5.0,True,5.0,True,5.0,,,,,LOVB Atlanta,ATL,ATL,hotPink
2161305,2025,2025-02-08T23:30:00.000Z,2344573,Magdalena Jehlarova,Magdalena,Jehlarova,15,4,active,True,False,False,False,False,,False,,False,,,,,,LOVB Atlanta,ATL,ATL,hotPink
2161305,2025,2025-02-08T23:30:00.000Z,2344567,Beatrice Negretti,Beatrice,Negretti,16,1,active,True,False,False,False,False,,False,,False,,,,,,LOVB Atlanta,ATL,ATL,hotPink
2161305,2025,2025-02-08T23:30:00.000Z,2344574,Tessa Grubbs,Tessa,Grubbs,17,3,active,False,False,False,False,True,3.0,True,3.0,True,3.0,,,,,LOVB Atlanta,ATL,ATL,hotPink
2161305,2025,2025-02-08T23:30:00.000Z,2344572,Danielle Cuttino,Danielle,Cuttino,20,3,active,False,False,False,False,False,,False,,False,,,,,,LOVB Atlanta,ATL,ATL,hotPink
2161305,2025,2025-02-08T23:30:00.000Z,2342511,Kelsey Cook,Kelsey,Cook,23,2,active,False,False,True,False,True,1.0,True,1.0,True,1.0,,,,,LOVB Atlanta,ATL,ATL,hotPink
2161305,2025,2025-02-08T23:30:00.000Z,2344569,Gia Day,Gia,Day,77,2,active,False,False,False,False,True,4.0,True,4.0,True,4.0,,,,,LOVB Atlanta,ATL,ATL,hotPink
2161305,2025,2025-02-08T23:30:00.000Z,2344576,Daly Santana,Daly,Santana,1,2,active,True,False,False,False,False,,False,,False,,,,,,LOVB Madison,MAD,MAD,cornflowerBlue
2161305,2025,2025-02-08T23:30:00.000Z,2342510,Anna Hall,Anna,Hall,2,4,active,False,False,False,False,True,5.0,True,4.0,False,,,,,,LOVB Madison,MAD,MAD,cornflowerBlue
2161305,2025,2025-02-08T23:30:00.000Z,2344581,Mariena Hayden,Mariena,Hayden,3,2,active,False,False,False,False,False,,False,,False,,,,,,LOVB Madison,MAD,MAD,cornflowerBlue
2161305,2025,2025-02-08T23:30:00.000Z,2344577,Milica Medved,Milica,Medved,4,1,active,True,False,False,False,False,,False,,False,,,,,,LOVB Madison,MAD,MAD,cornflowerBlue
2161305,2025,2025-02-08T23:30:00.000Z,2344578,Simin Wang,Simin,Wang,5,1,active,True,False,False,True,False,,False,,False,,,,,,LOVB Madison,MAD,MAD,cornflowerBlue
2161305,2025,2025-02-08T23:30:00.000Z,2344579,Jennifer Janiska,Jennifer,Janiska,6,2,active,True,False,False,False,False,,True,6.0,True,1.0,,,,,LOVB Madison,MAD,MAD,cornflowerBlue
2161305,2025,2025-02-08T23:30:00.000Z,2342508,Lauren Carlini,Lauren,Carlini,7,5,active,False,False,True,False,True,3.0,True,2.0,True,3.0,,,,,LOVB Madison,MAD,MAD,cornflowerBlue
2161305,2025,2025-02-08T23:30:00.000Z,2344584,Claire Felix,Claire,Felix,8,4,active,False,False,False,False,False,,False,,False,,,,,,LOVB Madison,MAD,MAD,cornflowerBlue
2161305,2025,2025-02-08T23:30:00.000Z,2344580,Claire Chaussee,Claire,Chaussee,9,2,active,False,False,False,False,True,1.0,False,,False,,,,,,LOVB Madison,MAD,MAD,cornflowerBlue
2161305,2025,2025-02-08T23:30:00.000Z,2344583,Taylor Sandbothe,Taylor,Sandbothe,10,4,active,False,False,False,False,True,2.0,True,1.0,True,5.0,,,,,LOVB Madison,MAD,MAD,cornflowerBlue
2161305,2025,2025-02-08T23:30:00.000Z,2342509,Annie Drews Schumacher,Annie,Drews Schumacher,11,3,active,False,False,False,False,False,,True,5.0,False,,,,,,LOVB Madison,MAD,MAD,cornflowerBlue
2161305,2025,2025-02-08T23:30:00.000Z,2344582,Temi Thomas-Ailara,Temi,Thomas-Ailara,12,3,active,False,False,False,False,True,6.0,False,,True,6.0,,,,,LOVB Madison,MAD,MAD,cornflowerBlue
2161305,2025,2025-02-08T23:30:00.000Z,2349141,Sarah Franklin,Sarah,Franklin,13,2,active,False,False,False,False,True,4.0,True,3.0,True,4.0,,,,,LOVB Madison,MAD,MAD,cornflowerBlue
2161305,2025,2025-02-08T23:30:00.000Z,2344575,Danica Markovic,Danica,Markovic,14,5,active,True,False,False,False,False,,False,,False,,,,,,LOVB Madison,MAD,MAD,cornflowerBlue
2161305,2025,2025-02-08T23:30:00.000Z,2349077,Ana Beatriz Correa,Ana Beatriz,Correa,27,4,active,True,False,False,False,False,,False,,True,2.0,,,,,LOVB Madison,MAD,MAD,cornflowerBlue
2161306,2025,2025-02-09T02:00:00.000Z,2336969,Jordyn Poulter,Jordyn,Poulter,1,5,active,False,False,True,False,True,1.0,True,1.0,True,1.0,True,1.0,True,1.0,LOVB Salt Lake,SLC,SLC,brightYellow
2161306,2025,2025-02-09T02:00:00.000Z,2344542,Tamaki Matsui,Tamaki,Matsui,2,5,active,True,False,False,False,False,,False,,False,,False,,False,,LOVB Salt Lake,SLC,SLC,brightYellow
2161306,2025,2025-02-09T02:00:00.000Z,2344549,Morgan Miller,Morgan,Miller,3,2,active,False,False,False,False,False,,False,,False,,False,,False,,LOVB Salt Lake,SLC,SLC,brightYellow
2161306,2025,2025-02-09T02:00:00.000Z,2344547,Maddie Haynes,Maddie,Haynes,4,2,active,False,False,False,False,False,,False,,False,,False,,False,,LOVB Salt Lake,SLC,SLC,brightYellow
2161306,2025,2025-02-09T02:00:00.000Z,2344554,Skylar Fields,Skylar,Fields,5,3,active,False,False,False,False,True,4.0,True,4.0,True,4.0,True,4.0,True,4.0,LOVB Salt Lake,SLC,SLC,brightYellow
2161306,2025,2025-02-09T02:00:00.000Z,2344551,Tori Dixon,Tori,Dixon,6,4,active,False,False,False,False,True,3.0,True,3.0,False,,False,,False,,LOVB Salt Lake,SLC,SLC,brightYellow
2161306,2025,2025-02-09T02:00:00.000Z,2349080,Sophie Fischer,Sophie,Fischer,7,4,active,False,False,False,False,False,,False,,False,,False,,False,,LOVB Salt Lake,SLC,SLC,brightYellow
2161306,2025,2025-02-09T02:00:00.000Z,2344550,Serena Gray,Serena,Gray,11,4,active,False,False,False,False,False,,False,,True,3.0,True,3.0,True,3.0,LOVB Salt Lake,SLC,SLC,brightYellow
2161306,2025,2025-02-09T02:00:00.000Z,2344546,Roni Jones-Perry,Roni,Jones-Perry,12,2,active,False,False,False,False,True,2.0,True,2.0,True,2.0,True,2.0,True,2.0,LOVB Salt Lake,SLC,SLC,brightYellow
2161306,2025,2025-02-09T02:00:00.000Z,2336979,Haleigh Washington,Haleigh,Washington,15,4,active,False,False,False,False,True,6.0,True,6.0,True,6.0,True,6.0,True,6.0,LOVB Salt Lake,SLC,SLC,brightYellow
2161306,2025,2025-02-09T02:00:00.000Z,2342469,Manami Kojima,Manami,Kojima,16,1,active,True,False,False,True,False,,False,,False,,False,,False,,LOVB Salt Lake,SLC,SLC,brightYellow
2161306,2025,2025-02-09T02:00:00.000Z,2344545,Dani Drews,Dani,Drews,17,2,active,False,False,False,False,True,5.0,True,5.0,True,5.0,True,5.0,True,5.0,LOVB Salt Lake,SLC,SLC,brightYellow
2161306,2025,2025-02-09T02:00:00.000Z,2344544,Mary Lake,Mary,Lake,18,1,active,False,False,False,False,False,,False,,False,,False,,False,,LOVB Salt Lake,SLC,SLC,brightYellow
2161306,2025,2025-02-09T02:00:00.000Z,2344548,Claire Hoffman,Claire,Hoffman,21,2,active,False,False,False,False,False,,False,,False,,False,,False,,LOVB Salt Lake,SLC,SLC,brightYellow
2161306,2025,2025-02-09T02:00:00.000Z,2344553,Heidy Casanova,Heidy,Casanova,33,3,active,True,False,False,False,False,,False,,False,,False,,False,,LOVB Salt Lake,SLC,SLC,brightYellow
2161306,2025,2025-02-09T02:00:00.000Z,2349314,Lexi Rodriguez,Lexi,Rodriguez,1,1,active,False,False,False,False,False,,False,,False,,False,,False,,LOVB Omaha,OMA,OMA,emerald
2161306,2025,2025-02-09T02:00:00.000Z,2344593,Emily Thater,Emily,Thater,2,4,active,False,False,False,False,True,3.0,True,3.0,True,3.0,True,3.0,True,3.0,LOVB Omaha,OMA,OMA,emerald
2161306,2025,2025-02-09T02:00:00.000Z,2344587,Annie Cesar,Annie,Cesar,3,1,active,True,False,False,False,False,,False,,False,,False,,False,,LOVB Omaha,OMA,OMA,emerald
2161306,2025,2025-02-09T02:00:00.000Z,2336972,Justine Wong-Orantes,Justine,Wong-Orantes,4,1,active,False,False,False,True,False,,False,,False,,False,,False,,LOVB Omaha,OMA,OMA,emerald
2161306,2025,2025-02-09T02:00:00.000Z,2344589,Jaali Winters,Jaali,Winters,5,2,active,False,False,False,False,True,5.0,True,5.0,True,5.0,True,5.0,True,5.0,LOVB Omaha,OMA,OMA,emerald
2161306,2025,2025-02-09T02:00:00.000Z,2344590,Vicky Savard,Vicky,Savard,7,2,active,True,False,False,False,False,,False,,False,,False,,False,,LOVB Omaha,OMA,OMA,emerald
2161306,2025,2025-02-09T02:00:00.000Z,2344596,Kimberly Drewniok,Kimberly,Drewniok,8,3,active,True,False,False,False,False,,False,,False,,False,,True,4.0,LOVB Omaha,OMA,OMA,emerald
2161306,2025,2025-02-09T02:00:00.000Z,2336975,Jordan Larson,Jordan,Larson,10,2,active,False,False,True,False,True,2.0,True,2.0,True,2.0,True,2.0,True,2.0,LOVB Omaha,OMA,OMA,emerald
2161306,2025,2025-02-09T02:00:00.000Z,2344591,Amber Stivrins,Amber,Stivrins,11,2,active,False,False,False,False,False,,False,,False,,False,,False,,LOVB Omaha,OMA,OMA,emerald
2161306,2025,2025-02-09T02:00:00.000Z,2344597,Audriana Fitzmorris,Audriana,Fitzmorris,12,3,active,False,False,False,False,False,,False,,False,,False,,False,,LOVB Omaha,OMA,OMA,emerald
2161306,2025,2025-02-09T02:00:00.000Z,2344586,Gabby Blossom,Gabby,Blossom,13,5,active,False,False,False,False,True,1.0,True,1.0,True,1.0,True,1.0,False,,LOVB Omaha,OMA,OMA,emerald
2161306,2025,2025-02-09T02:00:00.000Z,2344585,Laura Dijkema,Laura,Dijkema,14,5,active,True,False,False,False,False,,False,,False,,False,,True,1.0,LOVB Omaha,OMA,OMA,emerald
2161306,2025,2025-02-09T02:00:00.000Z,2344592,Candelaria Herrera,Candelaria,Herrera,17,4,active,True,False,False,False,True,6.0,True,6.0,True,6.0,True,6.0,True,6.0,LOVB Omaha,OMA,OMA,emerald
2161306,2025,2025-02-09T02:00:00.000Z,2344595,Lauren Stivrins,Lauren,Stivrins,26,4,active,False,False,False,False,True,4.0,True,4.0,True,4.0,True,4.0,False,,LOVB Omaha,OMA,OMA,emerald
2161306,2025,2025-02-09T02:00:00.000Z,2344588,Madi Kubik-Banks,Madi,Kubik-Banks,33,2,active,False,False,False,False,False,,False,,False,,False,,False,,LOVB Omaha,OMA,OMA,emerald
2161307,2025,2025-02-20T01:00:00.000Z,2344609,Khat Bell,Khat,Bell,1,3,active,False,False,False,False,False,,False,,False,,False,,,,LOVB Austin,ATX,ATX,violet
2161307,2025,2025-02-20T01:00:00.000Z,2344604,Leah Hardeman,Leah,Hardeman,2,2,active,False,False,False,False,False,,False,,False,,False,,,,LOVB Austin,ATX,ATX,violet
2161307,2025,2025-02-20T01:00:00.000Z,2344598,Carli Lloyd,Carli,Lloyd,3,5,active,False,False,True,False,False,,False,,False,,False,,,,LOVB Austin,ATX,ATX,violet
2161307,2025,2025-02-20T01:00:00.000Z,2344608,Molly McCage,Molly,McCage,5,4,active,False,False,False,False,True,2.0,True,2.0,True,2.0,True,4.0,,,LOVB Austin,ATX,ATX,violet
2161307,2025,2025-02-20T01:00:00.000Z,2344603,Alessia Gennari,Alessia,Gennari,6,2,active,True,False,False,False,False,,False,,False,,False,,,,LOVB Austin,ATX,ATX,violet
2161307,2025,2025-02-20T01:00:00.000Z,2344607,Asjia O´Neal,Asjia,O´Neal,7,4,active,False,False,False,False,False,,False,,True,5.0,True,1.0,,,LOVB Austin,ATX,ATX,violet
2161307,2025,2025-02-20T01:00:00.000Z,2344600,Saige Ka'aha'aina-Torres,Saige,Ka'aha'aina-Torres,9,5,active,False,False,False,False,True,3.0,True,3.0,True,3.0,True,5.0,,,LOVB Austin,ATX,ATX,violet
2161307,2025,2025-02-20T01:00:00.000Z,2344601,Zoe Jarvis,Zoe,Jarvis,10,1,active,False,False,False,True,False,,False,,False,,False,,,,LOVB Austin,ATX,ATX,violet
2161307,2025,2025-02-20T01:00:00.000Z,2336983,Chiaka Ogbogu,Chiaka,Ogbogu,11,4,active,False,False,False,False,True,5.0,True,5.0,False,,False,,,,LOVB Austin,ATX,ATX,violet
2161307,2025,2025-02-20T01:00:00.000Z,2344610,Carly DeHoog,Carly,DeHoog,12,2,active,False,False,False,False,False,,False,,False,,False,,,,LOVB Austin,ATX,ATX,violet
2161307,2025,2025-02-20T01:00:00.000Z,2344606,Juliann Faucette,Juliann,Faucette,13,2,active,False,False,False,False,False,,False,,False,,False,,,,LOVB Austin,ATX,ATX,violet
2161307,2025,2025-02-20T01:00:00.000Z,2344602,Kotoe Inoue,Kotoe,Inoue,15,1,active,True,False,False,False,True,1.0,False,,True,1.0,False,,,,LOVB Austin,ATX,ATX,violet
2161307,2025,2025-02-20T01:00:00.000Z,2349176,Madisen Skinner,Madisen,Skinner,16,3,active,False,False,False,False,True,6.0,True,6.0,True,6.0,True,2.0,,,LOVB Austin,ATX,ATX,violet
2161307,2025,2025-02-20T01:00:00.000Z,2344605,Anna Haak,Anna,Haak,17,2,active,True,False,False,False,True,4.0,True,4.0,True,4.0,True,6.0,,,LOVB Austin,ATX,ATX,violet
2161307,2025,2025-02-20T01:00:00.000Z,2344599,Logan Eggleston,Logan,Eggleston,33,2,active,False,False,False,False,False,,True,1.0,False,,True,3.0,,,LOVB Austin,ATX,ATX,violet
2161307,2025,2025-02-20T01:00:00.000Z,2344621,Grace Frohling,Grace,Frohling,1,3,active,False,False,False,False,True,4.0,True,5.0,True,4.0,True,3.0,,,LOVB Houston,HTX,HTX,babyBlue
2161307,2025,2025-02-20T01:00:00.000Z,2344616,Karin Palgutova,Karin,Palgutova,2,2,active,True,False,False,False,True,5.0,True,6.0,True,5.0,False,,,,LOVB Houston,HTX,HTX,babyBlue
2161307,2025,2025-02-20T01:00:00.000Z,2344618,Amber Igiede,Amber,Igiede,3,4,active,False,False,False,False,True,3.0,True,4.0,True,3.0,True,2.0,,,LOVB Houston,HTX,HTX,babyBlue
2161307,2025,2025-02-20T01:00:00.000Z,2344612,Anna Pogany,Anna,Pogany,4,1,active,True,False,False,False,False,,False,,False,,False,,,,LOVB Houston,HTX,HTX,babyBlue
2161307,2025,2025-02-20T01:00:00.000Z,2349315,Jess Mruzik,Jess,Mruzik,5,2,active,False,False,False,False,False,,False,,False,,True,4.0,,,LOVB Houston,HTX,HTX,babyBlue
2161307,2025,2025-02-20T01:00:00.000Z,2344617,Raphaela Folie,Raphaela,Folie,7,4,active,True,False,False,False,False,,False,,False,,False,,,,LOVB Houston,HTX,HTX,babyBlue
2161307,2025,2025-02-20T01:00:00.000Z,2344619,Christina Bauer,Christina,Bauer,8,3,active,True,False,False,False,True,6.0,True,1.0,True,6.0,True,5.0,,,LOVB Houston,HTX,HTX,babyBlue
2161307,2025,2025-02-20T01:00:00.000Z,2344614,Madi Kingdon Rishel,Madi,Kingdon Rishel,9,2,active,False,False,False,False,False,,False,,False,,False,,,,LOVB Houston,HTX,HTX,babyBlue
2161307,2025,2025-02-20T01:00:00.000Z,2344611,Kaisa Alanko,Kaisa,Alanko,10,5,active,True,False,False,False,True,1.0,True,2.0,True,1.0,True,6.0,,,LOVB Houston,HTX,HTX,babyBlue
2161307,2025,2025-02-20T01:00:00.000Z,2344620,Anita Anwusi,Anita,Anwusi,11,4,active,False,False,False,False,False,,False,,False,,False,,,,LOVB Houston,HTX,HTX,babyBlue
2161307,2025,2025-02-20T01:00:00.000Z,2336967,Micha Hancock,Micha,Hancock,12,5,active,False,False,True,False,False,,False,,False,,False,,,,LOVB Houston,HTX,HTX,babyBlue
2161307,2025,2025-02-20T01:00:00.000Z,2344622,Julia Brown,Julia,Brown,14,2,active,False,False,False,False,False,,False,,False,,False,,,,LOVB Houston,HTX,HTX,babyBlue
2161307,2025,2025-02-20T01:00:00.000Z,2344615,Sara Loda,Sara,Loda,17,2,active,True,False,False,False,True,2.0,True,3.0,True,2.0,True,1.0,,,LOVB Houston,HTX,HTX,babyBlue
2161307,2025,2025-02-20T01:00:00.000Z,2344613,Key Alves,Key,Alves,18,1,active,True,False,False,True,False,,False,,False,,False,,,,LOVB Houston,HTX,HTX,babyBlue
2161307,2025,2025-02-20T01:00:00.000Z,2336977,Jordan Thompson,Jordan,Thompson,23,3,active,False,False,False,False,False,,False,,False,,False,,,,LOVB Houston,HTX,HTX,babyBlue
2161308,2025,2025-02-20T22:30:00.000Z,2344621,Grace Frohling,Grace,Frohling,1,3,active,False,False,False,False,False,,False,,False,,,,,,LOVB Houston,HTX,HTX,babyBlue
2161308,2025,2025-02-20T22:30:00.000Z,2344616,Karin Palgutova,Karin,Palgutova,2,2,active,True,False,False,False,False,,False,,False,,,,,,LOVB Houston,HTX,HTX,babyBlue
2161308,2025,2025-02-20T22:30:00.000Z,2344618,Amber Igiede,Amber,Igiede,3,4,active,False,False,False,False,True,3.0,True,4.0,True,3.0,,,,,LOVB Houston,HTX,HTX,babyBlue
2161308,2025,2025-02-20T22:30:00.000Z,2344612,Anna Pogany,Anna,Pogany,4,1,active,True,False,False,False,False,,False,,False,,,,,,LOVB Houston,HTX,HTX,babyBlue
2161308,2025,2025-02-20T22:30:00.000Z,2349315,Jess Mruzik,Jess,Mruzik,5,2,active,False,False,False,False,True,5.0,True,6.0,True,5.0,,,,,LOVB Houston,HTX,HTX,babyBlue
2161308,2025,2025-02-20T22:30:00.000Z,2344617,Raphaela Folie,Raphaela,Folie,7,4,active,True,False,False,False,False,,False,,False,,,,,,LOVB Houston,HTX,HTX,babyBlue
2161308,2025,2025-02-20T22:30:00.000Z,2344619,Christina Bauer,Christina,Bauer,8,3,active,True,False,False,False,True,6.0,True,1.0,True,6.0,,,,,LOVB Houston,HTX,HTX,babyBlue
2161308,2025,2025-02-20T22:30:00.000Z,2344614,Madi Kingdon Rishel,Madi,Kingdon Rishel,9,2,active,False,False,False,False,True,2.0,True,3.0,True,2.0,,,,,LOVB Houston,HTX,HTX,babyBlue
2161308,2025,2025-02-20T22:30:00.000Z,2344611,Kaisa Alanko,Kaisa,Alanko,10,5,active,True,False,False,False,False,,False,,False,,,,,,LOVB Houston,HTX,HTX,babyBlue
2161308,2025,2025-02-20T22:30:00.000Z,2344620,Anita Anwusi,Anita,Anwusi,11,4,active,False,False,False,False,False,,False,,False,,,,,,LOVB Houston,HTX,HTX,babyBlue
2161308,2025,2025-02-20T22:30:00.000Z,2336967,Micha Hancock,Micha,Hancock,12,5,active,False,False,True,False,True,1.0,True,2.0,True,1.0,,,,,LOVB Houston,HTX,HTX,babyBlue
2161308,2025,2025-02-20T22:30:00.000Z,2344622,Julia Brown,Julia,Brown,14,2,active,False,False,False,False,False,,False,,False,,,,,,LOVB Houston,HTX,HTX,babyBlue
2161308,2025,2025-02-20T22:30:00.000Z,2344615,Sara Loda,Sara,Loda,17,2,active,True,False,False,False,False,,False,,False,,,,,,LOVB Houston,HTX,HTX,babyBlue
2161308,2025,2025-02-20T22:30:00.000Z,2344613,Key Alves,Key,Alves,18,1,active,True,False,False,True,False,,False,,False,,,,,,LOVB Houston,HTX,HTX,babyBlue
2161308,2025,2025-02-20T22:30:00.000Z,2336977,Jordan Thompson,Jordan,Thompson,23,3,active,False,False,False,False,True,4.0,True,5.0,True,4.0,,,,,LOVB Houston,HTX,HTX,babyBlue
2161308,2025,2025-02-20T22:30:00.000Z,2349314,Lexi Rodriguez,Lexi,Rodriguez,1,1,active,False,False,False,False,False,,False,,False,,,,,,LOVB Omaha,OMA,OMA,apple
2161308,2025,2025-02-20T22:30:00.000Z,2344593,Emily Thater,Emily,Thater,2,4,active,False,False,False,False,True,4.0,True,3.0,True,3.0,,,,,LOVB Omaha,OMA,OMA,apple
2161308,2025,2025-02-20T22:30:00.000Z,2344587,Annie Cesar,Annie,Cesar,3,1,active,True,False,False,False,False,,False,,False,,,,,,LOVB Omaha,OMA,OMA,apple
2161308,2025,2025-02-20T22:30:00.000Z,2336972,Justine Wong-Orantes,Justine,Wong-Orantes,4,1,active,False,False,False,True,False,,False,,False,,,,,,LOVB Omaha,OMA,OMA,apple
2161308,2025,2025-02-20T22:30:00.000Z,2344589,Jaali Winters,Jaali,Winters,5,2,active,False,False,False,False,True,6.0,True,5.0,True,5.0,,,,,LOVB Omaha,OMA,OMA,apple
2161308,2025,2025-02-20T22:30:00.000Z,2344590,Vicky Savard,Vicky,Savard,7,2,active,True,False,False,False,False,,False,,False,,,,,,LOVB Omaha,OMA,OMA,apple
2161308,2025,2025-02-20T22:30:00.000Z,2344596,Kimberly Drewniok,Kimberly,Drewniok,8,3,active,True,False,False,False,False,,False,,False,,,,,,LOVB Omaha,OMA,OMA,apple
2161308,2025,2025-02-20T22:30:00.000Z,2336975,Jordan Larson,Jordan,Larson,10,2,active,False,False,True,False,True,3.0,True,2.0,True,2.0,,,,,LOVB Omaha,OMA,OMA,apple
2161308,2025,2025-02-20T22:30:00.000Z,2344591,Amber Stivrins,Amber,Stivrins,11,2,active,False,False,False,False,False,,False,,False,,,,,,LOVB Omaha,OMA,OMA,apple
2161308,2025,2025-02-20T22:30:00.000Z,2344597,Audriana Fitzmorris,Audriana,Fitzmorris,12,3,active,False,False,False,False,True,5.0,True,4.0,True,4.0,,,,,LOVB Omaha,OMA,OMA,apple
2161308,2025,2025-02-20T22:30:00.000Z,2344586,Gabby Blossom,Gabby,Blossom,13,5,active,False,False,False,False,True,2.0,True,1.0,True,1.0,,,,,LOVB Omaha,OMA,OMA,apple
2161308,2025,2025-02-20T22:30:00.000Z,2344585,Laura Dijkema,Laura,Dijkema,14,5,active,True,False,False,False,False,,False,,False,,,,,,LOVB Omaha,OMA,OMA,apple
2161308,2025,2025-02-20T22:30:00.000Z,2344592,Candelaria Herrera,Candelaria,Herrera,17,4,active,True,False,False,False,False,,False,,False,,,,,,LOVB Omaha,OMA,OMA,apple
2161308,2025,2025-02-20T22:30:00.000Z,2344595,Lauren Stivrins,Lauren,Stivrins,26,4,active,False,False,False,False,True,1.0,True,6.0,True,6.0,,,,,LOVB Omaha,OMA,OMA,apple
2161308,2025,2025-02-20T22:30:00.000Z,2344588,Madi Kubik-Banks,Madi,Kubik-Banks,33,2,active,False,False,False,False,False,,False,,False,,,,,,LOVB Omaha,OMA,OMA,apple
2161309,2025,2025-02-21T01:00:00.000Z,2344609,Khat Bell,Khat,Bell,1,3,active,False,False,False,False,False,,True,6.0,True,4.0,False,,,,LOVB Austin,ATX,ATX,violet
2161309,2025,2025-02-21T01:00:00.000Z,2344604,Leah Hardeman,Leah,Hardeman,2,2,active,False,False,False,False,True,4.0,True,4.0,True,2.0,False,,,,LOVB Austin,ATX,ATX,violet
2161309,2025,2025-02-21T01:00:00.000Z,2344598,Carli Lloyd,Carli,Lloyd,3,5,active,False,False,True,False,True,3.0,True,3.0,True,1.0,True,3.0,,,LOVB Austin,ATX,ATX,violet
2161309,2025,2025-02-21T01:00:00.000Z,2344608,Molly McCage,Molly,McCage,5,4,active,False,False,False,False,True,2.0,True,2.0,True,6.0,True,2.0,,,LOVB Austin,ATX,ATX,violet
2161309,2025,2025-02-21T01:00:00.000Z,2344603,Alessia Gennari,Alessia,Gennari,6,2,active,True,False,False,False,False,,False,,False,,False,,,,LOVB Austin,ATX,ATX,violet
2161309,2025,2025-02-21T01:00:00.000Z,2344607,Asjia O´Neal,Asjia,O´Neal,7,4,active,False,False,False,False,True,5.0,True,5.0,True,3.0,True,5.0,,,LOVB Austin,ATX,ATX,violet
2161309,2025,2025-02-21T01:00:00.000Z,2344600,Saige Ka'aha'aina-Torres,Saige,Ka'aha'aina-Torres,9,5,active,False,False,False,False,False,,False,,False,,False,,,,LOVB Austin,ATX,ATX,violet
2161309,2025,2025-02-21T01:00:00.000Z,2344601,Zoe Jarvis,Zoe,Jarvis,10,1,active,False,False,False,False,True,1.0,False,,False,,False,,,,LOVB Austin,ATX,ATX,violet
2161309,2025,2025-02-21T01:00:00.000Z,2336983,Chiaka Ogbogu,Chiaka,Ogbogu,11,4,active,False,False,False,False,False,,False,,False,,False,,,,LOVB Austin,ATX,ATX,violet
2161309,2025,2025-02-21T01:00:00.000Z,2344610,Carly DeHoog,Carly,DeHoog,12,2,active,False,False,False,False,False,,False,,False,,False,,,,LOVB Austin,ATX,ATX,violet
2161309,2025,2025-02-21T01:00:00.000Z,2344606,Juliann Faucette,Juliann,Faucette,13,2,active,False,False,False,False,False,,False,,False,,False,,,,LOVB Austin,ATX,ATX,violet
2161309,2025,2025-02-21T01:00:00.000Z,2344602,Kotoe Inoue,Kotoe,Inoue,15,1,active,True,False,False,True,False,,False,,False,,False,,,,LOVB Austin,ATX,ATX,violet
2161309,2025,2025-02-21T01:00:00.000Z,2349176,Madisen Skinner,Madisen,Skinner,16,3,active,False,False,False,False,True,6.0,False,,False,,True,6.0,,,LOVB Austin,ATX,ATX,violet
2161309,2025,2025-02-21T01:00:00.000Z,2344605,Anna Haak,Anna,Haak,17,2,active,True,False,False,False,False,,False,,False,,True,4.0,,,LOVB Austin,ATX,ATX,violet
2161309,2025,2025-02-21T01:00:00.000Z,2344599,Logan Eggleston,Logan,Eggleston,33,2,active,False,False,False,False,False,,True,1.0,True,5.0,True,1.0,,,LOVB Austin,ATX,ATX,violet
2161309,2025,2025-02-21T01:00:00.000Z,2336969,Jordyn Poulter,Jordyn,Poulter,1,5,active,False,False,True,False,True,1.0,True,1.0,True,1.0,True,1.0,,,LOVB Salt Lake,SLC,SLC,brightYellow
2161309,2025,2025-02-21T01:00:00.000Z,2344542,Tamaki Matsui,Tamaki,Matsui,2,5,active,True,False,False,False,False,,False,,False,,False,,,,LOVB Salt Lake,SLC,SLC,brightYellow
2161309,2025,2025-02-21T01:00:00.000Z,2344549,Morgan Miller,Morgan,Miller,3,2,active,False,False,False,False,False,,False,,False,,False,,,,LOVB Salt Lake,SLC,SLC,brightYellow
2161309,2025,2025-02-21T01:00:00.000Z,2344547,Maddie Haynes,Maddie,Haynes,4,2,active,False,False,False,False,True,2.0,True,2.0,True,2.0,True,2.0,,,LOVB Salt Lake,SLC,SLC,brightYellow
2161309,2025,2025-02-21T01:00:00.000Z,2344554,Skylar Fields,Skylar,Fields,5,3,active,False,False,False,False,True,4.0,False,,False,,False,,,,LOVB Salt Lake,SLC,SLC,brightYellow
2161309,2025,2025-02-21T01:00:00.000Z,2344551,Tori Dixon,Tori,Dixon,6,4,active,False,False,False,False,True,6.0,True,6.0,True,6.0,True,6.0,,,LOVB Salt Lake,SLC,SLC,brightYellow
2161309,2025,2025-02-21T01:00:00.000Z,2349080,Sophie Fischer,Sophie,Fischer,7,4,active,False,False,False,False,False,,False,,False,,False,,,,LOVB Salt Lake,SLC,SLC,brightYellow
2161309,2025,2025-02-21T01:00:00.000Z,2344550,Serena Gray,Serena,Gray,11,4,active,False,False,False,False,True,3.0,True,3.0,True,3.0,True,3.0,,,LOVB Salt Lake,SLC,SLC,brightYellow
2161309,2025,2025-02-21T01:00:00.000Z,2344546,Roni Jones-Perry,Roni,Jones-Perry,12,2,active,False,False,False,False,False,,False,,False,,True,5.0,,,LOVB Salt Lake,SLC,SLC,brightYellow
2161309,2025,2025-02-21T01:00:00.000Z,2336979,Haleigh Washington,Haleigh,Washington,15,4,active,False,False,False,False,False,,False,,False,,False,,,,LOVB Salt Lake,SLC,SLC,brightYellow
2161309,2025,2025-02-21T01:00:00.000Z,2342469,Manami Kojima,Manami,Kojima,16,1,active,True,False,False,True,False,,False,,False,,False,,,,LOVB Salt Lake,SLC,SLC,brightYellow
2161309,2025,2025-02-21T01:00:00.000Z,2344545,Dani Drews,Dani,Drews,17,2,active,False,False,False,False,True,5.0,True,5.0,True,5.0,False,,,,LOVB Salt Lake,SLC,SLC,brightYellow
2161309,2025,2025-02-21T01:00:00.000Z,2344544,Mary Lake,Mary,Lake,18,1,active,False,False,False,False,False,,False,,False,,False,,,,LOVB Salt Lake,SLC,SLC,brightYellow
2161309,2025,2025-02-21T01:00:00.000Z,2344548,Claire Hoffman,Claire,Hoffman,21,2,active,False,False,False,False,False,,False,,False,,False,,,,LOVB Salt Lake,SLC,SLC,brightYellow
2161309,2025,2025-02-21T01:00:00.000Z,2344553,Heidy Casanova,Heidy,Casanova,33,3,active,True,False,False,False,False,,True,4.0,True,4.0,True,4.0,,,LOVB Salt Lake,SLC,SLC,brightYellow
2161310,2025,2025-02-22T00:30:00.000Z,2344566,Piyanut Pannoy,Piyanut,Pannoy,2,1,active,True,False,False,True,False,,False,,False,,False,,False,,LOVB Atlanta,ATL,ATL,hotPink
2161310,2025,2025-02-22T00:30:00.000Z,2344565,Marta Bechis,Marta,Bechis,3,5,active,True,False,False,False,False,,False,,False,,False,,False,,LOVB Atlanta,ATL,ATL,hotPink
2161310,2025,2025-02-22T00:30:00.000Z,2344568,Jessica Rivero Marin,Jessica,Rivero Marin,4,2,active,True,False,False,False,False,,False,,False,,False,,False,,LOVB Atlanta,ATL,ATL,hotPink
2161310,2025,2025-02-22T00:30:00.000Z,2344571,Kayla Haneline,Kayla,Haneline,8,4,active,False,False,False,False,False,,False,,False,,False,,False,,LOVB Atlanta,ATL,ATL,hotPink
2161310,2025,2025-02-22T00:30:00.000Z,2344564,Iga Wasilewska,Iga,Wasilewska,9,4,active,True,False,False,False,False,,False,,False,,False,,False,,LOVB Atlanta,ATL,ATL,hotPink
2161310,2025,2025-02-22T00:30:00.000Z,2344427,Madi Bugg,Madi,Bugg,10,5,active,False,False,False,False,False,,False,,False,,False,,False,,LOVB Atlanta,ATL,ATL,hotPink
2161310,2025,2025-02-22T00:30:00.000Z,2349081,Onye Ofoegbu,Onye,Ofoegbu,11,4,active,False,False,False,False,False,,False,,False,,False,,False,,LOVB Atlanta,ATL,ATL,hotPink
2161310,2025,2025-02-22T00:30:00.000Z,2351343,Rachel Fairbanks,Rachel,Fairbanks,12,5,active,False,False,False,False,True,1.0,True,6.0,True,1.0,True,1.0,True,1.0,LOVB Atlanta,ATL,ATL,hotPink
2161310,2025,2025-02-22T00:30:00.000Z,2344425,McKenzie Adams,McKenzie,Adams,13,2,active,False,False,False,False,True,5.0,True,4.0,True,5.0,True,5.0,True,5.0,LOVB Atlanta,ATL,ATL,hotPink
2161310,2025,2025-02-22T00:30:00.000Z,2344570,Tia Jimerson,Tia,Jimerson,14,4,active,False,False,False,False,True,6.0,True,5.0,True,6.0,True,6.0,True,6.0,LOVB Atlanta,ATL,ATL,hotPink
2161310,2025,2025-02-22T00:30:00.000Z,2344573,Magdalena Jehlarova,Magdalena,Jehlarova,15,4,active,True,False,False,False,True,3.0,True,2.0,True,3.0,True,3.0,True,3.0,LOVB Atlanta,ATL,ATL,hotPink
2161310,2025,2025-02-22T00:30:00.000Z,2344567,Beatrice Negretti,Beatrice,Negretti,16,1,active,True,False,False,False,False,,False,,False,,False,,False,,LOVB Atlanta,ATL,ATL,hotPink
2161310,2025,2025-02-22T00:30:00.000Z,2344574,Tessa Grubbs,Tessa,Grubbs,17,3,active,False,False,False,False,False,,False,,False,,False,,False,,LOVB Atlanta,ATL,ATL,hotPink
2161310,2025,2025-02-22T00:30:00.000Z,2344572,Danielle Cuttino,Danielle,Cuttino,20,3,active,False,False,False,False,True,4.0,True,3.0,True,4.0,True,4.0,True,4.0,LOVB Atlanta,ATL,ATL,hotPink
2161310,2025,2025-02-22T00:30:00.000Z,2342511,Kelsey Cook,Kelsey,Cook,23,2,active,False,False,True,False,True,2.0,True,1.0,True,2.0,True,2.0,True,2.0,LOVB Atlanta,ATL,ATL,hotPink
2161310,2025,2025-02-22T00:30:00.000Z,2344569,Gia Day,Gia,Day,77,2,active,False,False,False,False,False,,False,,False,,False,,False,,LOVB Atlanta,ATL,ATL,hotPink
2161310,2025,2025-02-22T00:30:00.000Z,2344576,Daly Santana,Daly,Santana,1,2,active,True,False,False,False,False,,False,,False,,False,,False,,LOVB Madison,MAD,MAD,brightBlue
2161310,2025,2025-02-22T00:30:00.000Z,2342510,Anna Hall,Anna,Hall,2,4,active,False,False,False,False,True,1.0,True,3.0,True,5.0,True,5.0,True,5.0,LOVB Madison,MAD,MAD,brightBlue
2161310,2025,2025-02-22T00:30:00.000Z,2344581,Mariena Hayden,Mariena,Hayden,3,2,active,False,False,False,False,False,,False,,False,,False,,False,,LOVB Madison,MAD,MAD,brightBlue
2161310,2025,2025-02-22T00:30:00.000Z,2344577,Milica Medved,Milica,Medved,4,1,active,True,False,False,True,False,,False,,False,,False,,False,,LOVB Madison,MAD,MAD,brightBlue
2161310,2025,2025-02-22T00:30:00.000Z,2344578,Simin Wang,Simin,Wang,5,1,active,True,False,False,False,False,,False,,False,,False,,False,,LOVB Madison,MAD,MAD,brightBlue
2161310,2025,2025-02-22T00:30:00.000Z,2344579,Jennifer Janiska,Jennifer,Janiska,6,2,active,True,False,False,False,True,3.0,True,5.0,True,1.0,True,1.0,True,1.0,LOVB Madison,MAD,MAD,brightBlue
2161310,2025,2025-02-22T00:30:00.000Z,2342508,Lauren Carlini,Lauren,Carlini,7,5,active,False,False,True,False,True,5.0,True,1.0,True,3.0,True,3.0,True,3.0,LOVB Madison,MAD,MAD,brightBlue
2161310,2025,2025-02-22T00:30:00.000Z,2344584,Claire Felix,Claire,Felix,8,4,active,False,False,False,False,False,,False,,False,,False,,False,,LOVB Madison,MAD,MAD,brightBlue
2161310,2025,2025-02-22T00:30:00.000Z,2344580,Claire Chaussee,Claire,Chaussee,9,2,active,False,False,False,False,False,,False,,False,,False,,False,,LOVB Madison,MAD,MAD,brightBlue
2161310,2025,2025-02-22T00:30:00.000Z,2344583,Taylor Sandbothe,Taylor,Sandbothe,10,4,active,False,False,False,False,True,4.0,False,,False,,False,,False,,LOVB Madison,MAD,MAD,brightBlue
2161310,2025,2025-02-22T00:30:00.000Z,2342509,Annie Drews Schumacher,Annie,Drews Schumacher,11,3,active,False,False,False,False,True,2.0,True,4.0,True,6.0,True,6.0,True,6.0,LOVB Madison,MAD,MAD,brightBlue
2161310,2025,2025-02-22T00:30:00.000Z,2344582,Temi Thomas-Ailara,Temi,Thomas-Ailara,12,3,active,False,False,False,False,False,,False,,False,,False,,False,,LOVB Madison,MAD,MAD,brightBlue
2161310,2025,2025-02-22T00:30:00.000Z,2349141,Sarah Franklin,Sarah,Franklin,13,2,active,False,False,False,False,True,6.0,True,2.0,True,4.0,True,4.0,True,4.0,LOVB Madison,MAD,MAD,brightBlue
2161310,2025,2025-02-22T00:30:00.000Z,2344575,Danica Markovic,Danica,Markovic,14,5,active,True,False,False,False,False,,False,,False,,False,,False,,LOVB Madison,MAD,MAD,brightBlue
2161310,2025,2025-02-22T00:30:00.000Z,2349077,Ana Beatriz Correa,Ana Beatriz,Correa,27,4,active,True,False,False,False,False,,True,6.0,True,2.0,True,2.0,True,2.0,LOVB Madison,MAD,MAD,brightBlue
2161311,2025,2025-02-14T22:30:00.000Z,2344621,Grace Frohling,Grace,Frohling,1,3,active,False,False,False,False,False,,False,,False,,,,,,LOVB Houston,HTX,HTX,sapphire
2161311,2025,2025-02-14T22:30:00.000Z,2344616,Karin Palgutova,Karin,Palgutova,2,2,active,True,False,False,False,False,,False,,False,,,,,,LOVB Houston,HTX,HTX,sapphire
2161311,2025,2025-02-14T22:30:00.000Z,2344618,Amber Igiede,Amber,Igiede,3,4,active,False,False,False,False,True,5.0,True,6.0,True,6.0,,,,,LOVB Houston,HTX,HTX,sapphire
2161311,2025,2025-02-14T22:30:00.000Z,2344612,Anna Pogany,Anna,Pogany,4,1,active,True,False,False,True,False,,False,,False,,,,,,LOVB Houston,HTX,HTX,sapphire
2161311,2025,2025-02-14T22:30:00.000Z,2349315,Jess Mruzik,Jess,Mruzik,5,2,active,False,False,False,False,True,4.0,True,5.0,True,5.0,,,,,LOVB Houston,HTX,HTX,sapphire
2161311,2025,2025-02-14T22:30:00.000Z,2344617,Raphaela Folie,Raphaela,Folie,7,4,active,True,False,False,False,True,2.0,True,3.0,True,3.0,,,,,LOVB Houston,HTX,HTX,sapphire
2161311,2025,2025-02-14T22:30:00.000Z,2344619,Christina Bauer,Christina,Bauer,8,3,active,True,False,False,False,False,,False,,False,,,,,,LOVB Houston,HTX,HTX,sapphire
2161311,2025,2025-02-14T22:30:00.000Z,2344614,Madi Kingdon Rishel,Madi,Kingdon Rishel,9,2,active,False,False,False,False,True,1.0,True,2.0,True,2.0,,,,,LOVB Houston,HTX,HTX,sapphire
2161311,2025,2025-02-14T22:30:00.000Z,2344611,Kaisa Alanko,Kaisa,Alanko,10,5,active,True,False,False,False,True,6.0,True,1.0,True,1.0,,,,,LOVB Houston,HTX,HTX,sapphire
2161311,2025,2025-02-14T22:30:00.000Z,2344620,Anita Anwusi,Anita,Anwusi,11,4,active,False,False,False,False,False,,False,,False,,,,,,LOVB Houston,HTX,HTX,sapphire
2161311,2025,2025-02-14T22:30:00.000Z,2336967,Micha Hancock,Micha,Hancock,12,5,active,False,False,True,False,False,,False,,False,,,,,,LOVB Houston,HTX,HTX,sapphire
2161311,2025,2025-02-14T22:30:00.000Z,2344622,Julia Brown,Julia,Brown,14,2,active,False,False,False,False,False,,False,,False,,,,,,LOVB Houston,HTX,HTX,sapphire
2161311,2025,2025-02-14T22:30:00.000Z,2344615,Sara Loda,Sara,Loda,17,2,active,True,False,False,False,False,,False,,False,,,,,,LOVB Houston,HTX,HTX,sapphire
2161311,2025,2025-02-14T22:30:00.000Z,2344613,Key Alves,Key,Alves,18,1,active,True,False,False,False,False,,False,,False,,,,,,LOVB Houston,HTX,HTX,sapphire
2161311,2025,2025-02-14T22:30:00.000Z,2336977,Jordan Thompson,Jordan,Thompson,23,3,active,False,False,False,False,True,3.0,True,4.0,True,4.0,,,,,LOVB Houston,HTX,HTX,sapphire
2161311,2025,2025-02-14T22:30:00.000Z,2344576,Daly Santana,Daly,Santana,1,2,active,True,False,False,False,False,,False,,False,,,,,,LOVB Madison,MAD,MAD,babyBlue
2161311,2025,2025-02-14T22:30:00.000Z,2342510,Anna Hall,Anna,Hall,2,4,active,False,False,False,False,True,2.0,True,2.0,True,2.0,,,,,LOVB Madison,MAD,MAD,babyBlue
2161311,2025,2025-02-14T22:30:00.000Z,2344581,Mariena Hayden,Mariena,Hayden,3,2,active,False,False,False,False,False,,False,,False,,,,,,LOVB Madison,MAD,MAD,babyBlue
2161311,2025,2025-02-14T22:30:00.000Z,2344577,Milica Medved,Milica,Medved,4,1,active,True,False,False,True,False,,False,,False,,,,,,LOVB Madison,MAD,MAD,babyBlue
2161311,2025,2025-02-14T22:30:00.000Z,2344578,Simin Wang,Simin,Wang,5,1,active,True,False,False,False,False,,False,,False,,,,,,LOVB Madison,MAD,MAD,babyBlue
2161311,2025,2025-02-14T22:30:00.000Z,2344579,Jennifer Janiska,Jennifer,Janiska,6,2,active,True,False,False,False,True,4.0,True,4.0,True,4.0,,,,,LOVB Madison,MAD,MAD,babyBlue
2161311,2025,2025-02-14T22:30:00.000Z,2342508,Lauren Carlini,Lauren,Carlini,7,5,active,False,False,True,False,True,6.0,True,6.0,True,6.0,,,,,LOVB Madison,MAD,MAD,babyBlue
2161311,2025,2025-02-14T22:30:00.000Z,2344584,Claire Felix,Claire,Felix,8,4,active,False,False,False,False,False,,False,,False,,,,,,LOVB Madison,MAD,MAD,babyBlue
2161311,2025,2025-02-14T22:30:00.000Z,2344580,Claire Chaussee,Claire,Chaussee,9,2,active,False,False,False,False,False,,False,,False,,,,,,LOVB Madison,MAD,MAD,babyBlue
2161311,2025,2025-02-14T22:30:00.000Z,2344583,Taylor Sandbothe,Taylor,Sandbothe,10,4,active,False,False,False,False,True,5.0,True,5.0,True,5.0,,,,,LOVB Madison,MAD,MAD,babyBlue
2161311,2025,2025-02-14T22:30:00.000Z,2342509,Annie Drews Schumacher,Annie,Drews Schumacher,11,3,active,False,False,False,False,True,3.0,True,3.0,True,3.0,,,,,LOVB Madison,MAD,MAD,babyBlue
2161311,2025,2025-02-14T22:30:00.000Z,2344582,Temi Thomas-Ailara,Temi,Thomas-Ailara,12,3,active,False,False,False,False,False,,False,,False,,,,,,LOVB Madison,MAD,MAD,babyBlue
2161311,2025,2025-02-14T22:30:00.000Z,2349141,Sarah Franklin,Sarah,Franklin,13,2,active,False,False,False,False,True,1.0,True,1.0,True,1.0,,,,,LOVB Madison,MAD,MAD,babyBlue
2161311,2025,2025-02-14T22:30:00.000Z,2344575,Danica Markovic,Danica,Markovic,14,5,active,True,False,False,False,False,,False,,False,,,,,,LOVB Madison,MAD,MAD,babyBlue
2161311,2025,2025-02-14T22:30:00.000Z,2349077,Ana Beatriz Correa,Ana Beatriz,Correa,27,4,active,True,False,False,False,False,,False,,False,,,,,,LOVB Madison,MAD,MAD,babyBlue
2161312,2025,2025-02-15T01:00:00.000Z,2336969,Jordyn Poulter,Jordyn,Poulter,1,5,active,False,False,True,False,True,1.0,True,1.0,True,1.0,True,1.0,,,LOVB Salt Lake,SLC,SLC,brightYellow
2161312,2025,2025-02-15T01:00:00.000Z,2344542,Tamaki Matsui,Tamaki,Matsui,2,5,active,True,False,False,False,False,,False,,False,,False,,,,LOVB Salt Lake,SLC,SLC,brightYellow
2161312,2025,2025-02-15T01:00:00.000Z,2344549,Morgan Miller,Morgan,Miller,3,2,active,False,False,False,False,False,,False,,False,,False,,,,LOVB Salt Lake,SLC,SLC,brightYellow
2161312,2025,2025-02-15T01:00:00.000Z,2344547,Maddie Haynes,Maddie,Haynes,4,2,active,False,False,False,False,False,,False,,True,5.0,True,5.0,,,LOVB Salt Lake,SLC,SLC,brightYellow
2161312,2025,2025-02-15T01:00:00.000Z,2344554,Skylar Fields,Skylar,Fields,5,3,active,False,False,False,False,True,4.0,True,4.0,False,,False,,,,LOVB Salt Lake,SLC,SLC,brightYellow
2161312,2025,2025-02-15T01:00:00.000Z,2344551,Tori Dixon,Tori,Dixon,6,4,active,False,False,False,False,False,,False,,True,6.0,True,6.0,,,LOVB Salt Lake,SLC,SLC,brightYellow
2161312,2025,2025-02-15T01:00:00.000Z,2349080,Sophie Fischer,Sophie,Fischer,7,4,active,False,False,False,False,False,,False,,False,,False,,,,LOVB Salt Lake,SLC,SLC,brightYellow
2161312,2025,2025-02-15T01:00:00.000Z,2344550,Serena Gray,Serena,Gray,11,4,active,False,False,False,False,True,3.0,True,3.0,True,3.0,True,3.0,,,LOVB Salt Lake,SLC,SLC,brightYellow
2161312,2025,2025-02-15T01:00:00.000Z,2344546,Roni Jones-Perry,Roni,Jones-Perry,12,2,active,False,False,False,False,True,2.0,True,2.0,True,2.0,True,2.0,,,LOVB Salt Lake,SLC,SLC,brightYellow
2161312,2025,2025-02-15T01:00:00.000Z,2336979,Haleigh Washington,Haleigh,Washington,15,4,active,False,False,False,False,True,6.0,True,6.0,False,,False,,,,LOVB Salt Lake,SLC,SLC,brightYellow
2161312,2025,2025-02-15T01:00:00.000Z,2342469,Manami Kojima,Manami,Kojima,16,1,active,True,False,False,True,False,,False,,False,,False,,,,LOVB Salt Lake,SLC,SLC,brightYellow
2161312,2025,2025-02-15T01:00:00.000Z,2344545,Dani Drews,Dani,Drews,17,2,active,False,False,False,False,True,5.0,True,5.0,False,,False,,,,LOVB Salt Lake,SLC,SLC,brightYellow
2161312,2025,2025-02-15T01:00:00.000Z,2344544,Mary Lake,Mary,Lake,18,1,active,False,False,False,False,False,,False,,False,,False,,,,LOVB Salt Lake,SLC,SLC,brightYellow
2161312,2025,2025-02-15T01:00:00.000Z,2344548,Claire Hoffman,Claire,Hoffman,21,2,active,False,False,False,False,False,,False,,False,,False,,,,LOVB Salt Lake,SLC,SLC,brightYellow
2161312,2025,2025-02-15T01:00:00.000Z,2344553,Heidy Casanova,Heidy,Casanova,33,3,active,True,False,False,False,False,,False,,True,4.0,True,4.0,,,LOVB Salt Lake,SLC,SLC,brightYellow
2161312,2025,2025-02-15T01:00:00.000Z,2344609,Khat Bell,Khat,Bell,1,3,active,False,False,False,False,False,,False,,False,,False,,,,LOVB Austin,ATX,ATX,violet
2161312,2025,2025-02-15T01:00:00.000Z,2344604,Leah Hardeman,Leah,Hardeman,2,2,active,False,False,False,False,False,,False,,False,,False,,,,LOVB Austin,ATX,ATX,violet
2161312,2025,2025-02-15T01:00:00.000Z,2344598,Carli Lloyd,Carli,Lloyd,3,5,active,False,False,True,False,False,,False,,False,,False,,,,LOVB Austin,ATX,ATX,violet
2161312,2025,2025-02-15T01:00:00.000Z,2344608,Molly McCage,Molly,McCage,5,4,active,False,False,False,False,False,,False,,False,,False,,,,LOVB Austin,ATX,ATX,violet
2161312,2025,2025-02-15T01:00:00.000Z,2344603,Alessia Gennari,Alessia,Gennari,6,2,active,True,False,False,False,False,,False,,False,,False,,,,LOVB Austin,ATX,ATX,violet
2161312,2025,2025-02-15T01:00:00.000Z,2344607,Asjia O´Neal,Asjia,O´Neal,7,4,active,False,False,False,False,True,6.0,True,1.0,True,6.0,True,1.0,,,LOVB Austin,ATX,ATX,violet
2161312,2025,2025-02-15T01:00:00.000Z,2344600,Saige Ka'aha'aina-Torres,Saige,Ka'aha'aina-Torres,9,5,active,False,False,False,False,True,1.0,True,2.0,True,1.0,True,2.0,,,LOVB Austin,ATX,ATX,violet
2161312,2025,2025-02-15T01:00:00.000Z,2344601,Zoe Jarvis,Zoe,Jarvis,10,1,active,False,False,False,True,False,,False,,False,,False,,,,LOVB Austin,ATX,ATX,violet
2161312,2025,2025-02-15T01:00:00.000Z,2336983,Chiaka Ogbogu,Chiaka,Ogbogu,11,4,active,False,False,False,False,True,3.0,True,4.0,True,3.0,True,4.0,,,LOVB Austin,ATX,ATX,violet
2161312,2025,2025-02-15T01:00:00.000Z,2344610,Carly DeHoog,Carly,DeHoog,12,2,active,False,False,False,False,False,,False,,False,,False,,,,LOVB Austin,ATX,ATX,violet
2161312,2025,2025-02-15T01:00:00.000Z,2344606,Juliann Faucette,Juliann,Faucette,13,2,active,False,False,False,False,False,,False,,False,,False,,,,LOVB Austin,ATX,ATX,violet
2161312,2025,2025-02-15T01:00:00.000Z,2344602,Kotoe Inoue,Kotoe,Inoue,15,1,active,True,False,False,False,False,,False,,False,,False,,,,LOVB Austin,ATX,ATX,violet
2161312,2025,2025-02-15T01:00:00.000Z,2349176,Madisen Skinner,Madisen,Skinner,16,3,active,False,False,False,False,True,4.0,True,5.0,True,4.0,True,5.0,,,LOVB Austin,ATX,ATX,violet
2161312,2025,2025-02-15T01:00:00.000Z,2344605,Anna Haak,Anna,Haak,17,2,active,True,False,False,False,True,2.0,True,3.0,True,2.0,True,3.0,,,LOVB Austin,ATX,ATX,violet
2161312,2025,2025-02-15T01:00:00.000Z,2344599,Logan Eggleston,Logan,Eggleston,33,2,active,False,False,False,False,True,5.0,True,6.0,True,5.0,True,6.0,,,LOVB Austin,ATX,ATX,violet
2161313,2025,2025-02-15T22:30:00.000Z,2349314,Lexi Rodriguez,Lexi,Rodriguez,1,1,active,False,False,False,False,False,,False,,False,,False,,,,LOVB Omaha,OMA,OMA,emerald
2161313,2025,2025-02-15T22:30:00.000Z,2344593,Emily Thater,Emily,Thater,2,4,active,False,False,False,False,True,3.0,True,3.0,True,3.0,True,3.0,,,LOVB Omaha,OMA,OMA,emerald
2161313,2025,2025-02-15T22:30:00.000Z,2344587,Annie Cesar,Annie,Cesar,3,1,active,True,False,False,False,False,,False,,False,,False,,,,LOVB Omaha,OMA,OMA,emerald
2161313,2025,2025-02-15T22:30:00.000Z,2336972,Justine Wong-Orantes,Justine,Wong-Orantes,4,1,active,False,False,False,True,False,,False,,False,,False,,,,LOVB Omaha,OMA,OMA,emerald
2161313,2025,2025-02-15T22:30:00.000Z,2344589,Jaali Winters,Jaali,Winters,5,2,active,False,False,False,False,True,5.0,False,,False,,True,5.0,,,LOVB Omaha,OMA,OMA,emerald
2161313,2025,2025-02-15T22:30:00.000Z,2344590,Vicky Savard,Vicky,Savard,7,2,active,True,False,False,False,False,,False,,False,,False,,,,LOVB Omaha,OMA,OMA,emerald
2161313,2025,2025-02-15T22:30:00.000Z,2344596,Kimberly Drewniok,Kimberly,Drewniok,8,3,active,True,False,False,False,False,,False,,False,,False,,,,LOVB Omaha,OMA,OMA,emerald
2161313,2025,2025-02-15T22:30:00.000Z,2336975,Jordan Larson,Jordan,Larson,10,2,active,False,False,True,False,True,2.0,True,2.0,True,2.0,True,2.0,,,LOVB Omaha,OMA,OMA,emerald
2161313,2025,2025-02-15T22:30:00.000Z,2344591,Amber Stivrins,Amber,Stivrins,11,2,active,False,False,False,False,False,,False,,False,,False,,,,LOVB Omaha,OMA,OMA,emerald
2161313,2025,2025-02-15T22:30:00.000Z,2344597,Audriana Fitzmorris,Audriana,Fitzmorris,12,3,active,False,False,False,False,True,4.0,True,4.0,True,4.0,True,4.0,,,LOVB Omaha,OMA,OMA,emerald
2161313,2025,2025-02-15T22:30:00.000Z,2344586,Gabby Blossom,Gabby,Blossom,13,5,active,False,False,False,False,True,1.0,True,1.0,True,1.0,True,1.0,,,LOVB Omaha,OMA,OMA,emerald
2161313,2025,2025-02-15T22:30:00.000Z,2344585,Laura Dijkema,Laura,Dijkema,14,5,active,True,False,False,False,False,,False,,False,,False,,,,LOVB Omaha,OMA,OMA,emerald
2161313,2025,2025-02-15T22:30:00.000Z,2344592,Candelaria Herrera,Candelaria,Herrera,17,4,active,True,False,False,False,True,6.0,True,6.0,True,6.0,True,6.0,,,LOVB Omaha,OMA,OMA,emerald
2161313,2025,2025-02-15T22:30:00.000Z,2344595,Lauren Stivrins,Lauren,Stivrins,26,4,active,False,False,False,False,False,,False,,False,,False,,,,LOVB Omaha,OMA,OMA,emerald
2161313,2025,2025-02-15T22:30:00.000Z,2344588,Madi Kubik-Banks,Madi,Kubik-Banks,33,2,active,False,False,False,False,False,,True,5.0,True,5.0,False,,,,LOVB Omaha,OMA,OMA,emerald
2161313,2025,2025-02-15T22:30:00.000Z,2344621,Grace Frohling,Grace,Frohling,1,3,active,False,False,False,False,False,,False,,False,,False,,,,LOVB Houston,HTX,HTX,iris
2161313,2025,2025-02-15T22:30:00.000Z,2344616,Karin Palgutova,Karin,Palgutova,2,2,active,True,False,False,False,False,,False,,False,,False,,,,LOVB Houston,HTX,HTX,iris
2161313,2025,2025-02-15T22:30:00.000Z,2344618,Amber Igiede,Amber,Igiede,3,4,active,False,False,False,False,True,6.0,True,6.0,True,6.0,True,1.0,,,LOVB Houston,HTX,HTX,iris
2161313,2025,2025-02-15T22:30:00.000Z,2344612,Anna Pogany,Anna,Pogany,4,1,active,True,False,False,True,False,,False,,False,,False,,,,LOVB Houston,HTX,HTX,iris
2161313,2025,2025-02-15T22:30:00.000Z,2349315,Jess Mruzik,Jess,Mruzik,5,2,active,False,False,False,False,True,5.0,True,5.0,True,5.0,True,6.0,,,LOVB Houston,HTX,HTX,iris
2161313,2025,2025-02-15T22:30:00.000Z,2344617,Raphaela Folie,Raphaela,Folie,7,4,active,True,False,False,False,True,3.0,True,3.0,True,3.0,True,4.0,,,LOVB Houston,HTX,HTX,iris
2161313,2025,2025-02-15T22:30:00.000Z,2344619,Christina Bauer,Christina,Bauer,8,3,active,True,False,False,False,False,,False,,False,,False,,,,LOVB Houston,HTX,HTX,iris
2161313,2025,2025-02-15T22:30:00.000Z,2344614,Madi Kingdon Rishel,Madi,Kingdon Rishel,9,2,active,False,False,False,False,True,2.0,True,2.0,True,2.0,True,3.0,,,LOVB Houston,HTX,HTX,iris
2161313,2025,2025-02-15T22:30:00.000Z,2344611,Kaisa Alanko,Kaisa,Alanko,10,5,active,True,False,False,False,True,1.0,True,1.0,False,,False,,,,LOVB Houston,HTX,HTX,iris
2161313,2025,2025-02-15T22:30:00.000Z,2344620,Anita Anwusi,Anita,Anwusi,11,4,active,False,False,False,False,False,,False,,False,,False,,,,LOVB Houston,HTX,HTX,iris
2161313,2025,2025-02-15T22:30:00.000Z,2336967,Micha Hancock,Micha,Hancock,12,5,active,False,False,True,False,False,,False,,True,1.0,True,2.0,,,LOVB Houston,HTX,HTX,iris
2161313,2025,2025-02-15T22:30:00.000Z,2344622,Julia Brown,Julia,Brown,14,2,active,False,False,False,False,False,,False,,False,,False,,,,LOVB Houston,HTX,HTX,iris
2161313,2025,2025-02-15T22:30:00.000Z,2344615,Sara Loda,Sara,Loda,17,2,active,True,False,False,False,False,,False,,False,,False,,,,LOVB Houston,HTX,HTX,iris
2161313,2025,2025-02-15T22:30:00.000Z,2344613,Key Alves,Key,Alves,18,1,active,True,False,False,False,False,,False,,False,,False,,,,LOVB Houston,HTX,HTX,iris
2161313,2025,2025-02-15T22:30:00.000Z,2336977,Jordan Thompson,Jordan,Thompson,23,3,active,False,False,False,False,True,4.0,True,4.0,True,4.0,True,5.0,,,LOVB Houston,HTX,HTX,iris
2161314,2025,2025-02-16T01:00:00.000Z,2344566,Piyanut Pannoy,Piyanut,Pannoy,2,1,active,True,False,False,True,False,,False,,False,,False,,,,LOVB Atlanta,ATL,ATL,hotPink
2161314,2025,2025-02-16T01:00:00.000Z,2344565,Marta Bechis,Marta,Bechis,3,5,active,True,False,False,False,False,,False,,False,,False,,,,LOVB Atlanta,ATL,ATL,hotPink
2161314,2025,2025-02-16T01:00:00.000Z,2344568,Jessica Rivero Marin,Jessica,Rivero Marin,4,2,active,True,False,False,False,False,,False,,False,,False,,,,LOVB Atlanta,ATL,ATL,hotPink
2161314,2025,2025-02-16T01:00:00.000Z,2344571,Kayla Haneline,Kayla,Haneline,8,4,active,False,False,False,False,True,2.0,True,2.0,False,,False,,,,LOVB Atlanta,ATL,ATL,hotPink
2161314,2025,2025-02-16T01:00:00.000Z,2344564,Iga Wasilewska,Iga,Wasilewska,9,4,active,True,False,False,False,False,,False,,False,,False,,,,LOVB Atlanta,ATL,ATL,hotPink
2161314,2025,2025-02-16T01:00:00.000Z,2344427,Madi Bugg,Madi,Bugg,10,5,active,False,False,False,False,False,,False,,False,,False,,,,LOVB Atlanta,ATL,ATL,hotPink
2161314,2025,2025-02-16T01:00:00.000Z,2349081,Onye Ofoegbu,Onye,Ofoegbu,11,4,active,False,False,False,False,False,,False,,False,,False,,,,LOVB Atlanta,ATL,ATL,hotPink
2161314,2025,2025-02-16T01:00:00.000Z,2351343,Rachel Fairbanks,Rachel,Fairbanks,12,5,active,False,False,False,False,True,6.0,True,6.0,True,6.0,True,5.0,,,LOVB Atlanta,ATL,ATL,hotPink
2161314,2025,2025-02-16T01:00:00.000Z,2344425,McKenzie Adams,McKenzie,Adams,13,2,active,False,False,False,False,True,4.0,True,4.0,True,4.0,False,,,,LOVB Atlanta,ATL,ATL,hotPink
2161314,2025,2025-02-16T01:00:00.000Z,2344570,Tia Jimerson,Tia,Jimerson,14,4,active,False,False,False,False,True,5.0,True,5.0,True,5.0,True,4.0,,,LOVB Atlanta,ATL,ATL,hotPink
2161314,2025,2025-02-16T01:00:00.000Z,2344573,Magdalena Jehlarova,Magdalena,Jehlarova,15,4,active,True,False,False,False,False,,False,,True,2.0,True,1.0,,,LOVB Atlanta,ATL,ATL,hotPink
2161314,2025,2025-02-16T01:00:00.000Z,2344567,Beatrice Negretti,Beatrice,Negretti,16,1,active,True,False,False,False,False,,False,,False,,False,,,,LOVB Atlanta,ATL,ATL,hotPink
2161314,2025,2025-02-16T01:00:00.000Z,2344574,Tessa Grubbs,Tessa,Grubbs,17,3,active,False,False,False,False,False,,False,,False,,False,,,,LOVB Atlanta,ATL,ATL,hotPink
2161314,2025,2025-02-16T01:00:00.000Z,2344572,Danielle Cuttino,Danielle,Cuttino,20,3,active,False,False,False,False,True,3.0,True,3.0,True,3.0,True,2.0,,,LOVB Atlanta,ATL,ATL,hotPink
2161314,2025,2025-02-16T01:00:00.000Z,2342511,Kelsey Cook,Kelsey,Cook,23,2,active,False,False,True,False,True,1.0,True,1.0,True,1.0,True,6.0,,,LOVB Atlanta,ATL,ATL,hotPink
2161314,2025,2025-02-16T01:00:00.000Z,2344569,Gia Day,Gia,Day,77,2,active,False,False,False,False,False,,False,,False,,True,3.0,,,LOVB Atlanta,ATL,ATL,hotPink
2161314,2025,2025-02-16T01:00:00.000Z,2344609,Khat Bell,Khat,Bell,1,3,active,False,False,False,False,False,,False,,False,,False,,,,LOVB Austin,ATX,ATX,violet
2161314,2025,2025-02-16T01:00:00.000Z,2344604,Leah Hardeman,Leah,Hardeman,2,2,active,False,False,False,False,False,,False,,True,2.0,True,1.0,,,LOVB Austin,ATX,ATX,violet
2161314,2025,2025-02-16T01:00:00.000Z,2344598,Carli Lloyd,Carli,Lloyd,3,5,active,False,False,True,False,False,,False,,False,,False,,,,LOVB Austin,ATX,ATX,violet
2161314,2025,2025-02-16T01:00:00.000Z,2344608,Molly McCage,Molly,McCage,5,4,active,False,False,False,False,False,,False,,False,,False,,,,LOVB Austin,ATX,ATX,violet
2161314,2025,2025-02-16T01:00:00.000Z,2344603,Alessia Gennari,Alessia,Gennari,6,2,active,True,False,False,False,False,,False,,False,,False,,,,LOVB Austin,ATX,ATX,violet
2161314,2025,2025-02-16T01:00:00.000Z,2344607,Asjia O´Neal,Asjia,O´Neal,7,4,active,False,False,False,False,True,6.0,True,6.0,True,6.0,True,5.0,,,LOVB Austin,ATX,ATX,violet
2161314,2025,2025-02-16T01:00:00.000Z,2344600,Saige Ka'aha'aina-Torres,Saige,Ka'aha'aina-Torres,9,5,active,False,False,False,False,True,1.0,True,1.0,True,1.0,True,6.0,,,LOVB Austin,ATX,ATX,violet
2161314,2025,2025-02-16T01:00:00.000Z,2344601,Zoe Jarvis,Zoe,Jarvis,10,1,active,False,False,False,True,False,,False,,False,,False,,,,LOVB Austin,ATX,ATX,violet
2161314,2025,2025-02-16T01:00:00.000Z,2336983,Chiaka Ogbogu,Chiaka,Ogbogu,11,4,active,False,False,False,False,True,3.0,True,3.0,True,3.0,True,2.0,,,LOVB Austin,ATX,ATX,violet
2161314,2025,2025-02-16T01:00:00.000Z,2344610,Carly DeHoog,Carly,DeHoog,12,2,active,False,False,False,False,False,,False,,False,,False,,,,LOVB Austin,ATX,ATX,violet
2161314,2025,2025-02-16T01:00:00.000Z,2344606,Juliann Faucette,Juliann,Faucette,13,2,active,False,False,False,False,False,,False,,False,,False,,,,LOVB Austin,ATX,ATX,violet
2161314,2025,2025-02-16T01:00:00.000Z,2344602,Kotoe Inoue,Kotoe,Inoue,15,1,active,True,False,False,False,False,,False,,False,,False,,,,LOVB Austin,ATX,ATX,violet
2161314,2025,2025-02-16T01:00:00.000Z,2349176,Madisen Skinner,Madisen,Skinner,16,3,active,False,False,False,False,True,4.0,True,4.0,True,4.0,True,3.0,,,LOVB Austin,ATX,ATX,violet
2161314,2025,2025-02-16T01:00:00.000Z,2344605,Anna Haak,Anna,Haak,17,2,active,True,False,False,False,True,2.0,True,2.0,False,,False,,,,LOVB Austin,ATX,ATX,violet
2161314,2025,2025-02-16T01:00:00.000Z,2344599,Logan Eggleston,Logan,Eggleston,33,2,active,False,False,False,False,True,5.0,True,5.0,True,5.0,True,4.0,,,LOVB Austin,ATX,ATX,violet
2161315,2025,2025-02-16T19:30:00.000Z,2336969,Jordyn Poulter,Jordyn,Poulter,1,5,active,False,False,True,False,True,1.0,True,1.0,True,1.0,True,1.0,,,LOVB Salt Lake,SLC,SLC,brightYellow
2161315,2025,2025-02-16T19:30:00.000Z,2344542,Tamaki Matsui,Tamaki,Matsui,2,5,active,True,False,False,False,False,,False,,False,,False,,,,LOVB Salt Lake,SLC,SLC,brightYellow
2161315,2025,2025-02-16T19:30:00.000Z,2344549,Morgan Miller,Morgan,Miller,3,2,active,False,False,False,False,False,,False,,False,,False,,,,LOVB Salt Lake,SLC,SLC,brightYellow
2161315,2025,2025-02-16T19:30:00.000Z,2344547,Maddie Haynes,Maddie,Haynes,4,2,active,False,False,False,False,True,2.0,True,2.0,True,2.0,True,2.0,,,LOVB Salt Lake,SLC,SLC,brightYellow
2161315,2025,2025-02-16T19:30:00.000Z,2344554,Skylar Fields,Skylar,Fields,5,3,active,False,False,False,False,True,4.0,True,4.0,True,4.0,True,4.0,,,LOVB Salt Lake,SLC,SLC,brightYellow
2161315,2025,2025-02-16T19:30:00.000Z,2344551,Tori Dixon,Tori,Dixon,6,4,active,False,False,False,False,True,6.0,True,6.0,True,6.0,True,6.0,,,LOVB Salt Lake,SLC,SLC,brightYellow
2161315,2025,2025-02-16T19:30:00.000Z,2349080,Sophie Fischer,Sophie,Fischer,7,4,active,False,False,False,False,False,,False,,False,,False,,,,LOVB Salt Lake,SLC,SLC,brightYellow
2161315,2025,2025-02-16T19:30:00.000Z,2344550,Serena Gray,Serena,Gray,11,4,active,False,False,False,False,True,3.0,True,3.0,True,3.0,True,3.0,,,LOVB Salt Lake,SLC,SLC,brightYellow
2161315,2025,2025-02-16T19:30:00.000Z,2344546,Roni Jones-Perry,Roni,Jones-Perry,12,2,active,False,False,False,False,True,5.0,False,,False,,False,,,,LOVB Salt Lake,SLC,SLC,brightYellow
2161315,2025,2025-02-16T19:30:00.000Z,2336979,Haleigh Washington,Haleigh,Washington,15,4,active,False,False,False,False,False,,False,,False,,False,,,,LOVB Salt Lake,SLC,SLC,brightYellow
2161315,2025,2025-02-16T19:30:00.000Z,2342469,Manami Kojima,Manami,Kojima,16,1,active,True,False,False,True,False,,False,,False,,False,,,,LOVB Salt Lake,SLC,SLC,brightYellow
2161315,2025,2025-02-16T19:30:00.000Z,2344545,Dani Drews,Dani,Drews,17,2,active,False,False,False,False,False,,True,5.0,True,5.0,True,5.0,,,LOVB Salt Lake,SLC,SLC,brightYellow
2161315,2025,2025-02-16T19:30:00.000Z,2344544,Mary Lake,Mary,Lake,18,1,active,False,False,False,False,False,,False,,False,,False,,,,LOVB Salt Lake,SLC,SLC,brightYellow
2161315,2025,2025-02-16T19:30:00.000Z,2344548,Claire Hoffman,Claire,Hoffman,21,2,active,False,False,False,False,False,,False,,False,,False,,,,LOVB Salt Lake,SLC,SLC,brightYellow
2161315,2025,2025-02-16T19:30:00.000Z,2344553,Heidy Casanova,Heidy,Casanova,33,3,active,True,False,False,False,False,,False,,False,,False,,,,LOVB Salt Lake,SLC,SLC,brightYellow
2161315,2025,2025-02-16T19:30:00.000Z,2344576,Daly Santana,Daly,Santana,1,2,active,True,False,False,False,False,,False,,False,,False,,,,LOVB Madison,MAD,MAD,babyBlue
2161315,2025,2025-02-16T19:30:00.000Z,2342510,Anna Hall,Anna,Hall,2,4,active,False,False,False,False,True,2.0,True,2.0,True,5.0,True,2.0,,,LOVB Madison,MAD,MAD,babyBlue
2161315,2025,2025-02-16T19:30:00.000Z,2344581,Mariena Hayden,Mariena,Hayden,3,2,active,False,False,False,False,False,,False,,False,,False,,,,LOVB Madison,MAD,MAD,babyBlue
2161315,2025,2025-02-16T19:30:00.000Z,2344577,Milica Medved,Milica,Medved,4,1,active,True,False,False,True,False,,False,,False,,False,,,,LOVB Madison,MAD,MAD,babyBlue
2161315,2025,2025-02-16T19:30:00.000Z,2344578,Simin Wang,Simin,Wang,5,1,active,True,False,False,False,False,,False,,False,,False,,,,LOVB Madison,MAD,MAD,babyBlue
2161315,2025,2025-02-16T19:30:00.000Z,2344579,Jennifer Janiska,Jennifer,Janiska,6,2,active,True,False,False,False,True,4.0,True,4.0,True,1.0,False,,,,LOVB Madison,MAD,MAD,babyBlue
2161315,2025,2025-02-16T19:30:00.000Z,2342508,Lauren Carlini,Lauren,Carlini,7,5,active,False,False,True,False,True,6.0,True,6.0,True,3.0,True,6.0,,,LOVB Madison,MAD,MAD,babyBlue
2161315,2025,2025-02-16T19:30:00.000Z,2344584,Claire Felix,Claire,Felix,8,4,active,False,False,False,False,False,,False,,False,,False,,,,LOVB Madison,MAD,MAD,babyBlue
2161315,2025,2025-02-16T19:30:00.000Z,2344580,Claire Chaussee,Claire,Chaussee,9,2,active,False,False,False,False,False,,False,,False,,True,4.0,,,LOVB Madison,MAD,MAD,babyBlue
2161315,2025,2025-02-16T19:30:00.000Z,2344583,Taylor Sandbothe,Taylor,Sandbothe,10,4,active,False,False,False,False,True,5.0,True,5.0,True,2.0,False,,,,LOVB Madison,MAD,MAD,babyBlue
2161315,2025,2025-02-16T19:30:00.000Z,2342509,Annie Drews Schumacher,Annie,Drews Schumacher,11,3,active,False,False,False,False,True,3.0,True,3.0,True,6.0,True,3.0,,,LOVB Madison,MAD,MAD,babyBlue
2161315,2025,2025-02-16T19:30:00.000Z,2344582,Temi Thomas-Ailara,Temi,Thomas-Ailara,12,3,active,False,False,False,False,False,,False,,False,,False,,,,LOVB Madison,MAD,MAD,babyBlue
2161315,2025,2025-02-16T19:30:00.000Z,2349141,Sarah Franklin,Sarah,Franklin,13,2,active,False,False,False,False,True,1.0,True,1.0,True,4.0,True,1.0,,,LOVB Madison,MAD,MAD,babyBlue
2161315,2025,2025-02-16T19:30:00.000Z,2344575,Danica Markovic,Danica,Markovic,14,5,active,True,False,False,False,False,,False,,False,,False,,,,LOVB Madison,MAD,MAD,babyBlue
2161315,2025,2025-02-16T19:30:00.000Z,2349077,Ana Beatriz Correa,Ana Beatriz,Correa,27,4,active,True,False,False,False,False,,False,,False,,True,5.0,,,LOVB Madison,MAD,MAD,babyBlue
2161316,2025,2025-02-16T22:30:00.000Z,2349314,Lexi Rodriguez,Lexi,Rodriguez,1,1,active,False,False,False,False,False,,False,,False,,False,,,,LOVB Omaha,OMA,OMA,emerald
2161316,2025,2025-02-16T22:30:00.000Z,2344593,Emily Thater,Emily,Thater,2,4,active,False,False,False,False,True,3.0,True,3.0,True,3.0,True,3.0,,,LOVB Omaha,OMA,OMA,emerald
2161316,2025,2025-02-16T22:30:00.000Z,2344587,Annie Cesar,Annie,Cesar,3,1,active,True,False,False,False,False,,False,,False,,False,,,,LOVB Omaha,OMA,OMA,emerald
2161316,2025,2025-02-16T22:30:00.000Z,2336972,Justine Wong-Orantes,Justine,Wong-Orantes,4,1,active,False,False,False,True,False,,False,,False,,False,,,,LOVB Omaha,OMA,OMA,emerald
2161316,2025,2025-02-16T22:30:00.000Z,2344589,Jaali Winters,Jaali,Winters,5,2,active,False,False,False,False,True,5.0,True,5.0,False,,True,5.0,,,LOVB Omaha,OMA,OMA,emerald
2161316,2025,2025-02-16T22:30:00.000Z,2344590,Vicky Savard,Vicky,Savard,7,2,active,True,False,False,False,True,4.0,True,4.0,True,4.0,True,4.0,,,LOVB Omaha,OMA,OMA,emerald
2161316,2025,2025-02-16T22:30:00.000Z,2344596,Kimberly Drewniok,Kimberly,Drewniok,8,3,active,True,False,False,False,False,,False,,False,,False,,,,LOVB Omaha,OMA,OMA,emerald
2161316,2025,2025-02-16T22:30:00.000Z,2336975,Jordan Larson,Jordan,Larson,10,2,active,False,False,True,False,True,2.0,True,2.0,True,2.0,False,,,,LOVB Omaha,OMA,OMA,emerald
2161316,2025,2025-02-16T22:30:00.000Z,2344591,Amber Stivrins,Amber,Stivrins,11,2,active,False,False,False,False,False,,False,,False,,False,,,,LOVB Omaha,OMA,OMA,emerald
2161316,2025,2025-02-16T22:30:00.000Z,2344597,Audriana Fitzmorris,Audriana,Fitzmorris,12,3,active,False,False,False,False,False,,False,,False,,False,,,,LOVB Omaha,OMA,OMA,emerald
2161316,2025,2025-02-16T22:30:00.000Z,2344586,Gabby Blossom,Gabby,Blossom,13,5,active,False,False,False,False,True,1.0,True,1.0,True,1.0,True,1.0,,,LOVB Omaha,OMA,OMA,emerald
2161316,2025,2025-02-16T22:30:00.000Z,2344585,Laura Dijkema,Laura,Dijkema,14,5,active,True,False,False,False,False,,False,,False,,False,,,,LOVB Omaha,OMA,OMA,emerald
2161316,2025,2025-02-16T22:30:00.000Z,2344592,Candelaria Herrera,Candelaria,Herrera,17,4,active,True,False,False,False,False,,False,,False,,False,,,,LOVB Omaha,OMA,OMA,emerald
2161316,2025,2025-02-16T22:30:00.000Z,2344595,Lauren Stivrins,Lauren,Stivrins,26,4,active,False,False,False,False,True,6.0,True,6.0,True,6.0,True,6.0,,,LOVB Omaha,OMA,OMA,emerald
2161316,2025,2025-02-16T22:30:00.000Z,2344588,Madi Kubik-Banks,Madi,Kubik-Banks,33,2,active,False,False,False,False,False,,False,,True,5.0,True,2.0,,,LOVB Omaha,OMA,OMA,emerald
2161316,2025,2025-02-16T22:30:00.000Z,2344609,Khat Bell,Khat,Bell,1,3,active,False,False,False,False,False,,False,,False,,False,,,,LOVB Austin,ATX,ATX,violet
2161316,2025,2025-02-16T22:30:00.000Z,2344604,Leah Hardeman,Leah,Hardeman,2,2,active,False,False,False,False,False,,True,5.0,False,,False,,,,LOVB Austin,ATX,ATX,violet
2161316,2025,2025-02-16T22:30:00.000Z,2344598,Carli Lloyd,Carli,Lloyd,3,5,active,False,False,True,False,True,6.0,True,1.0,True,6.0,True,6.0,,,LOVB Austin,ATX,ATX,violet
2161316,2025,2025-02-16T22:30:00.000Z,2344608,Molly McCage,Molly,McCage,5,4,active,False,False,False,False,True,5.0,True,6.0,True,5.0,True,5.0,,,LOVB Austin,ATX,ATX,violet
2161316,2025,2025-02-16T22:30:00.000Z,2344603,Alessia Gennari,Alessia,Gennari,6,2,active,True,False,False,False,False,,False,,False,,False,,,,LOVB Austin,ATX,ATX,violet
2161316,2025,2025-02-16T22:30:00.000Z,2344607,Asjia O´Neal,Asjia,O´Neal,7,4,active,False,False,False,False,False,,False,,False,,False,,,,LOVB Austin,ATX,ATX,violet
2161316,2025,2025-02-16T22:30:00.000Z,2344600,Saige Ka'aha'aina-Torres,Saige,Ka'aha'aina-Torres,9,5,active,False,False,False,False,False,,False,,False,,False,,,,LOVB Austin,ATX,ATX,violet
2161316,2025,2025-02-16T22:30:00.000Z,2344601,Zoe Jarvis,Zoe,Jarvis,10,1,active,False,False,False,True,False,,False,,False,,False,,,,LOVB Austin,ATX,ATX,violet
2161316,2025,2025-02-16T22:30:00.000Z,2336983,Chiaka Ogbogu,Chiaka,Ogbogu,11,4,active,False,False,False,False,True,2.0,True,3.0,True,2.0,True,2.0,,,LOVB Austin,ATX,ATX,violet
2161316,2025,2025-02-16T22:30:00.000Z,2344610,Carly DeHoog,Carly,DeHoog,12,2,active,False,False,False,False,False,,False,,False,,False,,,,LOVB Austin,ATX,ATX,violet
2161316,2025,2025-02-16T22:30:00.000Z,2344606,Juliann Faucette,Juliann,Faucette,13,2,active,False,False,False,False,True,3.0,True,4.0,True,3.0,True,3.0,,,LOVB Austin,ATX,ATX,violet
2161316,2025,2025-02-16T22:30:00.000Z,2344602,Kotoe Inoue,Kotoe,Inoue,15,1,active,True,False,False,False,False,,False,,False,,False,,,,LOVB Austin,ATX,ATX,violet
2161316,2025,2025-02-16T22:30:00.000Z,2349176,Madisen Skinner,Madisen,Skinner,16,3,active,False,False,False,False,False,,False,,False,,False,,,,LOVB Austin,ATX,ATX,violet
2161316,2025,2025-02-16T22:30:00.000Z,2344605,Anna Haak,Anna,Haak,17,2,active,True,False,False,False,True,1.0,False,,True,4.0,True,4.0,,,LOVB Austin,ATX,ATX,violet
2161316,2025,2025-02-16T22:30:00.000Z,2344599,Logan Eggleston,Logan,Eggleston,33,2,active,False,False,False,False,True,4.0,True,2.0,True,1.0,True,1.0,,,LOVB Austin,ATX,ATX,violet
2161317,2025,2025-02-17T01:30:00.000Z,2344566,Piyanut Pannoy,Piyanut,Pannoy,2,1,active,True,False,False,True,False,,False,,False,,False,,,,LOVB Atlanta,ATL,ATL,hotPink
2161317,2025,2025-02-17T01:30:00.000Z,2344565,Marta Bechis,Marta,Bechis,3,5,active,True,False,False,False,False,,False,,False,,False,,,,LOVB Atlanta,ATL,ATL,hotPink
2161317,2025,2025-02-17T01:30:00.000Z,2344568,Jessica Rivero Marin,Jessica,Rivero Marin,4,2,active,True,False,False,False,False,,False,,False,,False,,,,LOVB Atlanta,ATL,ATL,hotPink
2161317,2025,2025-02-17T01:30:00.000Z,2344571,Kayla Haneline,Kayla,Haneline,8,4,active,False,False,False,False,False,,False,,True,6.0,False,,,,LOVB Atlanta,ATL,ATL,hotPink
2161317,2025,2025-02-17T01:30:00.000Z,2344564,Iga Wasilewska,Iga,Wasilewska,9,4,active,True,False,False,False,False,,False,,False,,False,,,,LOVB Atlanta,ATL,ATL,hotPink
2161317,2025,2025-02-17T01:30:00.000Z,2344427,Madi Bugg,Madi,Bugg,10,5,active,False,False,False,False,False,,False,,False,,False,,,,LOVB Atlanta,ATL,ATL,hotPink
2161317,2025,2025-02-17T01:30:00.000Z,2349081,Onye Ofoegbu,Onye,Ofoegbu,11,4,active,False,False,False,False,False,,False,,False,,False,,,,LOVB Atlanta,ATL,ATL,hotPink
2161317,2025,2025-02-17T01:30:00.000Z,2351343,Rachel Fairbanks,Rachel,Fairbanks,12,5,active,False,False,False,False,True,6.0,True,6.0,True,4.0,True,6.0,,,LOVB Atlanta,ATL,ATL,hotPink
2161317,2025,2025-02-17T01:30:00.000Z,2344425,McKenzie Adams,McKenzie,Adams,13,2,active,False,False,False,False,True,4.0,True,4.0,True,2.0,True,4.0,,,LOVB Atlanta,ATL,ATL,hotPink
2161317,2025,2025-02-17T01:30:00.000Z,2344570,Tia Jimerson,Tia,Jimerson,14,4,active,False,False,False,False,True,5.0,True,5.0,True,3.0,True,5.0,,,LOVB Atlanta,ATL,ATL,hotPink
2161317,2025,2025-02-17T01:30:00.000Z,2344573,Magdalena Jehlarova,Magdalena,Jehlarova,15,4,active,True,False,False,False,True,2.0,True,2.0,False,,True,2.0,,,LOVB Atlanta,ATL,ATL,hotPink
2161317,2025,2025-02-17T01:30:00.000Z,2344567,Beatrice Negretti,Beatrice,Negretti,16,1,active,True,False,False,False,False,,False,,False,,False,,,,LOVB Atlanta,ATL,ATL,hotPink
2161317,2025,2025-02-17T01:30:00.000Z,2344574,Tessa Grubbs,Tessa,Grubbs,17,3,active,False,False,False,False,False,,False,,False,,False,,,,LOVB Atlanta,ATL,ATL,hotPink
2161317,2025,2025-02-17T01:30:00.000Z,2344572,Danielle Cuttino,Danielle,Cuttino,20,3,active,False,False,False,False,True,3.0,True,3.0,True,1.0,True,3.0,,,LOVB Atlanta,ATL,ATL,hotPink
2161317,2025,2025-02-17T01:30:00.000Z,2342511,Kelsey Cook,Kelsey,Cook,23,2,active,False,False,True,False,True,1.0,True,1.0,True,5.0,True,1.0,,,LOVB Atlanta,ATL,ATL,hotPink
2161317,2025,2025-02-17T01:30:00.000Z,2344569,Gia Day,Gia,Day,77,2,active,False,False,False,False,False,,False,,False,,False,,,,LOVB Atlanta,ATL,ATL,hotPink
2161317,2025,2025-02-17T01:30:00.000Z,2344621,Grace Frohling,Grace,Frohling,1,3,active,False,False,False,False,False,,False,,False,,False,,,,LOVB Houston,HTX,HTX,sapphire
2161317,2025,2025-02-17T01:30:00.000Z,2344616,Karin Palgutova,Karin,Palgutova,2,2,active,True,False,False,False,False,,False,,False,,False,,,,LOVB Houston,HTX,HTX,sapphire
2161317,2025,2025-02-17T01:30:00.000Z,2344618,Amber Igiede,Amber,Igiede,3,4,active,False,False,False,False,True,5.0,True,6.0,True,5.0,True,6.0,,,LOVB Houston,HTX,HTX,sapphire
2161317,2025,2025-02-17T01:30:00.000Z,2344612,Anna Pogany,Anna,Pogany,4,1,active,True,False,False,True,False,,False,,False,,False,,,,LOVB Houston,HTX,HTX,sapphire
2161317,2025,2025-02-17T01:30:00.000Z,2349315,Jess Mruzik,Jess,Mruzik,5,2,active,False,False,False,False,True,4.0,True,5.0,True,4.0,True,5.0,,,LOVB Houston,HTX,HTX,sapphire
2161317,2025,2025-02-17T01:30:00.000Z,2344617,Raphaela Folie,Raphaela,Folie,7,4,active,True,False,False,False,True,2.0,True,3.0,True,2.0,True,3.0,,,LOVB Houston,HTX,HTX,sapphire
2161317,2025,2025-02-17T01:30:00.000Z,2344619,Christina Bauer,Christina,Bauer,8,3,active,True,False,False,False,False,,False,,False,,False,,,,LOVB Houston,HTX,HTX,sapphire
2161317,2025,2025-02-17T01:30:00.000Z,2344614,Madi Kingdon Rishel,Madi,Kingdon Rishel,9,2,active,False,False,False,False,True,1.0,True,2.0,True,1.0,True,2.0,,,LOVB Houston,HTX,HTX,sapphire
2161317,2025,2025-02-17T01:30:00.000Z,2344611,Kaisa Alanko,Kaisa,Alanko,10,5,active,True,False,False,False,False,,False,,False,,False,,,,LOVB Houston,HTX,HTX,sapphire
2161317,2025,2025-02-17T01:30:00.000Z,2344620,Anita Anwusi,Anita,Anwusi,11,4,active,False,False,False,False,False,,False,,False,,False,,,,LOVB Houston,HTX,HTX,sapphire
2161317,2025,2025-02-17T01:30:00.000Z,2336967,Micha Hancock,Micha,Hancock,12,5,active,False,False,True,False,True,6.0,True,1.0,True,6.0,True,1.0,,,LOVB Houston,HTX,HTX,sapphire
2161317,2025,2025-02-17T01:30:00.000Z,2344622,Julia Brown,Julia,Brown,14,2,active,False,False,False,False,False,,False,,False,,False,,,,LOVB Houston,HTX,HTX,sapphire
2161317,2025,2025-02-17T01:30:00.000Z,2344615,Sara Loda,Sara,Loda,17,2,active,True,False,False,False,False,,False,,False,,False,,,,LOVB Houston,HTX,HTX,sapphire
2161317,2025,2025-02-17T01:30:00.000Z,2344613,Key Alves,Key,Alves,18,1,active,True,False,False,False,False,,False,,False,,False,,,,LOVB Houston,HTX,HTX,sapphire
2161317,2025,2025-02-17T01:30:00.000Z,2336977,Jordan Thompson,Jordan,Thompson,23,3,active,False,False,False,False,True,3.0,True,4.0,True,3.0,True,4.0,,,LOVB Houston,HTX,HTX,sapphire
2161318,2025,2025-02-28T01:00:00.000Z,2344621,Grace Frohling,Grace,Frohling,1,3,active,False,False,False,False,False,,False,,False,,,,,,LOVB Houston,HTX,HTX,sapphire
2161318,2025,2025-02-28T01:00:00.000Z,2344616,Karin Palgutova,Karin,Palgutova,2,2,active,True,False,False,False,True,5.0,True,4.0,True,3.0,,,,,LOVB Houston,HTX,HTX,sapphire
2161318,2025,2025-02-28T01:00:00.000Z,2344618,Amber Igiede,Amber,Igiede,3,4,active,False,False,False,False,True,4.0,True,3.0,True,2.0,,,,,LOVB Houston,HTX,HTX,sapphire
2161318,2025,2025-02-28T01:00:00.000Z,2344612,Anna Pogany,Anna,Pogany,4,1,active,True,False,False,True,False,,False,,False,,,,,,LOVB Houston,HTX,HTX,sapphire
2161318,2025,2025-02-28T01:00:00.000Z,2349315,Jess Mruzik,Jess,Mruzik,5,2,active,False,False,False,False,True,6.0,True,5.0,True,4.0,,,,,LOVB Houston,HTX,HTX,sapphire
2161318,2025,2025-02-28T01:00:00.000Z,2344617,Raphaela Folie,Raphaela,Folie,7,4,active,True,False,False,False,False,,False,,False,,,,,,LOVB Houston,HTX,HTX,sapphire
2161318,2025,2025-02-28T01:00:00.000Z,2344619,Christina Bauer,Christina,Bauer,8,3,active,True,False,False,False,True,1.0,True,6.0,True,5.0,,,,,LOVB Houston,HTX,HTX,sapphire
2161318,2025,2025-02-28T01:00:00.000Z,2344614,Madi Kingdon Rishel,Madi,Kingdon Rishel,9,2,active,False,False,False,False,True,3.0,True,2.0,True,1.0,,,,,LOVB Houston,HTX,HTX,sapphire
2161318,2025,2025-02-28T01:00:00.000Z,2344611,Kaisa Alanko,Kaisa,Alanko,10,5,active,True,False,False,False,False,,False,,False,,,,,,LOVB Houston,HTX,HTX,sapphire
2161318,2025,2025-02-28T01:00:00.000Z,2344620,Anita Anwusi,Anita,Anwusi,11,4,active,False,False,False,False,False,,False,,False,,,,,,LOVB Houston,HTX,HTX,sapphire
2161318,2025,2025-02-28T01:00:00.000Z,2336967,Micha Hancock,Micha,Hancock,12,5,active,False,False,True,False,True,2.0,True,1.0,True,6.0,,,,,LOVB Houston,HTX,HTX,sapphire
2161318,2025,2025-02-28T01:00:00.000Z,2344622,Julia Brown,Julia,Brown,14,2,active,False,False,False,False,False,,False,,False,,,,,,LOVB Houston,HTX,HTX,sapphire
2161318,2025,2025-02-28T01:00:00.000Z,2344615,Sara Loda,Sara,Loda,17,2,active,True,False,False,False,False,,False,,False,,,,,,LOVB Houston,HTX,HTX,sapphire
2161318,2025,2025-02-28T01:00:00.000Z,2344613,Key Alves,Key,Alves,18,1,active,True,False,False,False,False,,False,,False,,,,,,LOVB Houston,HTX,HTX,sapphire
2161318,2025,2025-02-28T01:00:00.000Z,2336977,Jordan Thompson,Jordan,Thompson,23,3,active,False,False,False,False,False,,False,,False,,,,,,LOVB Houston,HTX,HTX,sapphire
2161318,2025,2025-02-28T01:00:00.000Z,2336969,Jordyn Poulter,Jordyn,Poulter,1,5,active,False,False,True,False,True,1.0,True,1.0,True,1.0,,,,,LOVB Salt Lake,SLC,SLC,brightYellow
2161318,2025,2025-02-28T01:00:00.000Z,2344542,Tamaki Matsui,Tamaki,Matsui,2,5,active,True,False,False,False,False,,False,,False,,,,,,LOVB Salt Lake,SLC,SLC,brightYellow
2161318,2025,2025-02-28T01:00:00.000Z,2344549,Morgan Miller,Morgan,Miller,3,2,active,False,False,False,False,False,,False,,False,,,,,,LOVB Salt Lake,SLC,SLC,brightYellow
2161318,2025,2025-02-28T01:00:00.000Z,2344547,Maddie Haynes,Maddie,Haynes,4,2,active,False,False,False,False,False,,False,,False,,,,,,LOVB Salt Lake,SLC,SLC,brightYellow
2161318,2025,2025-02-28T01:00:00.000Z,2344554,Skylar Fields,Skylar,Fields,5,3,active,False,False,False,False,False,,False,,False,,,,,,LOVB Salt Lake,SLC,SLC,brightYellow
2161318,2025,2025-02-28T01:00:00.000Z,2344551,Tori Dixon,Tori,Dixon,6,4,active,False,False,False,False,True,3.0,True,3.0,True,3.0,,,,,LOVB Salt Lake,SLC,SLC,brightYellow
2161318,2025,2025-02-28T01:00:00.000Z,2349080,Sophie Fischer,Sophie,Fischer,7,4,active,False,False,False,False,False,,False,,False,,,,,,LOVB Salt Lake,SLC,SLC,brightYellow
2161318,2025,2025-02-28T01:00:00.000Z,2344550,Serena Gray,Serena,Gray,11,4,active,False,False,False,False,False,,False,,False,,,,,,LOVB Salt Lake,SLC,SLC,brightYellow
2161318,2025,2025-02-28T01:00:00.000Z,2344546,Roni Jones-Perry,Roni,Jones-Perry,12,2,active,False,False,False,False,True,2.0,True,2.0,True,2.0,,,,,LOVB Salt Lake,SLC,SLC,brightYellow
2161318,2025,2025-02-28T01:00:00.000Z,2336979,Haleigh Washington,Haleigh,Washington,15,4,active,False,False,False,False,True,6.0,True,6.0,True,6.0,,,,,LOVB Salt Lake,SLC,SLC,brightYellow
2161318,2025,2025-02-28T01:00:00.000Z,2342469,Manami Kojima,Manami,Kojima,16,1,active,True,False,False,True,False,,False,,False,,,,,,LOVB Salt Lake,SLC,SLC,brightYellow
2161318,2025,2025-02-28T01:00:00.000Z,2344545,Dani Drews,Dani,Drews,17,2,active,False,False,False,False,False,,False,,False,,,,,,LOVB Salt Lake,SLC,SLC,brightYellow
2161318,2025,2025-02-28T01:00:00.000Z,2344544,Mary Lake,Mary,Lake,18,1,active,False,False,False,False,False,,False,,False,,,,,,LOVB Salt Lake,SLC,SLC,brightYellow
2161318,2025,2025-02-28T01:00:00.000Z,2344548,Claire Hoffman,Claire,Hoffman,21,2,active,False,False,False,False,True,5.0,True,5.0,True,5.0,,,,,LOVB Salt Lake,SLC,SLC,brightYellow
2161318,2025,2025-02-28T01:00:00.000Z,2344553,Heidy Casanova,Heidy,Casanova,33,3,active,True,False,False,False,True,4.0,True,4.0,True,4.0,,,,,LOVB Salt Lake,SLC,SLC,brightYellow
2161319,2025,2025-03-01T01:00:00.000Z,2344576,Daly Santana,Daly,Santana,1,2,active,True,False,False,False,False,,False,,False,,False,,,,LOVB Madison,MAD,MAD,cornflowerBlue
2161319,2025,2025-03-01T01:00:00.000Z,2342510,Anna Hall,Anna,Hall,2,4,active,False,False,False,False,True,5.0,True,2.0,True,2.0,True,2.0,,,LOVB Madison,MAD,MAD,cornflowerBlue
2161319,2025,2025-03-01T01:00:00.000Z,2344581,Mariena Hayden,Mariena,Hayden,3,2,active,False,False,False,False,False,,False,,False,,False,,,,LOVB Madison,MAD,MAD,cornflowerBlue
2161319,2025,2025-03-01T01:00:00.000Z,2344577,Milica Medved,Milica,Medved,4,1,active,True,False,False,True,False,,False,,False,,False,,,,LOVB Madison,MAD,MAD,cornflowerBlue
2161319,2025,2025-03-01T01:00:00.000Z,2344578,Simin Wang,Simin,Wang,5,1,active,True,False,False,False,False,,False,,False,,False,,,,LOVB Madison,MAD,MAD,cornflowerBlue
2161319,2025,2025-03-01T01:00:00.000Z,2344579,Jennifer Janiska,Jennifer,Janiska,6,2,active,True,False,False,False,True,1.0,True,4.0,True,4.0,True,4.0,,,LOVB Madison,MAD,MAD,cornflowerBlue
2161319,2025,2025-03-01T01:00:00.000Z,2342508,Lauren Carlini,Lauren,Carlini,7,5,active,False,False,True,False,True,3.0,True,6.0,True,6.0,True,6.0,,,LOVB Madison,MAD,MAD,cornflowerBlue
2161319,2025,2025-03-01T01:00:00.000Z,2344584,Claire Felix,Claire,Felix,8,4,active,False,False,False,False,False,,False,,False,,False,,,,LOVB Madison,MAD,MAD,cornflowerBlue
2161319,2025,2025-03-01T01:00:00.000Z,2344580,Claire Chaussee,Claire,Chaussee,9,2,active,False,False,False,False,False,,False,,True,1.0,True,1.0,,,LOVB Madison,MAD,MAD,cornflowerBlue
2161319,2025,2025-03-01T01:00:00.000Z,2344583,Taylor Sandbothe,Taylor,Sandbothe,10,4,active,False,False,False,False,False,,False,,False,,False,,,,LOVB Madison,MAD,MAD,cornflowerBlue
2161319,2025,2025-03-01T01:00:00.000Z,2342509,Annie Drews Schumacher,Annie,Drews Schumacher,11,3,active,False,False,False,False,True,6.0,True,3.0,True,3.0,True,3.0,,,LOVB Madison,MAD,MAD,cornflowerBlue
2161319,2025,2025-03-01T01:00:00.000Z,2344582,Temi Thomas-Ailara,Temi,Thomas-Ailara,12,3,active,False,False,False,False,False,,False,,False,,False,,,,LOVB Madison,MAD,MAD,cornflowerBlue
2161319,2025,2025-03-01T01:00:00.000Z,2349141,Sarah Franklin,Sarah,Franklin,13,2,active,False,False,False,False,True,4.0,True,1.0,False,,False,,,,LOVB Madison,MAD,MAD,cornflowerBlue
2161319,2025,2025-03-01T01:00:00.000Z,2344575,Danica Markovic,Danica,Markovic,14,5,active,True,False,False,False,False,,False,,False,,False,,,,LOVB Madison,MAD,MAD,cornflowerBlue
2161319,2025,2025-03-01T01:00:00.000Z,2406119,Paige Reagor,Paige,Reagor,15,4,active,False,False,False,False,False,,False,,False,,False,,,,LOVB Madison,MAD,MAD,cornflowerBlue
2161319,2025,2025-03-01T01:00:00.000Z,2349077,Ana Beatriz Correa,Ana Beatriz,Correa,27,4,active,True,False,False,False,True,2.0,True,5.0,True,5.0,True,5.0,,,LOVB Madison,MAD,MAD,cornflowerBlue
2161319,2025,2025-03-01T01:00:00.000Z,2349314,Lexi Rodriguez,Lexi,Rodriguez,1,1,active,False,False,False,False,False,,False,,False,,False,,,,LOVB Omaha,OMA,OMA,emerald
2161319,2025,2025-03-01T01:00:00.000Z,2344593,Emily Thater,Emily,Thater,2,4,active,False,False,False,False,True,6.0,True,6.0,True,4.0,True,4.0,,,LOVB Omaha,OMA,OMA,emerald
2161319,2025,2025-03-01T01:00:00.000Z,2344587,Annie Cesar,Annie,Cesar,3,1,active,True,False,False,False,False,,False,,False,,False,,,,LOVB Omaha,OMA,OMA,emerald
2161319,2025,2025-03-01T01:00:00.000Z,2336972,Justine Wong-Orantes,Justine,Wong-Orantes,4,1,active,False,False,False,True,False,,False,,False,,False,,,,LOVB Omaha,OMA,OMA,emerald
2161319,2025,2025-03-01T01:00:00.000Z,2344589,Jaali Winters,Jaali,Winters,5,2,active,False,False,False,False,False,,False,,False,,False,,,,LOVB Omaha,OMA,OMA,emerald
2161319,2025,2025-03-01T01:00:00.000Z,2344590,Vicky Savard,Vicky,Savard,7,2,active,True,False,False,False,False,,False,,False,,False,,,,LOVB Omaha,OMA,OMA,emerald
2161319,2025,2025-03-01T01:00:00.000Z,2344596,Kimberly Drewniok,Kimberly,Drewniok,8,3,active,True,False,False,False,True,4.0,True,4.0,True,5.0,True,5.0,,,LOVB Omaha,OMA,OMA,emerald
2161319,2025,2025-03-01T01:00:00.000Z,2336975,Jordan Larson,Jordan,Larson,10,2,active,False,False,True,False,True,5.0,True,5.0,True,6.0,True,6.0,,,LOVB Omaha,OMA,OMA,emerald
2161319,2025,2025-03-01T01:00:00.000Z,2344591,Amber Stivrins,Amber,Stivrins,11,2,active,False,False,False,False,False,,False,,False,,False,,,,LOVB Omaha,OMA,OMA,emerald
2161319,2025,2025-03-01T01:00:00.000Z,2344597,Audriana Fitzmorris,Audriana,Fitzmorris,12,3,active,False,False,False,False,False,,False,,False,,False,,,,LOVB Omaha,OMA,OMA,emerald
2161319,2025,2025-03-01T01:00:00.000Z,2344586,Gabby Blossom,Gabby,Blossom,13,5,active,False,False,False,False,False,,False,,False,,False,,,,LOVB Omaha,OMA,OMA,emerald
2161319,2025,2025-03-01T01:00:00.000Z,2344585,Laura Dijkema,Laura,Dijkema,14,5,active,True,False,False,False,True,1.0,True,1.0,True,2.0,True,2.0,,,LOVB Omaha,OMA,OMA,emerald
2161319,2025,2025-03-01T01:00:00.000Z,2344592,Candelaria Herrera,Candelaria,Herrera,17,4,active,True,False,False,False,False,,False,,False,,False,,,,LOVB Omaha,OMA,OMA,emerald
2161319,2025,2025-03-01T01:00:00.000Z,2344595,Lauren Stivrins,Lauren,Stivrins,26,4,active,False,False,False,False,True,3.0,True,3.0,True,1.0,True,1.0,,,LOVB Omaha,OMA,OMA,emerald
2161319,2025,2025-03-01T01:00:00.000Z,2344588,Madi Kubik-Banks,Madi,Kubik-Banks,33,2,active,False,False,False,False,True,2.0,True,2.0,True,3.0,True,3.0,,,LOVB Omaha,OMA,OMA,emerald
2161320,2025,2025-03-01T22:30:00.000Z,2349314,Lexi Rodriguez,Lexi,Rodriguez,1,1,active,False,False,False,False,False,,False,,False,,False,,False,,LOVB Omaha,OMA,OMA,emerald
2161320,2025,2025-03-01T22:30:00.000Z,2344593,Emily Thater,Emily,Thater,2,4,active,False,False,False,False,True,3.0,True,3.0,True,3.0,True,2.0,True,3.0,LOVB Omaha,OMA,OMA,emerald
2161320,2025,2025-03-01T22:30:00.000Z,2344587,Annie Cesar,Annie,Cesar,3,1,active,True,False,False,False,False,,False,,False,,False,,False,,LOVB Omaha,OMA,OMA,emerald
2161320,2025,2025-03-01T22:30:00.000Z,2336972,Justine Wong-Orantes,Justine,Wong-Orantes,4,1,active,False,False,False,True,False,,False,,False,,False,,False,,LOVB Omaha,OMA,OMA,emerald
2161320,2025,2025-03-01T22:30:00.000Z,2344589,Jaali Winters,Jaali,Winters,5,2,active,False,False,False,False,False,,False,,False,,False,,False,,LOVB Omaha,OMA,OMA,emerald
2161320,2025,2025-03-01T22:30:00.000Z,2344590,Vicky Savard,Vicky,Savard,7,2,active,True,False,False,False,False,,False,,False,,False,,False,,LOVB Omaha,OMA,OMA,emerald
2161320,2025,2025-03-01T22:30:00.000Z,2344596,Kimberly Drewniok,Kimberly,Drewniok,8,3,active,True,False,False,False,True,4.0,True,4.0,True,4.0,True,3.0,True,4.0,LOVB Omaha,OMA,OMA,emerald
2161320,2025,2025-03-01T22:30:00.000Z,2336975,Jordan Larson,Jordan,Larson,10,2,active,False,False,True,False,True,2.0,True,2.0,True,2.0,True,1.0,True,2.0,LOVB Omaha,OMA,OMA,emerald
2161320,2025,2025-03-01T22:30:00.000Z,2344591,Amber Stivrins,Amber,Stivrins,11,2,active,False,False,False,False,False,,False,,False,,False,,False,,LOVB Omaha,OMA,OMA,emerald
2161320,2025,2025-03-01T22:30:00.000Z,2344597,Audriana Fitzmorris,Audriana,Fitzmorris,12,3,active,False,False,False,False,False,,False,,False,,False,,False,,LOVB Omaha,OMA,OMA,emerald
2161320,2025,2025-03-01T22:30:00.000Z,2344586,Gabby Blossom,Gabby,Blossom,13,5,active,False,False,False,False,False,,False,,False,,False,,False,,LOVB Omaha,OMA,OMA,emerald
2161320,2025,2025-03-01T22:30:00.000Z,2344585,Laura Dijkema,Laura,Dijkema,14,5,active,True,False,False,False,True,1.0,True,1.0,True,1.0,True,6.0,True,1.0,LOVB Omaha,OMA,OMA,emerald
2161320,2025,2025-03-01T22:30:00.000Z,2344592,Candelaria Herrera,Candelaria,Herrera,17,4,active,True,False,False,False,False,,False,,False,,False,,False,,LOVB Omaha,OMA,OMA,emerald
2161320,2025,2025-03-01T22:30:00.000Z,2344595,Lauren Stivrins,Lauren,Stivrins,26,4,active,False,False,False,False,True,6.0,True,6.0,True,6.0,True,5.0,True,6.0,LOVB Omaha,OMA,OMA,emerald
2161320,2025,2025-03-01T22:30:00.000Z,2344588,Madi Kubik-Banks,Madi,Kubik-Banks,33,2,active,False,False,False,False,True,5.0,True,5.0,True,5.0,True,4.0,True,5.0,LOVB Omaha,OMA,OMA,emerald
2161320,2025,2025-03-01T22:30:00.000Z,2344566,Piyanut Pannoy,Piyanut,Pannoy,2,1,active,True,False,False,True,False,,False,,False,,False,,False,,LOVB Atlanta,ATL,ATL,hotPink
2161320,2025,2025-03-01T22:30:00.000Z,2344565,Marta Bechis,Marta,Bechis,3,5,active,True,False,False,False,False,,False,,False,,False,,False,,LOVB Atlanta,ATL,ATL,hotPink
2161320,2025,2025-03-01T22:30:00.000Z,2344568,Jessica Rivero Marin,Jessica,Rivero Marin,4,2,active,True,False,False,False,False,,False,,False,,True,6.0,True,5.0,LOVB Atlanta,ATL,ATL,hotPink
2161320,2025,2025-03-01T22:30:00.000Z,2344571,Kayla Haneline,Kayla,Haneline,8,4,active,False,False,False,False,False,,False,,False,,False,,False,,LOVB Atlanta,ATL,ATL,hotPink
2161320,2025,2025-03-01T22:30:00.000Z,2344564,Iga Wasilewska,Iga,Wasilewska,9,4,active,True,False,False,False,False,,False,,False,,False,,False,,LOVB Atlanta,ATL,ATL,hotPink
2161320,2025,2025-03-01T22:30:00.000Z,2344427,Madi Bugg,Madi,Bugg,10,5,active,False,False,False,False,False,,False,,False,,True,3.0,True,2.0,LOVB Atlanta,ATL,ATL,hotPink
2161320,2025,2025-03-01T22:30:00.000Z,2349081,Onye Ofoegbu,Onye,Ofoegbu,11,4,active,False,False,False,False,False,,False,,False,,False,,False,,LOVB Atlanta,ATL,ATL,hotPink
2161320,2025,2025-03-01T22:30:00.000Z,2351343,Rachel Fairbanks,Rachel,Fairbanks,12,5,active,False,False,False,False,True,1.0,True,6.0,True,5.0,False,,False,,LOVB Atlanta,ATL,ATL,hotPink
2161320,2025,2025-03-01T22:30:00.000Z,2344425,McKenzie Adams,McKenzie,Adams,13,2,active,False,False,False,False,True,5.0,True,4.0,False,,False,,False,,LOVB Atlanta,ATL,ATL,hotPink
2161320,2025,2025-03-01T22:30:00.000Z,2344570,Tia Jimerson,Tia,Jimerson,14,4,active,False,False,False,False,True,6.0,True,5.0,True,4.0,True,5.0,True,4.0,LOVB Atlanta,ATL,ATL,hotPink
2161320,2025,2025-03-01T22:30:00.000Z,2344573,Magdalena Jehlarova,Magdalena,Jehlarova,15,4,active,True,False,False,False,True,3.0,True,2.0,True,1.0,True,2.0,True,1.0,LOVB Atlanta,ATL,ATL,hotPink
2161320,2025,2025-03-01T22:30:00.000Z,2344567,Beatrice Negretti,Beatrice,Negretti,16,1,active,True,False,False,False,False,,False,,False,,False,,False,,LOVB Atlanta,ATL,ATL,hotPink
2161320,2025,2025-03-01T22:30:00.000Z,2344574,Tessa Grubbs,Tessa,Grubbs,17,3,active,False,False,False,False,False,,False,,False,,False,,False,,LOVB Atlanta,ATL,ATL,hotPink
2161320,2025,2025-03-01T22:30:00.000Z,2344572,Danielle Cuttino,Danielle,Cuttino,20,3,active,False,False,False,False,True,4.0,True,3.0,True,2.0,False,,False,,LOVB Atlanta,ATL,ATL,hotPink
2161320,2025,2025-03-01T22:30:00.000Z,2342511,Kelsey Cook,Kelsey,Cook,23,2,active,False,False,True,False,True,2.0,True,1.0,True,6.0,True,1.0,True,6.0,LOVB Atlanta,ATL,ATL,hotPink
2161320,2025,2025-03-01T22:30:00.000Z,2344569,Gia Day,Gia,Day,77,2,active,False,False,False,False,False,,False,,True,3.0,True,4.0,True,3.0,LOVB Atlanta,ATL,ATL,hotPink
2161321,2025,2025-03-02T01:00:00.000Z,2344576,Daly Santana,Daly,Santana,1,2,active,True,False,False,False,False,,False,,False,,,,,,LOVB Madison,MAD,MAD,brightBlue
2161321,2025,2025-03-02T01:00:00.000Z,2342510,Anna Hall,Anna,Hall,2,4,active,False,False,False,False,True,2.0,True,2.0,True,2.0,,,,,LOVB Madison,MAD,MAD,brightBlue
2161321,2025,2025-03-02T01:00:00.000Z,2344581,Mariena Hayden,Mariena,Hayden,3,2,active,False,False,False,False,False,,False,,False,,,,,,LOVB Madison,MAD,MAD,brightBlue
2161321,2025,2025-03-02T01:00:00.000Z,2344577,Milica Medved,Milica,Medved,4,1,active,True,False,False,True,False,,False,,False,,,,,,LOVB Madison,MAD,MAD,brightBlue
2161321,2025,2025-03-02T01:00:00.000Z,2344578,Simin Wang,Simin,Wang,5,1,active,True,False,False,False,False,,False,,False,,,,,,LOVB Madison,MAD,MAD,brightBlue
2161321,2025,2025-03-02T01:00:00.000Z,2344579,Jennifer Janiska,Jennifer,Janiska,6,2,active,True,False,False,False,True,4.0,True,4.0,True,4.0,,,,,LOVB Madison,MAD,MAD,brightBlue
2161321,2025,2025-03-02T01:00:00.000Z,2342508,Lauren Carlini,Lauren,Carlini,7,5,active,False,False,True,False,True,6.0,True,6.0,True,6.0,,,,,LOVB Madison,MAD,MAD,brightBlue
2161321,2025,2025-03-02T01:00:00.000Z,2344584,Claire Felix,Claire,Felix,8,4,active,False,False,False,False,False,,False,,False,,,,,,LOVB Madison,MAD,MAD,brightBlue
2161321,2025,2025-03-02T01:00:00.000Z,2344580,Claire Chaussee,Claire,Chaussee,9,2,active,False,False,False,False,True,1.0,True,1.0,True,1.0,,,,,LOVB Madison,MAD,MAD,brightBlue
2161321,2025,2025-03-02T01:00:00.000Z,2344583,Taylor Sandbothe,Taylor,Sandbothe,10,4,active,False,False,False,False,False,,False,,False,,,,,,LOVB Madison,MAD,MAD,brightBlue
2161321,2025,2025-03-02T01:00:00.000Z,2342509,Annie Drews Schumacher,Annie,Drews Schumacher,11,3,active,False,False,False,False,True,3.0,True,3.0,True,3.0,,,,,LOVB Madison,MAD,MAD,brightBlue
2161321,2025,2025-03-02T01:00:00.000Z,2344582,Temi Thomas-Ailara,Temi,Thomas-Ailara,12,3,active,False,False,False,False,False,,False,,False,,,,,,LOVB Madison,MAD,MAD,brightBlue
2161321,2025,2025-03-02T01:00:00.000Z,2349141,Sarah Franklin,Sarah,Franklin,13,2,active,False,False,False,False,False,,False,,False,,,,,,LOVB Madison,MAD,MAD,brightBlue
2161321,2025,2025-03-02T01:00:00.000Z,2344575,Danica Markovic,Danica,Markovic,14,5,active,True,False,False,False,False,,False,,False,,,,,,LOVB Madison,MAD,MAD,brightBlue
2161321,2025,2025-03-02T01:00:00.000Z,2406119,Paige Reagor,Paige,Reagor,15,4,active,False,False,False,False,False,,False,,False,,,,,,LOVB Madison,MAD,MAD,brightBlue
2161321,2025,2025-03-02T01:00:00.000Z,2349077,Ana Beatriz Correa,Ana Beatriz,Correa,27,4,active,True,False,False,False,True,5.0,True,5.0,True,5.0,,,,,LOVB Madison,MAD,MAD,brightBlue
2161321,2025,2025-03-02T01:00:00.000Z,2344609,Khat Bell,Khat,Bell,1,3,active,False,False,False,False,False,,False,,False,,,,,,LOVB Austin,ATX,ATX,violet
2161321,2025,2025-03-02T01:00:00.000Z,2344604,Leah Hardeman,Leah,Hardeman,2,2,active,False,False,False,False,False,,False,,False,,,,,,LOVB Austin,ATX,ATX,violet
2161321,2025,2025-03-02T01:00:00.000Z,2344598,Carli Lloyd,Carli,Lloyd,3,5,active,False,False,True,False,True,3.0,True,1.0,False,,,,,,LOVB Austin,ATX,ATX,violet
2161321,2025,2025-03-02T01:00:00.000Z,2344608,Molly McCage,Molly,McCage,5,4,active,False,False,False,False,False,,False,,False,,,,,,LOVB Austin,ATX,ATX,violet
2161321,2025,2025-03-02T01:00:00.000Z,2344603,Alessia Gennari,Alessia,Gennari,6,2,active,True,False,False,False,False,,False,,True,1.0,,,,,LOVB Austin,ATX,ATX,violet
2161321,2025,2025-03-02T01:00:00.000Z,2344607,Asjia O´Neal,Asjia,O´Neal,7,4,active,False,False,False,False,True,2.0,True,6.0,True,5.0,,,,,LOVB Austin,ATX,ATX,violet
2161321,2025,2025-03-02T01:00:00.000Z,2344600,Saige Ka'aha'aina-Torres,Saige,Ka'aha'aina-Torres,9,5,active,False,False,False,False,False,,False,,True,6.0,,,,,LOVB Austin,ATX,ATX,violet
2161321,2025,2025-03-02T01:00:00.000Z,2344601,Zoe Jarvis,Zoe,Jarvis,10,1,active,False,False,False,False,True,1.0,False,,False,,,,,,LOVB Austin,ATX,ATX,violet
2161321,2025,2025-03-02T01:00:00.000Z,2336983,Chiaka Ogbogu,Chiaka,Ogbogu,11,4,active,False,False,False,False,True,5.0,True,3.0,True,2.0,,,,,LOVB Austin,ATX,ATX,violet
2161321,2025,2025-03-02T01:00:00.000Z,2344610,Carly DeHoog,Carly,DeHoog,12,2,active,False,False,False,False,False,,False,,False,,,,,,LOVB Austin,ATX,ATX,violet
2161321,2025,2025-03-02T01:00:00.000Z,2344606,Juliann Faucette,Juliann,Faucette,13,2,active,False,False,False,False,False,,False,,True,3.0,,,,,LOVB Austin,ATX,ATX,violet
2161321,2025,2025-03-02T01:00:00.000Z,2344602,Kotoe Inoue,Kotoe,Inoue,15,1,active,True,False,False,True,False,,False,,False,,,,,,LOVB Austin,ATX,ATX,violet
2161321,2025,2025-03-02T01:00:00.000Z,2349176,Madisen Skinner,Madisen,Skinner,16,3,active,False,False,False,False,True,6.0,True,4.0,False,,,,,,LOVB Austin,ATX,ATX,violet
2161321,2025,2025-03-02T01:00:00.000Z,2344605,Anna Haak,Anna,Haak,17,2,active,True,False,False,False,True,4.0,True,2.0,False,,,,,,LOVB Austin,ATX,ATX,violet
2161321,2025,2025-03-02T01:00:00.000Z,2344599,Logan Eggleston,Logan,Eggleston,33,2,active,False,False,False,False,False,,True,5.0,True,4.0,,,,,LOVB Austin,ATX,ATX,violet
2161322,2025,2025-03-07T02:00:00.000Z,2349314,Lexi Rodriguez,Lexi,Rodriguez,1,1,active,False,False,False,False,False,,False,,False,,False,,,,LOVB Omaha,OMA,OMA,navy
2161322,2025,2025-03-07T02:00:00.000Z,2344593,Emily Thater,Emily,Thater,2,4,active,False,False,False,False,True,6.0,True,5.0,True,6.0,True,5.0,,,LOVB Omaha,OMA,OMA,navy
2161322,2025,2025-03-07T02:00:00.000Z,2344587,Annie Cesar,Annie,Cesar,3,1,active,True,False,False,False,False,,False,,False,,False,,,,LOVB Omaha,OMA,OMA,navy
2161322,2025,2025-03-07T02:00:00.000Z,2336972,Justine Wong-Orantes,Justine,Wong-Orantes,4,1,active,False,False,False,True,False,,False,,False,,False,,,,LOVB Omaha,OMA,OMA,navy
2161322,2025,2025-03-07T02:00:00.000Z,2344589,Jaali Winters,Jaali,Winters,5,2,active,False,False,False,False,False,,False,,False,,False,,,,LOVB Omaha,OMA,OMA,navy
2161322,2025,2025-03-07T02:00:00.000Z,2344590,Vicky Savard,Vicky,Savard,7,2,active,True,False,False,False,False,,False,,False,,True,3.0,,,LOVB Omaha,OMA,OMA,navy
2161322,2025,2025-03-07T02:00:00.000Z,2344596,Kimberly Drewniok,Kimberly,Drewniok,8,3,active,True,False,False,False,True,4.0,True,3.0,False,,False,,,,LOVB Omaha,OMA,OMA,navy
2161322,2025,2025-03-07T02:00:00.000Z,2336975,Jordan Larson,Jordan,Larson,10,2,active,False,False,True,False,True,2.0,True,1.0,True,2.0,True,1.0,,,LOVB Omaha,OMA,OMA,navy
2161322,2025,2025-03-07T02:00:00.000Z,2344591,Amber Stivrins,Amber,Stivrins,11,2,active,False,False,False,False,False,,False,,False,,False,,,,LOVB Omaha,OMA,OMA,navy
2161322,2025,2025-03-07T02:00:00.000Z,2344597,Audriana Fitzmorris,Audriana,Fitzmorris,12,3,active,False,False,False,False,False,,False,,True,4.0,False,,,,LOVB Omaha,OMA,OMA,navy
2161322,2025,2025-03-07T02:00:00.000Z,2344586,Gabby Blossom,Gabby,Blossom,13,5,active,False,False,False,False,False,,False,,False,,False,,,,LOVB Omaha,OMA,OMA,navy
2161322,2025,2025-03-07T02:00:00.000Z,2344585,Laura Dijkema,Laura,Dijkema,14,5,active,True,False,False,False,True,1.0,True,6.0,True,1.0,True,6.0,,,LOVB Omaha,OMA,OMA,navy
2161322,2025,2025-03-07T02:00:00.000Z,2344592,Candelaria Herrera,Candelaria,Herrera,17,4,active,True,False,False,False,True,3.0,True,2.0,True,3.0,False,,,,LOVB Omaha,OMA,OMA,navy
2161322,2025,2025-03-07T02:00:00.000Z,2344595,Lauren Stivrins,Lauren,Stivrins,26,4,active,False,False,False,False,False,,False,,False,,False,,,,LOVB Omaha,OMA,OMA,navy
2161322,2025,2025-03-07T02:00:00.000Z,2344588,Madi Kubik-Banks,Madi,Kubik-Banks,33,2,active,False,False,False,False,True,5.0,True,4.0,True,5.0,True,4.0,,,LOVB Omaha,OMA,OMA,navy
2161322,2025,2025-03-07T02:00:00.000Z,2417486,Chiamaka Nwokolo,Chiamaka,Nwokolo,55,4,active,False,False,False,False,False,,False,,False,,True,2.0,,,LOVB Omaha,OMA,OMA,navy
2161322,2025,2025-03-07T02:00:00.000Z,2336969,Jordyn Poulter,Jordyn,Poulter,1,5,active,False,False,True,False,True,1.0,True,1.0,True,1.0,True,1.0,,,LOVB Salt Lake,SLC,SLC,goldenYellow
2161322,2025,2025-03-07T02:00:00.000Z,2344542,Tamaki Matsui,Tamaki,Matsui,2,5,active,True,False,False,False,False,,False,,False,,False,,,,LOVB Salt Lake,SLC,SLC,goldenYellow
2161322,2025,2025-03-07T02:00:00.000Z,2344549,Morgan Miller,Morgan,Miller,3,2,active,False,False,False,False,False,,False,,False,,False,,,,LOVB Salt Lake,SLC,SLC,goldenYellow
2161322,2025,2025-03-07T02:00:00.000Z,2344547,Maddie Haynes,Maddie,Haynes,4,2,active,False,False,False,False,False,,False,,False,,False,,,,LOVB Salt Lake,SLC,SLC,goldenYellow
2161322,2025,2025-03-07T02:00:00.000Z,2344554,Skylar Fields,Skylar,Fields,5,3,active,False,False,False,False,False,,False,,False,,False,,,,LOVB Salt Lake,SLC,SLC,goldenYellow
2161322,2025,2025-03-07T02:00:00.000Z,2344551,Tori Dixon,Tori,Dixon,6,4,active,False,False,False,False,True,3.0,True,3.0,True,6.0,True,6.0,,,LOVB Salt Lake,SLC,SLC,goldenYellow
2161322,2025,2025-03-07T02:00:00.000Z,2349080,Sophie Fischer,Sophie,Fischer,7,4,active,False,False,False,False,False,,False,,False,,False,,,,LOVB Salt Lake,SLC,SLC,goldenYellow
2161322,2025,2025-03-07T02:00:00.000Z,2344550,Serena Gray,Serena,Gray,11,4,active,False,False,False,False,False,,False,,False,,False,,,,LOVB Salt Lake,SLC,SLC,goldenYellow
2161322,2025,2025-03-07T02:00:00.000Z,2344546,Roni Jones-Perry,Roni,Jones-Perry,12,2,active,False,False,False,False,True,2.0,True,2.0,True,2.0,True,2.0,,,LOVB Salt Lake,SLC,SLC,goldenYellow
2161322,2025,2025-03-07T02:00:00.000Z,2336979,Haleigh Washington,Haleigh,Washington,15,4,active,False,False,False,False,True,6.0,True,6.0,True,3.0,True,3.0,,,LOVB Salt Lake,SLC,SLC,goldenYellow
2161322,2025,2025-03-07T02:00:00.000Z,2342469,Manami Kojima,Manami,Kojima,16,1,active,True,False,False,True,False,,False,,False,,False,,,,LOVB Salt Lake,SLC,SLC,goldenYellow
2161322,2025,2025-03-07T02:00:00.000Z,2344545,Dani Drews,Dani,Drews,17,2,active,False,False,False,False,False,,False,,False,,False,,,,LOVB Salt Lake,SLC,SLC,goldenYellow
2161322,2025,2025-03-07T02:00:00.000Z,2344544,Mary Lake,Mary,Lake,18,1,active,False,False,False,False,False,,False,,False,,False,,,,LOVB Salt Lake,SLC,SLC,goldenYellow
2161322,2025,2025-03-07T02:00:00.000Z,2344548,Claire Hoffman,Claire,Hoffman,21,2,active,False,False,False,False,True,5.0,True,5.0,True,5.0,True,5.0,,,LOVB Salt Lake,SLC,SLC,goldenYellow
2161322,2025,2025-03-07T02:00:00.000Z,2344553,Heidy Casanova,Heidy,Casanova,33,3,active,True,False,False,False,True,4.0,True,4.0,True,4.0,True,4.0,,,LOVB Salt Lake,SLC,SLC,goldenYellow
2161323,2025,2025-03-08T00:30:00.000Z,2344566,Piyanut Pannoy,Piyanut,Pannoy,2,1,active,True,False,False,True,False,,False,,False,,False,,False,,LOVB Atlanta,ATL,ATL,hotPink
2161323,2025,2025-03-08T00:30:00.000Z,2344565,Marta Bechis,Marta,Bechis,3,5,active,True,False,False,False,False,,False,,False,,False,,False,,LOVB Atlanta,ATL,ATL,hotPink
2161323,2025,2025-03-08T00:30:00.000Z,2344568,Jessica Rivero Marin,Jessica,Rivero Marin,4,2,active,True,False,False,False,False,,False,,False,,False,,False,,LOVB Atlanta,ATL,ATL,hotPink
2161323,2025,2025-03-08T00:30:00.000Z,2344571,Kayla Haneline,Kayla,Haneline,8,4,active,False,False,False,False,False,,False,,False,,False,,False,,LOVB Atlanta,ATL,ATL,hotPink
2161323,2025,2025-03-08T00:30:00.000Z,2344564,Iga Wasilewska,Iga,Wasilewska,9,4,active,True,False,False,False,False,,False,,False,,False,,False,,LOVB Atlanta,ATL,ATL,hotPink
2161323,2025,2025-03-08T00:30:00.000Z,2344427,Madi Bugg,Madi,Bugg,10,5,active,False,False,False,False,True,1.0,True,1.0,True,1.0,True,6.0,True,6.0,LOVB Atlanta,ATL,ATL,hotPink
2161323,2025,2025-03-08T00:30:00.000Z,2349081,Onye Ofoegbu,Onye,Ofoegbu,11,4,active,False,False,False,False,False,,False,,False,,False,,False,,LOVB Atlanta,ATL,ATL,hotPink
2161323,2025,2025-03-08T00:30:00.000Z,2351343,Rachel Fairbanks,Rachel,Fairbanks,12,5,active,False,False,False,False,False,,False,,False,,False,,False,,LOVB Atlanta,ATL,ATL,hotPink
2161323,2025,2025-03-08T00:30:00.000Z,2344425,McKenzie Adams,McKenzie,Adams,13,2,active,False,False,False,False,True,5.0,True,5.0,True,5.0,True,4.0,True,4.0,LOVB Atlanta,ATL,ATL,hotPink
2161323,2025,2025-03-08T00:30:00.000Z,2344570,Tia Jimerson,Tia,Jimerson,14,4,active,False,False,False,False,True,6.0,True,6.0,True,6.0,True,5.0,True,5.0,LOVB Atlanta,ATL,ATL,hotPink
2161323,2025,2025-03-08T00:30:00.000Z,2344573,Magdalena Jehlarova,Magdalena,Jehlarova,15,4,active,True,False,False,False,True,3.0,True,3.0,True,3.0,True,2.0,True,2.0,LOVB Atlanta,ATL,ATL,hotPink
2161323,2025,2025-03-08T00:30:00.000Z,2344567,Beatrice Negretti,Beatrice,Negretti,16,1,active,True,False,False,False,False,,False,,False,,False,,False,,LOVB Atlanta,ATL,ATL,hotPink
2161323,2025,2025-03-08T00:30:00.000Z,2344574,Tessa Grubbs,Tessa,Grubbs,17,3,active,False,False,False,False,False,,False,,False,,False,,False,,LOVB Atlanta,ATL,ATL,hotPink
2161323,2025,2025-03-08T00:30:00.000Z,2344572,Danielle Cuttino,Danielle,Cuttino,20,3,active,False,False,False,False,True,4.0,True,4.0,True,4.0,True,3.0,True,3.0,LOVB Atlanta,ATL,ATL,hotPink
2161323,2025,2025-03-08T00:30:00.000Z,2342511,Kelsey Cook,Kelsey,Cook,23,2,active,False,False,True,False,True,2.0,True,2.0,True,2.0,True,1.0,True,1.0,LOVB Atlanta,ATL,ATL,hotPink
2161323,2025,2025-03-08T00:30:00.000Z,2344569,Gia Day,Gia,Day,77,2,active,False,False,False,False,False,,False,,False,,False,,False,,LOVB Atlanta,ATL,ATL,hotPink
2161323,2025,2025-03-08T00:30:00.000Z,2344621,Grace Frohling,Grace,Frohling,1,3,active,False,False,False,False,False,,False,,False,,False,,False,,LOVB Houston,HTX,HTX,cornflowerBlue
2161323,2025,2025-03-08T00:30:00.000Z,2344616,Karin Palgutova,Karin,Palgutova,2,2,active,True,False,False,False,False,,False,,False,,False,,False,,LOVB Houston,HTX,HTX,cornflowerBlue
2161323,2025,2025-03-08T00:30:00.000Z,2344618,Amber Igiede,Amber,Igiede,3,4,active,False,False,False,False,True,1.0,True,6.0,True,5.0,True,6.0,True,6.0,LOVB Houston,HTX,HTX,cornflowerBlue
2161323,2025,2025-03-08T00:30:00.000Z,2344612,Anna Pogany,Anna,Pogany,4,1,active,True,False,False,True,False,,False,,False,,False,,False,,LOVB Houston,HTX,HTX,cornflowerBlue
2161323,2025,2025-03-08T00:30:00.000Z,2349315,Jess Mruzik,Jess,Mruzik,5,2,active,False,False,False,False,True,6.0,True,5.0,True,4.0,True,5.0,True,5.0,LOVB Houston,HTX,HTX,cornflowerBlue
2161323,2025,2025-03-08T00:30:00.000Z,2344617,Raphaela Folie,Raphaela,Folie,7,4,active,True,False,False,False,True,4.0,True,3.0,True,2.0,True,3.0,True,3.0,LOVB Houston,HTX,HTX,cornflowerBlue
2161323,2025,2025-03-08T00:30:00.000Z,2344619,Christina Bauer,Christina,Bauer,8,3,active,True,False,False,False,False,,False,,False,,False,,False,,LOVB Houston,HTX,HTX,cornflowerBlue
2161323,2025,2025-03-08T00:30:00.000Z,2344614,Madi Kingdon Rishel,Madi,Kingdon Rishel,9,2,active,False,False,False,False,True,3.0,True,2.0,True,1.0,True,2.0,True,2.0,LOVB Houston,HTX,HTX,cornflowerBlue
2161323,2025,2025-03-08T00:30:00.000Z,2344611,Kaisa Alanko,Kaisa,Alanko,10,5,active,True,False,False,False,False,,False,,False,,False,,False,,LOVB Houston,HTX,HTX,cornflowerBlue
2161323,2025,2025-03-08T00:30:00.000Z,2344620,Anita Anwusi,Anita,Anwusi,11,4,active,False,False,False,False,False,,False,,False,,False,,False,,LOVB Houston,HTX,HTX,cornflowerBlue
2161323,2025,2025-03-08T00:30:00.000Z,2336967,Micha Hancock,Micha,Hancock,12,5,active,False,False,True,False,True,2.0,True,1.0,True,6.0,True,1.0,True,1.0,LOVB Houston,HTX,HTX,cornflowerBlue
2161323,2025,2025-03-08T00:30:00.000Z,2344622,Julia Brown,Julia,Brown,14,2,active,False,False,False,False,False,,False,,False,,False,,False,,LOVB Houston,HTX,HTX,cornflowerBlue
2161323,2025,2025-03-08T00:30:00.000Z,2344615,Sara Loda,Sara,Loda,17,2,active,True,False,False,False,False,,False,,False,,False,,False,,LOVB Houston,HTX,HTX,cornflowerBlue
2161323,2025,2025-03-08T00:30:00.000Z,2344613,Key Alves,Key,Alves,18,1,active,True,False,False,False,False,,False,,False,,False,,False,,LOVB Houston,HTX,HTX,cornflowerBlue
2161323,2025,2025-03-08T00:30:00.000Z,2336977,Jordan Thompson,Jordan,Thompson,23,3,active,False,False,False,False,True,5.0,True,4.0,True,3.0,True,4.0,True,4.0,LOVB Houston,HTX,HTX,cornflowerBlue
2161324,2025,2025-03-08T21:30:00.000Z,2344621,Grace Frohling,Grace,Frohling,1,3,active,False,False,False,False,False,,False,,False,,False,,,,LOVB Houston,HTX,HTX,babyBlue
2161324,2025,2025-03-08T21:30:00.000Z,2344616,Karin Palgutova,Karin,Palgutova,2,2,active,True,False,False,False,False,,False,,False,,False,,,,LOVB Houston,HTX,HTX,babyBlue
2161324,2025,2025-03-08T21:30:00.000Z,2344618,Amber Igiede,Amber,Igiede,3,4,active,False,False,False,False,True,3.0,True,4.0,True,3.0,True,2.0,,,LOVB Houston,HTX,HTX,babyBlue
2161324,2025,2025-03-08T21:30:00.000Z,2344612,Anna Pogany,Anna,Pogany,4,1,active,True,False,False,True,False,,False,,False,,False,,,,LOVB Houston,HTX,HTX,babyBlue
2161324,2025,2025-03-08T21:30:00.000Z,2349315,Jess Mruzik,Jess,Mruzik,5,2,active,False,False,False,False,True,5.0,True,6.0,True,5.0,True,4.0,,,LOVB Houston,HTX,HTX,babyBlue
2161324,2025,2025-03-08T21:30:00.000Z,2344617,Raphaela Folie,Raphaela,Folie,7,4,active,True,False,False,False,False,,False,,False,,False,,,,LOVB Houston,HTX,HTX,babyBlue
2161324,2025,2025-03-08T21:30:00.000Z,2344619,Christina Bauer,Christina,Bauer,8,3,active,True,False,False,False,True,6.0,True,1.0,True,6.0,True,5.0,,,LOVB Houston,HTX,HTX,babyBlue
2161324,2025,2025-03-08T21:30:00.000Z,2344614,Madi Kingdon Rishel,Madi,Kingdon Rishel,9,2,active,False,False,False,False,True,2.0,True,3.0,True,2.0,True,1.0,,,LOVB Houston,HTX,HTX,babyBlue
2161324,2025,2025-03-08T21:30:00.000Z,2344611,Kaisa Alanko,Kaisa,Alanko,10,5,active,True,False,False,False,False,,False,,False,,False,,,,LOVB Houston,HTX,HTX,babyBlue
2161324,2025,2025-03-08T21:30:00.000Z,2344620,Anita Anwusi,Anita,Anwusi,11,4,active,False,False,False,False,False,,False,,False,,False,,,,LOVB Houston,HTX,HTX,babyBlue
2161324,2025,2025-03-08T21:30:00.000Z,2336967,Micha Hancock,Micha,Hancock,12,5,active,False,False,True,False,True,1.0,True,2.0,True,1.0,True,6.0,,,LOVB Houston,HTX,HTX,babyBlue
2161324,2025,2025-03-08T21:30:00.000Z,2344622,Julia Brown,Julia,Brown,14,2,active,False,False,False,False,False,,False,,False,,False,,,,LOVB Houston,HTX,HTX,babyBlue
2161324,2025,2025-03-08T21:30:00.000Z,2344615,Sara Loda,Sara,Loda,17,2,active,True,False,False,False,False,,False,,False,,False,,,,LOVB Houston,HTX,HTX,babyBlue
2161324,2025,2025-03-08T21:30:00.000Z,2344613,Key Alves,Key,Alves,18,1,active,True,False,False,False,False,,False,,False,,False,,,,LOVB Houston,HTX,HTX,babyBlue
2161324,2025,2025-03-08T21:30:00.000Z,2336977,Jordan Thompson,Jordan,Thompson,23,3,active,False,False,False,False,True,4.0,True,5.0,True,4.0,True,3.0,,,LOVB Houston,HTX,HTX,babyBlue
2161324,2025,2025-03-08T21:30:00.000Z,2344576,Daly Santana,Daly,Santana,1,2,active,True,False,False,False,False,,False,,False,,False,,,,LOVB Madison,MAD,MAD,turquoise
2161324,2025,2025-03-08T21:30:00.000Z,2342510,Anna Hall,Anna,Hall,2,4,active,False,False,False,False,True,1.0,True,2.0,True,2.0,True,2.0,,,LOVB Madison,MAD,MAD,turquoise
2161324,2025,2025-03-08T21:30:00.000Z,2344581,Mariena Hayden,Mariena,Hayden,3,2,active,False,False,False,False,False,,False,,False,,False,,,,LOVB Madison,MAD,MAD,turquoise
2161324,2025,2025-03-08T21:30:00.000Z,2344577,Milica Medved,Milica,Medved,4,1,active,True,False,False,True,False,,False,,False,,False,,,,LOVB Madison,MAD,MAD,turquoise
2161324,2025,2025-03-08T21:30:00.000Z,2344578,Simin Wang,Simin,Wang,5,1,active,True,False,False,False,False,,False,,False,,False,,,,LOVB Madison,MAD,MAD,turquoise
2161324,2025,2025-03-08T21:30:00.000Z,2344579,Jennifer Janiska,Jennifer,Janiska,6,2,active,True,False,False,False,True,3.0,True,4.0,False,,False,,,,LOVB Madison,MAD,MAD,turquoise
2161324,2025,2025-03-08T21:30:00.000Z,2342508,Lauren Carlini,Lauren,Carlini,7,5,active,False,False,True,False,True,5.0,True,6.0,True,6.0,True,6.0,,,LOVB Madison,MAD,MAD,turquoise
2161324,2025,2025-03-08T21:30:00.000Z,2344584,Claire Felix,Claire,Felix,8,4,active,False,False,False,False,False,,False,,False,,False,,,,LOVB Madison,MAD,MAD,turquoise
2161324,2025,2025-03-08T21:30:00.000Z,2344580,Claire Chaussee,Claire,Chaussee,9,2,active,False,False,False,False,True,6.0,True,1.0,True,1.0,True,1.0,,,LOVB Madison,MAD,MAD,turquoise
2161324,2025,2025-03-08T21:30:00.000Z,2344583,Taylor Sandbothe,Taylor,Sandbothe,10,4,active,False,False,False,False,True,4.0,True,5.0,True,5.0,True,5.0,,,LOVB Madison,MAD,MAD,turquoise
2161324,2025,2025-03-08T21:30:00.000Z,2342509,Annie Drews Schumacher,Annie,Drews Schumacher,11,3,active,False,False,False,False,True,2.0,True,3.0,True,3.0,True,3.0,,,LOVB Madison,MAD,MAD,turquoise
2161324,2025,2025-03-08T21:30:00.000Z,2344582,Temi Thomas-Ailara,Temi,Thomas-Ailara,12,3,active,False,False,False,False,False,,False,,False,,False,,,,LOVB Madison,MAD,MAD,turquoise
2161324,2025,2025-03-08T21:30:00.000Z,2349141,Sarah Franklin,Sarah,Franklin,13,2,active,False,False,False,False,False,,False,,True,4.0,True,4.0,,,LOVB Madison,MAD,MAD,turquoise
2161324,2025,2025-03-08T21:30:00.000Z,2344575,Danica Markovic,Danica,Markovic,14,5,active,True,False,False,False,False,,False,,False,,False,,,,LOVB Madison,MAD,MAD,turquoise
2161324,2025,2025-03-08T21:30:00.000Z,2406119,Paige Reagor,Paige,Reagor,15,4,active,False,False,False,False,False,,False,,False,,False,,,,LOVB Madison,MAD,MAD,turquoise
2161324,2025,2025-03-08T21:30:00.000Z,2349077,Ana Beatriz Correa,Ana Beatriz,Correa,27,4,active,True,False,False,False,False,,False,,False,,False,,,,LOVB Madison,MAD,MAD,turquoise
2161325,2025,2025-03-09T00:00:00.000Z,2344566,Piyanut Pannoy,Piyanut,Pannoy,2,1,active,True,False,False,True,False,,False,,False,,False,,,,LOVB Atlanta,ATL,ATL,hotPink
2161325,2025,2025-03-09T00:00:00.000Z,2344565,Marta Bechis,Marta,Bechis,3,5,active,True,False,False,False,False,,False,,False,,False,,,,LOVB Atlanta,ATL,ATL,hotPink
2161325,2025,2025-03-09T00:00:00.000Z,2344568,Jessica Rivero Marin,Jessica,Rivero Marin,4,2,active,True,False,False,False,False,,False,,False,,False,,,,LOVB Atlanta,ATL,ATL,hotPink
2161325,2025,2025-03-09T00:00:00.000Z,2344571,Kayla Haneline,Kayla,Haneline,8,4,active,False,False,False,False,False,,False,,False,,False,,,,LOVB Atlanta,ATL,ATL,hotPink
2161325,2025,2025-03-09T00:00:00.000Z,2344564,Iga Wasilewska,Iga,Wasilewska,9,4,active,True,False,False,False,False,,False,,False,,False,,,,LOVB Atlanta,ATL,ATL,hotPink
2161325,2025,2025-03-09T00:00:00.000Z,2344427,Madi Bugg,Madi,Bugg,10,5,active,False,False,False,False,True,1.0,True,6.0,True,1.0,True,1.0,,,LOVB Atlanta,ATL,ATL,hotPink
2161325,2025,2025-03-09T00:00:00.000Z,2349081,Onye Ofoegbu,Onye,Ofoegbu,11,4,active,False,False,False,False,False,,False,,False,,False,,,,LOVB Atlanta,ATL,ATL,hotPink
2161325,2025,2025-03-09T00:00:00.000Z,2351343,Rachel Fairbanks,Rachel,Fairbanks,12,5,active,False,False,False,False,False,,False,,False,,False,,,,LOVB Atlanta,ATL,ATL,hotPink
2161325,2025,2025-03-09T00:00:00.000Z,2344425,McKenzie Adams,McKenzie,Adams,13,2,active,False,False,False,False,True,5.0,True,4.0,True,5.0,True,5.0,,,LOVB Atlanta,ATL,ATL,hotPink
2161325,2025,2025-03-09T00:00:00.000Z,2344570,Tia Jimerson,Tia,Jimerson,14,4,active,False,False,False,False,True,6.0,True,5.0,True,6.0,True,6.0,,,LOVB Atlanta,ATL,ATL,hotPink
2161325,2025,2025-03-09T00:00:00.000Z,2344573,Magdalena Jehlarova,Magdalena,Jehlarova,15,4,active,True,False,False,False,True,3.0,True,2.0,True,3.0,True,3.0,,,LOVB Atlanta,ATL,ATL,hotPink
2161325,2025,2025-03-09T00:00:00.000Z,2344567,Beatrice Negretti,Beatrice,Negretti,16,1,active,True,False,False,False,False,,False,,False,,False,,,,LOVB Atlanta,ATL,ATL,hotPink
2161325,2025,2025-03-09T00:00:00.000Z,2344574,Tessa Grubbs,Tessa,Grubbs,17,3,active,False,False,False,False,False,,False,,False,,False,,,,LOVB Atlanta,ATL,ATL,hotPink
2161325,2025,2025-03-09T00:00:00.000Z,2344572,Danielle Cuttino,Danielle,Cuttino,20,3,active,False,False,False,False,True,4.0,True,3.0,True,4.0,True,4.0,,,LOVB Atlanta,ATL,ATL,hotPink
2161325,2025,2025-03-09T00:00:00.000Z,2342511,Kelsey Cook,Kelsey,Cook,23,2,active,False,False,True,False,True,2.0,True,1.0,True,2.0,True,2.0,,,LOVB Atlanta,ATL,ATL,hotPink
2161325,2025,2025-03-09T00:00:00.000Z,2344569,Gia Day,Gia,Day,77,2,active,False,False,False,False,False,,False,,False,,False,,,,LOVB Atlanta,ATL,ATL,hotPink
2161325,2025,2025-03-09T00:00:00.000Z,2344609,Khat Bell,Khat,Bell,1,3,active,False,False,False,False,False,,False,,False,,False,,,,LOVB Austin,ATX,ATX,violet
2161325,2025,2025-03-09T00:00:00.000Z,2344604,Leah Hardeman,Leah,Hardeman,2,2,active,False,False,False,False,False,,False,,False,,False,,,,LOVB Austin,ATX,ATX,violet
2161325,2025,2025-03-09T00:00:00.000Z,2344598,Carli Lloyd,Carli,Lloyd,3,5,active,False,False,True,False,False,,False,,False,,True,1.0,,,LOVB Austin,ATX,ATX,violet
2161325,2025,2025-03-09T00:00:00.000Z,2344608,Molly McCage,Molly,McCage,5,4,active,False,False,False,False,True,6.0,True,2.0,True,2.0,True,6.0,,,LOVB Austin,ATX,ATX,violet
2161325,2025,2025-03-09T00:00:00.000Z,2344603,Alessia Gennari,Alessia,Gennari,6,2,active,True,False,False,False,False,,False,,False,,False,,,,LOVB Austin,ATX,ATX,violet
2161325,2025,2025-03-09T00:00:00.000Z,2344607,Asjia O´Neal,Asjia,O´Neal,7,4,active,False,False,False,False,False,,False,,False,,False,,,,LOVB Austin,ATX,ATX,violet
2161325,2025,2025-03-09T00:00:00.000Z,2344600,Saige Ka'aha'aina-Torres,Saige,Ka'aha'aina-Torres,9,5,active,False,False,False,False,True,1.0,True,3.0,True,3.0,False,,,,LOVB Austin,ATX,ATX,violet
2161325,2025,2025-03-09T00:00:00.000Z,2344601,Zoe Jarvis,Zoe,Jarvis,10,1,active,False,False,False,False,False,,True,1.0,True,1.0,True,5.0,,,LOVB Austin,ATX,ATX,violet
2161325,2025,2025-03-09T00:00:00.000Z,2336983,Chiaka Ogbogu,Chiaka,Ogbogu,11,4,active,False,False,False,False,True,3.0,True,5.0,True,5.0,True,3.0,,,LOVB Austin,ATX,ATX,violet
2161325,2025,2025-03-09T00:00:00.000Z,2344610,Carly DeHoog,Carly,DeHoog,12,2,active,False,False,False,False,False,,False,,False,,False,,,,LOVB Austin,ATX,ATX,violet
2161325,2025,2025-03-09T00:00:00.000Z,2344606,Juliann Faucette,Juliann,Faucette,13,2,active,False,False,False,False,False,,False,,True,6.0,False,,,,LOVB Austin,ATX,ATX,violet
2161325,2025,2025-03-09T00:00:00.000Z,2344602,Kotoe Inoue,Kotoe,Inoue,15,1,active,True,False,False,True,False,,False,,False,,False,,,,LOVB Austin,ATX,ATX,violet
2161325,2025,2025-03-09T00:00:00.000Z,2349176,Madisen Skinner,Madisen,Skinner,16,3,active,False,False,False,False,True,4.0,True,6.0,False,,True,4.0,,,LOVB Austin,ATX,ATX,violet
2161325,2025,2025-03-09T00:00:00.000Z,2344605,Anna Haak,Anna,Haak,17,2,active,True,False,False,False,True,5.0,False,,False,,False,,,,LOVB Austin,ATX,ATX,violet
2161325,2025,2025-03-09T00:00:00.000Z,2344599,Logan Eggleston,Logan,Eggleston,33,2,active,False,False,False,False,True,2.0,True,4.0,True,4.0,True,2.0,,,LOVB Austin,ATX,ATX,violet
2161326,2025,2025-03-14T00:00:00.000Z,2344576,Daly Santana,Daly,Santana,1,2,active,True,False,False,False,False,,False,,False,,False,,,,LOVB Madison,MAD,MAD,babyBlue
2161326,2025,2025-03-14T00:00:00.000Z,2342510,Anna Hall,Anna,Hall,2,4,active,False,False,False,False,True,5.0,True,5.0,True,5.0,True,5.0,,,LOVB Madison,MAD,MAD,babyBlue
2161326,2025,2025-03-14T00:00:00.000Z,2344581,Mariena Hayden,Mariena,Hayden,3,2,active,False,False,False,False,False,,False,,False,,False,,,,LOVB Madison,MAD,MAD,babyBlue
2161326,2025,2025-03-14T00:00:00.000Z,2344577,Milica Medved,Milica,Medved,4,1,active,True,False,False,True,False,,False,,False,,False,,,,LOVB Madison,MAD,MAD,babyBlue
2161326,2025,2025-03-14T00:00:00.000Z,2344578,Simin Wang,Simin,Wang,5,1,active,True,False,False,False,False,,False,,False,,False,,,,LOVB Madison,MAD,MAD,babyBlue
2161326,2025,2025-03-14T00:00:00.000Z,2344579,Jennifer Janiska,Jennifer,Janiska,6,2,active,True,False,False,False,True,1.0,True,1.0,True,1.0,True,1.0,,,LOVB Madison,MAD,MAD,babyBlue
2161326,2025,2025-03-14T00:00:00.000Z,2342508,Lauren Carlini,Lauren,Carlini,7,5,active,False,False,True,False,True,3.0,True,3.0,True,3.0,True,3.0,,,LOVB Madison,MAD,MAD,babyBlue
2161326,2025,2025-03-14T00:00:00.000Z,2344584,Claire Felix,Claire,Felix,8,4,active,False,False,False,False,False,,False,,False,,False,,,,LOVB Madison,MAD,MAD,babyBlue
2161326,2025,2025-03-14T00:00:00.000Z,2344580,Claire Chaussee,Claire,Chaussee,9,2,active,False,False,False,False,True,4.0,True,4.0,True,4.0,True,4.0,,,LOVB Madison,MAD,MAD,babyBlue
2161326,2025,2025-03-14T00:00:00.000Z,2344583,Taylor Sandbothe,Taylor,Sandbothe,10,4,active,False,False,False,False,True,2.0,True,2.0,True,2.0,True,2.0,,,LOVB Madison,MAD,MAD,babyBlue
2161326,2025,2025-03-14T00:00:00.000Z,2342509,Annie Drews Schumacher,Annie,Drews Schumacher,11,3,active,False,False,False,False,True,6.0,True,6.0,True,6.0,True,6.0,,,LOVB Madison,MAD,MAD,babyBlue
2161326,2025,2025-03-14T00:00:00.000Z,2344582,Temi Thomas-Ailara,Temi,Thomas-Ailara,12,3,active,False,False,False,False,False,,False,,False,,False,,,,LOVB Madison,MAD,MAD,babyBlue
2161326,2025,2025-03-14T00:00:00.000Z,2349141,Sarah Franklin,Sarah,Franklin,13,2,active,False,False,False,False,False,,False,,False,,False,,,,LOVB Madison,MAD,MAD,babyBlue
2161326,2025,2025-03-14T00:00:00.000Z,2344575,Danica Markovic,Danica,Markovic,14,5,active,True,False,False,False,False,,False,,False,,False,,,,LOVB Madison,MAD,MAD,babyBlue
2161326,2025,2025-03-14T00:00:00.000Z,2406119,Paige Reagor,Paige,Reagor,15,4,active,False,False,False,False,False,,False,,False,,False,,,,LOVB Madison,MAD,MAD,babyBlue
2161326,2025,2025-03-14T00:00:00.000Z,2349077,Ana Beatriz Correa,Ana Beatriz,Correa,27,4,active,True,False,False,False,False,,False,,False,,False,,,,LOVB Madison,MAD,MAD,babyBlue
2161326,2025,2025-03-14T00:00:00.000Z,2349314,Lexi Rodriguez,Lexi,Rodriguez,1,1,active,False,False,False,False,False,,False,,True,6.0,False,,,,LOVB Omaha,OMA,OMA,apple
2161326,2025,2025-03-14T00:00:00.000Z,2344593,Emily Thater,Emily,Thater,2,4,active,False,False,False,False,True,5.0,True,6.0,True,2.0,True,6.0,,,LOVB Omaha,OMA,OMA,apple
2161326,2025,2025-03-14T00:00:00.000Z,2344587,Annie Cesar,Annie,Cesar,3,1,active,True,False,False,False,False,,False,,False,,False,,,,LOVB Omaha,OMA,OMA,apple
2161326,2025,2025-03-14T00:00:00.000Z,2336972,Justine Wong-Orantes,Justine,Wong-Orantes,4,1,active,False,False,False,True,False,,False,,False,,False,,,,LOVB Omaha,OMA,OMA,apple
2161326,2025,2025-03-14T00:00:00.000Z,2344589,Jaali Winters,Jaali,Winters,5,2,active,False,False,False,False,False,,False,,False,,False,,,,LOVB Omaha,OMA,OMA,apple
2161326,2025,2025-03-14T00:00:00.000Z,2344590,Vicky Savard,Vicky,Savard,7,2,active,True,False,False,False,False,,False,,True,4.0,True,2.0,,,LOVB Omaha,OMA,OMA,apple
2161326,2025,2025-03-14T00:00:00.000Z,2344596,Kimberly Drewniok,Kimberly,Drewniok,8,3,active,True,False,False,False,True,3.0,True,4.0,False,,True,4.0,,,LOVB Omaha,OMA,OMA,apple
2161326,2025,2025-03-14T00:00:00.000Z,2336975,Jordan Larson,Jordan,Larson,10,2,active,False,False,True,False,True,1.0,True,2.0,False,,False,,,,LOVB Omaha,OMA,OMA,apple
2161326,2025,2025-03-14T00:00:00.000Z,2344591,Amber Stivrins,Amber,Stivrins,11,2,active,False,False,False,False,False,,False,,False,,False,,,,LOVB Omaha,OMA,OMA,apple
2161326,2025,2025-03-14T00:00:00.000Z,2344597,Audriana Fitzmorris,Audriana,Fitzmorris,12,3,active,False,False,False,False,False,,False,,False,,False,,,,LOVB Omaha,OMA,OMA,apple
2161326,2025,2025-03-14T00:00:00.000Z,2344586,Gabby Blossom,Gabby,Blossom,13,5,active,False,False,False,False,True,6.0,True,1.0,True,3.0,True,1.0,,,LOVB Omaha,OMA,OMA,apple
2161326,2025,2025-03-14T00:00:00.000Z,2344585,Laura Dijkema,Laura,Dijkema,14,5,active,True,False,False,False,False,,False,,False,,False,,,,LOVB Omaha,OMA,OMA,apple
2161326,2025,2025-03-14T00:00:00.000Z,2344592,Candelaria Herrera,Candelaria,Herrera,17,4,active,True,False,False,False,False,,False,,False,,False,,,,LOVB Omaha,OMA,OMA,apple
2161326,2025,2025-03-14T00:00:00.000Z,2417486,Chiamaka Nwokolo,Chiamaka,Nwokolo,23,4,active,False,False,False,False,True,2.0,True,3.0,True,5.0,True,3.0,,,LOVB Omaha,OMA,OMA,apple
2161326,2025,2025-03-14T00:00:00.000Z,2344595,Lauren Stivrins,Lauren,Stivrins,26,4,active,False,False,False,False,False,,False,,False,,False,,,,LOVB Omaha,OMA,OMA,apple
2161326,2025,2025-03-14T00:00:00.000Z,2344588,Madi Kubik-Banks,Madi,Kubik-Banks,33,2,active,False,False,False,False,True,4.0,True,5.0,True,1.0,True,5.0,,,LOVB Omaha,OMA,OMA,apple
2161327,2025,2025-03-15T00:00:00.000Z,2344621,Grace Frohling,Grace,Frohling,1,3,active,False,False,False,False,False,,False,,False,,False,,False,,LOVB Houston,HTX,HTX,brightBlue
2161327,2025,2025-03-15T00:00:00.000Z,2344616,Karin Palgutova,Karin,Palgutova,2,2,active,True,False,False,False,False,,False,,False,,False,,False,,LOVB Houston,HTX,HTX,brightBlue
2161327,2025,2025-03-15T00:00:00.000Z,2344618,Amber Igiede,Amber,Igiede,3,4,active,False,False,False,False,True,6.0,True,1.0,True,6.0,True,5.0,True,5.0,LOVB Houston,HTX,HTX,brightBlue
2161327,2025,2025-03-15T00:00:00.000Z,2344612,Anna Pogany,Anna,Pogany,4,1,active,True,False,False,True,False,,False,,False,,False,,False,,LOVB Houston,HTX,HTX,brightBlue
2161327,2025,2025-03-15T00:00:00.000Z,2349315,Jess Mruzik,Jess,Mruzik,5,2,active,False,False,False,False,True,5.0,True,6.0,True,5.0,True,4.0,True,4.0,LOVB Houston,HTX,HTX,brightBlue
2161327,2025,2025-03-15T00:00:00.000Z,2344617,Raphaela Folie,Raphaela,Folie,7,4,active,True,False,False,False,True,3.0,True,4.0,True,3.0,True,2.0,True,2.0,LOVB Houston,HTX,HTX,brightBlue
2161327,2025,2025-03-15T00:00:00.000Z,2344619,Christina Bauer,Christina,Bauer,8,4,active,True,False,False,False,False,,False,,False,,False,,False,,LOVB Houston,HTX,HTX,brightBlue
2161327,2025,2025-03-15T00:00:00.000Z,2344614,Madi Kingdon Rishel,Madi,Kingdon Rishel,9,2,active,False,False,False,False,True,2.0,True,3.0,True,2.0,True,1.0,True,1.0,LOVB Houston,HTX,HTX,brightBlue
2161327,2025,2025-03-15T00:00:00.000Z,2344611,Kaisa Alanko,Kaisa,Alanko,10,5,active,True,False,False,False,False,,False,,False,,False,,False,,LOVB Houston,HTX,HTX,brightBlue
2161327,2025,2025-03-15T00:00:00.000Z,2344620,Anita Anwusi,Anita,Anwusi,11,4,active,False,False,False,False,False,,False,,False,,False,,False,,LOVB Houston,HTX,HTX,brightBlue
2161327,2025,2025-03-15T00:00:00.000Z,2336967,Micha Hancock,Micha,Hancock,12,5,active,False,False,True,False,True,1.0,True,2.0,True,1.0,True,6.0,True,6.0,LOVB Houston,HTX,HTX,brightBlue
2161327,2025,2025-03-15T00:00:00.000Z,2344622,Julia Brown,Julia,Brown,14,2,active,False,False,False,False,False,,False,,False,,False,,False,,LOVB Houston,HTX,HTX,brightBlue
2161327,2025,2025-03-15T00:00:00.000Z,2344615,Sara Loda,Sara,Loda,17,2,active,True,False,False,False,False,,False,,False,,False,,False,,LOVB Houston,HTX,HTX,brightBlue
2161327,2025,2025-03-15T00:00:00.000Z,2344613,Key Alves,Key,Alves,18,1,active,True,False,False,False,False,,False,,False,,False,,False,,LOVB Houston,HTX,HTX,brightBlue
2161327,2025,2025-03-15T00:00:00.000Z,2336977,Jordan Thompson,Jordan,Thompson,23,3,active,False,False,False,False,True,4.0,True,5.0,True,4.0,True,3.0,True,3.0,LOVB Houston,HTX,HTX,brightBlue
2161327,2025,2025-03-15T00:00:00.000Z,2344566,Piyanut Pannoy,Piyanut,Pannoy,2,1,active,True,False,False,True,False,,False,,False,,False,,False,,LOVB Atlanta,ATL,ATL,hotPink
2161327,2025,2025-03-15T00:00:00.000Z,2344565,Marta Bechis,Marta,Bechis,3,5,active,True,False,False,False,False,,False,,False,,False,,False,,LOVB Atlanta,ATL,ATL,hotPink
2161327,2025,2025-03-15T00:00:00.000Z,2344568,Jessica Rivero Marin,Jessica,Rivero Marin,4,2,active,True,False,False,False,False,,False,,False,,False,,False,,LOVB Atlanta,ATL,ATL,hotPink
2161327,2025,2025-03-15T00:00:00.000Z,2344571,Kayla Haneline,Kayla,Haneline,8,4,active,False,False,False,False,False,,False,,False,,False,,False,,LOVB Atlanta,ATL,ATL,hotPink
2161327,2025,2025-03-15T00:00:00.000Z,2344564,Iga Wasilewska,Iga,Wasilewska,9,4,active,True,False,False,False,False,,False,,False,,False,,False,,LOVB Atlanta,ATL,ATL,hotPink
2161327,2025,2025-03-15T00:00:00.000Z,2344427,Madi Bugg,Madi,Bugg,10,5,active,False,False,False,False,True,1.0,True,5.0,True,1.0,True,1.0,True,1.0,LOVB Atlanta,ATL,ATL,hotPink
2161327,2025,2025-03-15T00:00:00.000Z,2349081,Onye Ofoegbu,Onye,Ofoegbu,11,4,active,False,False,False,False,False,,False,,False,,False,,False,,LOVB Atlanta,ATL,ATL,hotPink
2161327,2025,2025-03-15T00:00:00.000Z,2351343,Rachel Fairbanks,Rachel,Fairbanks,12,5,active,False,False,False,False,False,,False,,False,,False,,False,,LOVB Atlanta,ATL,ATL,hotPink
2161327,2025,2025-03-15T00:00:00.000Z,2344425,McKenzie Adams,McKenzie,Adams,13,2,active,False,False,False,False,True,5.0,True,3.0,True,5.0,True,5.0,True,5.0,LOVB Atlanta,ATL,ATL,hotPink
2161327,2025,2025-03-15T00:00:00.000Z,2344570,Tia Jimerson,Tia,Jimerson,14,4,active,False,False,False,False,True,6.0,True,4.0,True,6.0,True,6.0,True,6.0,LOVB Atlanta,ATL,ATL,hotPink
2161327,2025,2025-03-15T00:00:00.000Z,2344573,Magdalena Jehlarova,Magdalena,Jehlarova,15,4,active,True,False,False,False,True,3.0,True,1.0,True,3.0,True,3.0,True,3.0,LOVB Atlanta,ATL,ATL,hotPink
2161327,2025,2025-03-15T00:00:00.000Z,2344567,Beatrice Negretti,Beatrice,Negretti,16,1,active,True,False,False,False,False,,False,,False,,False,,False,,LOVB Atlanta,ATL,ATL,hotPink
2161327,2025,2025-03-15T00:00:00.000Z,2344574,Tessa Grubbs,Tessa,Grubbs,17,3,active,False,False,False,False,False,,False,,False,,False,,False,,LOVB Atlanta,ATL,ATL,hotPink
2161327,2025,2025-03-15T00:00:00.000Z,2344572,Danielle Cuttino,Danielle,Cuttino,20,3,active,False,False,False,False,True,4.0,True,2.0,True,4.0,True,4.0,True,4.0,LOVB Atlanta,ATL,ATL,hotPink
2161327,2025,2025-03-15T00:00:00.000Z,2342511,Kelsey Cook,Kelsey,Cook,23,2,active,False,False,True,False,True,2.0,True,6.0,True,2.0,True,2.0,True,2.0,LOVB Atlanta,ATL,ATL,hotPink
2161327,2025,2025-03-15T00:00:00.000Z,2344569,Gia Day,Gia,Day,77,2,active,False,False,False,False,False,,False,,False,,False,,False,,LOVB Atlanta,ATL,ATL,hotPink
2161328,2025,2025-03-15T21:30:00.000Z,2344566,Piyanut Pannoy,Piyanut,Pannoy,2,1,active,True,False,False,True,False,,False,,False,,False,,False,,LOVB Atlanta,ATL,ATL,hotPink
2161328,2025,2025-03-15T21:30:00.000Z,2344565,Marta Bechis,Marta,Bechis,3,5,active,True,False,False,False,False,,False,,False,,False,,False,,LOVB Atlanta,ATL,ATL,hotPink
2161328,2025,2025-03-15T21:30:00.000Z,2344568,Jessica Rivero Marin,Jessica,Rivero Marin,4,2,active,True,False,False,False,False,,False,,False,,False,,False,,LOVB Atlanta,ATL,ATL,hotPink
2161328,2025,2025-03-15T21:30:00.000Z,2344571,Kayla Haneline,Kayla,Haneline,8,4,active,False,False,False,False,False,,False,,False,,False,,False,,LOVB Atlanta,ATL,ATL,hotPink
2161328,2025,2025-03-15T21:30:00.000Z,2344564,Iga Wasilewska,Iga,Wasilewska,9,4,active,True,False,False,False,False,,False,,False,,False,,False,,LOVB Atlanta,ATL,ATL,hotPink
2161328,2025,2025-03-15T21:30:00.000Z,2344427,Madi Bugg,Madi,Bugg,10,5,active,False,False,False,False,True,1.0,True,1.0,True,1.0,True,2.0,True,1.0,LOVB Atlanta,ATL,ATL,hotPink
2161328,2025,2025-03-15T21:30:00.000Z,2349081,Onye Ofoegbu,Onye,Ofoegbu,11,4,active,False,False,False,False,False,,False,,False,,False,,False,,LOVB Atlanta,ATL,ATL,hotPink
2161328,2025,2025-03-15T21:30:00.000Z,2351343,Rachel Fairbanks,Rachel,Fairbanks,12,5,active,False,False,False,False,False,,False,,False,,False,,False,,LOVB Atlanta,ATL,ATL,hotPink
2161328,2025,2025-03-15T21:30:00.000Z,2344425,McKenzie Adams,McKenzie,Adams,13,2,active,False,False,False,False,True,5.0,True,5.0,True,5.0,False,,True,5.0,LOVB Atlanta,ATL,ATL,hotPink
2161328,2025,2025-03-15T21:30:00.000Z,2344570,Tia Jimerson,Tia,Jimerson,14,4,active,False,False,False,False,True,6.0,True,6.0,True,6.0,True,1.0,True,6.0,LOVB Atlanta,ATL,ATL,hotPink
2161328,2025,2025-03-15T21:30:00.000Z,2344573,Magdalena Jehlarova,Magdalena,Jehlarova,15,4,active,True,False,False,False,True,3.0,True,3.0,True,3.0,True,4.0,True,3.0,LOVB Atlanta,ATL,ATL,hotPink
2161328,2025,2025-03-15T21:30:00.000Z,2344567,Beatrice Negretti,Beatrice,Negretti,16,1,active,True,False,False,False,False,,False,,False,,False,,False,,LOVB Atlanta,ATL,ATL,hotPink
2161328,2025,2025-03-15T21:30:00.000Z,2344574,Tessa Grubbs,Tessa,Grubbs,17,3,active,False,False,False,False,False,,False,,False,,False,,False,,LOVB Atlanta,ATL,ATL,hotPink
2161328,2025,2025-03-15T21:30:00.000Z,2344572,Danielle Cuttino,Danielle,Cuttino,20,3,active,False,False,False,False,True,4.0,True,4.0,True,4.0,True,5.0,True,4.0,LOVB Atlanta,ATL,ATL,hotPink
2161328,2025,2025-03-15T21:30:00.000Z,2342511,Kelsey Cook,Kelsey,Cook,23,2,active,False,False,True,False,True,2.0,True,2.0,True,2.0,True,3.0,True,2.0,LOVB Atlanta,ATL,ATL,hotPink
2161328,2025,2025-03-15T21:30:00.000Z,2344569,Gia Day,Gia,Day,77,2,active,False,False,False,False,False,,False,,False,,True,6.0,False,,LOVB Atlanta,ATL,ATL,hotPink
2161328,2025,2025-03-15T21:30:00.000Z,2336969,Jordyn Poulter,Jordyn,Poulter,1,5,active,False,False,True,False,True,1.0,True,1.0,True,1.0,False,,False,,LOVB Salt Lake,SLC,SLC,navy
2161328,2025,2025-03-15T21:30:00.000Z,2344542,Tamaki Matsui,Tamaki,Matsui,2,5,active,True,False,False,False,False,,False,,False,,True,1.0,True,2.0,LOVB Salt Lake,SLC,SLC,navy
2161328,2025,2025-03-15T21:30:00.000Z,2344549,Morgan Miller,Morgan,Miller,3,2,active,False,False,False,False,False,,False,,False,,False,,False,,LOVB Salt Lake,SLC,SLC,navy
2161328,2025,2025-03-15T21:30:00.000Z,2344547,Maddie Haynes,Maddie,Haynes,4,2,active,False,False,False,False,False,,False,,False,,False,,False,,LOVB Salt Lake,SLC,SLC,navy
2161328,2025,2025-03-15T21:30:00.000Z,2344554,Skylar Fields,Skylar,Fields,5,3,active,False,False,False,False,False,,True,4.0,True,4.0,True,4.0,True,5.0,LOVB Salt Lake,SLC,SLC,navy
2161328,2025,2025-03-15T21:30:00.000Z,2344551,Tori Dixon,Tori,Dixon,6,4,active,False,False,False,False,True,3.0,True,3.0,False,,False,,False,,LOVB Salt Lake,SLC,SLC,navy
2161328,2025,2025-03-15T21:30:00.000Z,2349080,Sophie Fischer,Sophie,Fischer,7,4,active,False,False,False,False,False,,False,,True,3.0,True,3.0,True,4.0,LOVB Salt Lake,SLC,SLC,navy
2161328,2025,2025-03-15T21:30:00.000Z,2344550,Serena Gray,Serena,Gray,11,4,active,False,False,False,False,False,,False,,False,,False,,False,,LOVB Salt Lake,SLC,SLC,navy
2161328,2025,2025-03-15T21:30:00.000Z,2344546,Roni Jones-Perry,Roni,Jones-Perry,12,2,active,False,False,False,False,True,2.0,True,2.0,True,2.0,True,2.0,True,3.0,LOVB Salt Lake,SLC,SLC,navy
2161328,2025,2025-03-15T21:30:00.000Z,2336979,Haleigh Washington,Haleigh,Washington,15,4,active,False,False,False,False,True,6.0,True,6.0,True,6.0,True,6.0,True,1.0,LOVB Salt Lake,SLC,SLC,navy
2161328,2025,2025-03-15T21:30:00.000Z,2342469,Manami Kojima,Manami,Kojima,16,1,active,True,False,False,True,False,,False,,False,,False,,False,,LOVB Salt Lake,SLC,SLC,navy
2161328,2025,2025-03-15T21:30:00.000Z,2344545,Dani Drews,Dani,Drews,17,2,active,False,False,False,False,False,,True,5.0,True,5.0,True,5.0,True,6.0,LOVB Salt Lake,SLC,SLC,navy
2161328,2025,2025-03-15T21:30:00.000Z,2344544,Mary Lake,Mary,Lake,18,1,active,False,False,False,False,False,,False,,False,,False,,False,,LOVB Salt Lake,SLC,SLC,navy
2161328,2025,2025-03-15T21:30:00.000Z,2344548,Claire Hoffman,Claire,Hoffman,21,2,active,False,False,False,False,True,5.0,False,,False,,False,,False,,LOVB Salt Lake,SLC,SLC,navy
2161328,2025,2025-03-15T21:30:00.000Z,2344553,Heidy Casanova,Heidy,Casanova,33,3,active,True,False,False,False,True,4.0,False,,False,,False,,False,,LOVB Salt Lake,SLC,SLC,navy
2161329,2025,2025-03-16T00:00:00.000Z,2344621,Grace Frohling,Grace,Frohling,1,3,active,False,False,False,False,False,,False,,False,,False,,,,LOVB Houston,HTX,HTX,brightBlue
2161329,2025,2025-03-16T00:00:00.000Z,2344616,Karin Palgutova,Karin,Palgutova,2,2,active,True,False,False,False,False,,False,,False,,False,,,,LOVB Houston,HTX,HTX,brightBlue
2161329,2025,2025-03-16T00:00:00.000Z,2344618,Amber Igiede,Amber,Igiede,3,4,active,False,False,False,False,True,6.0,True,1.0,True,6.0,True,5.0,,,LOVB Houston,HTX,HTX,brightBlue
2161329,2025,2025-03-16T00:00:00.000Z,2344612,Anna Pogany,Anna,Pogany,4,1,active,True,False,False,True,False,,False,,False,,False,,,,LOVB Houston,HTX,HTX,brightBlue
2161329,2025,2025-03-16T00:00:00.000Z,2349315,Jess Mruzik,Jess,Mruzik,5,2,active,False,False,False,False,True,5.0,True,6.0,True,5.0,True,4.0,,,LOVB Houston,HTX,HTX,brightBlue
2161329,2025,2025-03-16T00:00:00.000Z,2344617,Raphaela Folie,Raphaela,Folie,7,4,active,True,False,False,False,True,3.0,True,4.0,True,3.0,True,2.0,,,LOVB Houston,HTX,HTX,brightBlue
2161329,2025,2025-03-16T00:00:00.000Z,2344619,Christina Bauer,Christina,Bauer,8,4,active,True,False,False,False,False,,False,,False,,False,,,,LOVB Houston,HTX,HTX,brightBlue
2161329,2025,2025-03-16T00:00:00.000Z,2344614,Madi Kingdon Rishel,Madi,Kingdon Rishel,9,2,active,False,False,False,False,True,2.0,True,3.0,True,2.0,True,1.0,,,LOVB Houston,HTX,HTX,brightBlue
2161329,2025,2025-03-16T00:00:00.000Z,2344611,Kaisa Alanko,Kaisa,Alanko,10,5,active,True,False,False,False,False,,False,,False,,False,,,,LOVB Houston,HTX,HTX,brightBlue
2161329,2025,2025-03-16T00:00:00.000Z,2344620,Anita Anwusi,Anita,Anwusi,11,4,active,False,False,False,False,False,,False,,False,,False,,,,LOVB Houston,HTX,HTX,brightBlue
2161329,2025,2025-03-16T00:00:00.000Z,2336967,Micha Hancock,Micha,Hancock,12,5,active,False,False,True,False,True,1.0,True,2.0,True,1.0,True,6.0,,,LOVB Houston,HTX,HTX,brightBlue
2161329,2025,2025-03-16T00:00:00.000Z,2344622,Julia Brown,Julia,Brown,14,2,active,False,False,False,False,False,,False,,False,,False,,,,LOVB Houston,HTX,HTX,brightBlue
2161329,2025,2025-03-16T00:00:00.000Z,2344615,Sara Loda,Sara,Loda,17,2,active,True,False,False,False,False,,False,,False,,False,,,,LOVB Houston,HTX,HTX,brightBlue
2161329,2025,2025-03-16T00:00:00.000Z,2344613,Key Alves,Key,Alves,18,1,active,True,False,False,False,False,,False,,False,,False,,,,LOVB Houston,HTX,HTX,brightBlue
2161329,2025,2025-03-16T00:00:00.000Z,2336977,Jordan Thompson,Jordan,Thompson,23,3,active,False,False,False,False,True,4.0,True,5.0,True,4.0,True,3.0,,,LOVB Houston,HTX,HTX,brightBlue
2161329,2025,2025-03-16T00:00:00.000Z,2344609,Khat Bell,Khat,Bell,1,3,active,False,False,False,False,False,,False,,False,,False,,,,LOVB Austin,ATX,ATX,violet
2161329,2025,2025-03-16T00:00:00.000Z,2344604,Leah Hardeman,Leah,Hardeman,2,2,active,False,False,False,False,False,,False,,False,,False,,,,LOVB Austin,ATX,ATX,violet
2161329,2025,2025-03-16T00:00:00.000Z,2344598,Carli Lloyd,Carli,Lloyd,3,5,active,False,False,True,False,True,3.0,True,3.0,True,3.0,True,3.0,,,LOVB Austin,ATX,ATX,violet
2161329,2025,2025-03-16T00:00:00.000Z,2344608,Molly McCage,Molly,McCage,5,4,active,False,False,False,False,True,5.0,True,5.0,True,5.0,True,5.0,,,LOVB Austin,ATX,ATX,violet
2161329,2025,2025-03-16T00:00:00.000Z,2344603,Alessia Gennari,Alessia,Gennari,6,2,active,True,False,False,False,True,1.0,True,1.0,True,1.0,True,1.0,,,LOVB Austin,ATX,ATX,violet
2161329,2025,2025-03-16T00:00:00.000Z,2344607,Asjia O´Neal,Asjia,O´Neal,7,4,active,False,False,False,False,False,,False,,False,,False,,,,LOVB Austin,ATX,ATX,violet
2161329,2025,2025-03-16T00:00:00.000Z,2344600,Saige Ka'aha'aina-Torres,Saige,Ka'aha'aina-Torres,9,5,active,False,False,False,False,False,,False,,False,,False,,,,LOVB Austin,ATX,ATX,violet
2161329,2025,2025-03-16T00:00:00.000Z,2344601,Zoe Jarvis,Zoe,Jarvis,10,1,active,False,False,False,True,False,,False,,False,,False,,,,LOVB Austin,ATX,ATX,violet
2161329,2025,2025-03-16T00:00:00.000Z,2336983,Chiaka Ogbogu,Chiaka,Ogbogu,11,4,active,False,False,False,False,True,2.0,True,2.0,True,2.0,True,2.0,,,LOVB Austin,ATX,ATX,violet
2161329,2025,2025-03-16T00:00:00.000Z,2344610,Carly DeHoog,Carly,DeHoog,12,2,active,False,False,False,False,False,,False,,False,,False,,,,LOVB Austin,ATX,ATX,violet
2161329,2025,2025-03-16T00:00:00.000Z,2344606,Juliann Faucette,Juliann,Faucette,13,3,active,False,False,False,False,False,,False,,False,,False,,,,LOVB Austin,ATX,ATX,violet
2161329,2025,2025-03-16T00:00:00.000Z,2344602,Kotoe Inoue,Kotoe,Inoue,15,1,active,True,False,False,False,False,,False,,False,,False,,,,LOVB Austin,ATX,ATX,violet
2161329,2025,2025-03-16T00:00:00.000Z,2349176,Madisen Skinner,Madisen,Skinner,16,3,active,False,False,False,False,True,6.0,True,6.0,True,6.0,True,6.0,,,LOVB Austin,ATX,ATX,violet
2161329,2025,2025-03-16T00:00:00.000Z,2344605,Anna Haak,Anna,Haak,17,2,active,True,False,False,False,False,,False,,False,,False,,,,LOVB Austin,ATX,ATX,violet
2161329,2025,2025-03-16T00:00:00.000Z,2344599,Logan Eggleston,Logan,Eggleston,33,2,active,False,False,False,False,True,4.0,True,4.0,True,4.0,True,4.0,,,LOVB Austin,ATX,ATX,violet
2161330,2025,2025-03-21T01:00:00.000Z,2336969,Jordyn Poulter,Jordyn,Poulter,1,5,active,False,False,True,False,True,3.0,True,3.0,True,1.0,True,1.0,True,6.0,LOVB Salt Lake,SLC,SLC,navy
2161330,2025,2025-03-21T01:00:00.000Z,2344542,Tamaki Matsui,Tamaki,Matsui,2,5,active,True,False,False,False,False,,False,,False,,False,,False,,LOVB Salt Lake,SLC,SLC,navy
2161330,2025,2025-03-21T01:00:00.000Z,2344549,Morgan Miller,Morgan,Miller,3,2,active,False,False,False,False,False,,False,,False,,False,,False,,LOVB Salt Lake,SLC,SLC,navy
2161330,2025,2025-03-21T01:00:00.000Z,2344547,Maddie Haynes,Maddie,Haynes,4,2,active,False,False,False,False,False,,False,,False,,False,,False,,LOVB Salt Lake,SLC,SLC,navy
2161330,2025,2025-03-21T01:00:00.000Z,2344554,Skylar Fields,Skylar,Fields,5,3,active,False,False,False,False,False,,False,,False,,False,,False,,LOVB Salt Lake,SLC,SLC,navy
2161330,2025,2025-03-21T01:00:00.000Z,2344551,Tori Dixon,Tori,Dixon,6,4,active,False,False,False,False,True,5.0,True,5.0,False,,False,,False,,LOVB Salt Lake,SLC,SLC,navy
2161330,2025,2025-03-21T01:00:00.000Z,2349080,Sophie Fischer,Sophie,Fischer,7,4,active,False,False,False,False,False,,False,,False,,False,,False,,LOVB Salt Lake,SLC,SLC,navy
2161330,2025,2025-03-21T01:00:00.000Z,2344550,Serena Gray,Serena,Gray,11,4,active,False,False,False,False,False,,False,,True,3.0,True,3.0,True,2.0,LOVB Salt Lake,SLC,SLC,navy
2161330,2025,2025-03-21T01:00:00.000Z,2344546,Roni Jones-Perry,Roni,Jones-Perry,12,2,active,False,False,False,False,True,4.0,True,4.0,True,2.0,True,2.0,True,1.0,LOVB Salt Lake,SLC,SLC,navy
2161330,2025,2025-03-21T01:00:00.000Z,2336979,Haleigh Washington,Haleigh,Washington,15,4,active,False,False,False,False,True,2.0,True,2.0,True,6.0,True,6.0,True,5.0,LOVB Salt Lake,SLC,SLC,navy
2161330,2025,2025-03-21T01:00:00.000Z,2342469,Manami Kojima,Manami,Kojima,16,1,active,True,False,False,True,False,,False,,False,,False,,False,,LOVB Salt Lake,SLC,SLC,navy
2161330,2025,2025-03-21T01:00:00.000Z,2344545,Dani Drews,Dani,Drews,17,2,active,False,False,False,False,True,1.0,True,1.0,False,,False,,False,,LOVB Salt Lake,SLC,SLC,navy
2161330,2025,2025-03-21T01:00:00.000Z,2344544,Mary Lake,Mary,Lake,18,1,active,False,False,False,False,False,,False,,False,,False,,False,,LOVB Salt Lake,SLC,SLC,navy
2161330,2025,2025-03-21T01:00:00.000Z,2344548,Claire Hoffman,Claire,Hoffman,21,2,active,False,False,False,False,False,,False,,True,5.0,True,5.0,True,4.0,LOVB Salt Lake,SLC,SLC,navy
2161330,2025,2025-03-21T01:00:00.000Z,2344553,Heidy Casanova,Heidy,Casanova,33,3,active,True,False,False,False,True,6.0,True,6.0,True,4.0,True,4.0,True,3.0,LOVB Salt Lake,SLC,SLC,navy
2161330,2025,2025-03-21T01:00:00.000Z,2344576,Daly Santana,Daly,Santana,1,2,active,True,False,False,False,False,,False,,False,,False,,False,,LOVB Madison,MAD,MAD,babyBlue
2161330,2025,2025-03-21T01:00:00.000Z,2342510,Anna Hall,Anna,Hall,2,4,active,False,False,False,False,True,1.0,True,2.0,True,2.0,True,2.0,True,2.0,LOVB Madison,MAD,MAD,babyBlue
2161330,2025,2025-03-21T01:00:00.000Z,2344581,Mariena Hayden,Mariena,Hayden,3,2,active,False,False,False,False,False,,False,,False,,False,,False,,LOVB Madison,MAD,MAD,babyBlue
2161330,2025,2025-03-21T01:00:00.000Z,2344577,Milica Medved,Milica,Medved,4,1,active,True,False,False,True,False,,False,,False,,False,,False,,LOVB Madison,MAD,MAD,babyBlue
2161330,2025,2025-03-21T01:00:00.000Z,2344578,Simin Wang,Simin,Wang,5,1,active,True,False,False,False,False,,False,,False,,False,,False,,LOVB Madison,MAD,MAD,babyBlue
2161330,2025,2025-03-21T01:00:00.000Z,2344579,Jennifer Janiska,Jennifer,Janiska,6,2,active,True,False,False,False,False,,True,4.0,True,4.0,True,1.0,True,1.0,LOVB Madison,MAD,MAD,babyBlue
2161330,2025,2025-03-21T01:00:00.000Z,2342508,Lauren Carlini,Lauren,Carlini,7,5,active,False,False,True,False,True,5.0,True,6.0,True,6.0,True,6.0,True,6.0,LOVB Madison,MAD,MAD,babyBlue
2161330,2025,2025-03-21T01:00:00.000Z,2344584,Claire Felix,Claire,Felix,8,4,active,False,False,False,False,False,,False,,False,,False,,False,,LOVB Madison,MAD,MAD,babyBlue
2161330,2025,2025-03-21T01:00:00.000Z,2344580,Claire Chaussee,Claire,Chaussee,9,2,active,False,False,False,False,True,6.0,False,,False,,False,,False,,LOVB Madison,MAD,MAD,babyBlue
2161330,2025,2025-03-21T01:00:00.000Z,2344583,Taylor Sandbothe,Taylor,Sandbothe,10,4,active,False,False,False,False,False,,False,,False,,True,5.0,False,,LOVB Madison,MAD,MAD,babyBlue
2161330,2025,2025-03-21T01:00:00.000Z,2342509,Annie Drews Schumacher,Annie,Drews Schumacher,11,3,active,False,False,False,False,True,2.0,True,3.0,True,3.0,True,3.0,True,3.0,LOVB Madison,MAD,MAD,babyBlue
2161330,2025,2025-03-21T01:00:00.000Z,2344582,Temi Thomas-Ailara,Temi,Thomas-Ailara,12,3,active,False,False,False,False,False,,False,,False,,False,,False,,LOVB Madison,MAD,MAD,babyBlue
2161330,2025,2025-03-21T01:00:00.000Z,2349141,Sarah Franklin,Sarah,Franklin,13,2,active,False,False,False,False,True,3.0,True,1.0,True,1.0,True,4.0,True,4.0,LOVB Madison,MAD,MAD,babyBlue
2161330,2025,2025-03-21T01:00:00.000Z,2344575,Danica Markovic,Danica,Markovic,14,5,active,True,False,False,False,False,,False,,False,,False,,False,,LOVB Madison,MAD,MAD,babyBlue
2161330,2025,2025-03-21T01:00:00.000Z,2406119,Paige Reagor,Paige,Reagor,15,4,active,False,False,False,False,False,,False,,False,,False,,False,,LOVB Madison,MAD,MAD,babyBlue
2161330,2025,2025-03-21T01:00:00.000Z,2349077,Ana Beatriz Correa,Ana Beatriz,Correa,27,4,active,True,False,False,False,True,4.0,True,5.0,True,5.0,False,,True,5.0,LOVB Madison,MAD,MAD,babyBlue
2161331,2025,2025-03-22T00:00:00.000Z,2349314,Lexi Rodriguez,Lexi,Rodriguez,1,1,active,False,False,False,False,False,,False,,False,,False,,False,,LOVB Omaha,OMA,OMA,apple
2161331,2025,2025-03-22T00:00:00.000Z,2344593,Emily Thater,Emily,Thater,2,4,active,False,False,False,False,True,6.0,True,6.0,True,5.0,True,1.0,True,1.0,LOVB Omaha,OMA,OMA,apple
2161331,2025,2025-03-22T00:00:00.000Z,2344587,Annie Cesar,Annie,Cesar,3,1,active,True,False,False,False,False,,False,,False,,False,,False,,LOVB Omaha,OMA,OMA,apple
2161331,2025,2025-03-22T00:00:00.000Z,2336972,Justine Wong-Orantes,Justine,Wong-Orantes,4,1,active,False,False,False,True,False,,False,,False,,False,,False,,LOVB Omaha,OMA,OMA,apple
2161331,2025,2025-03-22T00:00:00.000Z,2344589,Jaali Winters,Jaali,Winters,5,2,active,False,False,False,False,True,2.0,True,2.0,False,,False,,False,,LOVB Omaha,OMA,OMA,apple
2161331,2025,2025-03-22T00:00:00.000Z,2344590,Vicky Savard,Vicky,Savard,7,2,active,True,False,False,False,True,4.0,True,4.0,False,,True,3.0,True,3.0,LOVB Omaha,OMA,OMA,apple
2161331,2025,2025-03-22T00:00:00.000Z,2344596,Kimberly Drewniok,Kimberly,Drewniok,8,3,active,True,False,False,False,False,,False,,True,3.0,True,5.0,True,5.0,LOVB Omaha,OMA,OMA,apple
2161331,2025,2025-03-22T00:00:00.000Z,2336975,Jordan Larson,Jordan,Larson,10,2,active,False,False,True,False,False,,False,,True,1.0,True,6.0,True,6.0,LOVB Omaha,OMA,OMA,apple
2161331,2025,2025-03-22T00:00:00.000Z,2344591,Amber Stivrins,Amber,Stivrins,11,2,active,False,False,False,False,False,,False,,False,,False,,False,,LOVB Omaha,OMA,OMA,apple
2161331,2025,2025-03-22T00:00:00.000Z,2344597,Audriana Fitzmorris,Audriana,Fitzmorris,12,3,active,False,False,False,False,False,,False,,False,,False,,False,,LOVB Omaha,OMA,OMA,apple
2161331,2025,2025-03-22T00:00:00.000Z,2344586,Gabby Blossom,Gabby,Blossom,13,5,active,False,False,False,False,False,,False,,False,,False,,False,,LOVB Omaha,OMA,OMA,apple
2161331,2025,2025-03-22T00:00:00.000Z,2344585,Laura Dijkema,Laura,Dijkema,14,5,active,True,False,False,False,True,1.0,True,1.0,True,6.0,True,2.0,True,2.0,LOVB Omaha,OMA,OMA,apple
2161331,2025,2025-03-22T00:00:00.000Z,2344592,Candelaria Herrera,Candelaria,Herrera,17,4,active,True,False,False,False,False,,False,,False,,False,,False,,LOVB Omaha,OMA,OMA,apple
2161331,2025,2025-03-22T00:00:00.000Z,2431883,Sami Francis,Sami,Francis,18,4,active,False,False,False,False,True,3.0,True,3.0,True,2.0,True,4.0,True,4.0,LOVB Omaha,OMA,OMA,apple
2161331,2025,2025-03-22T00:00:00.000Z,2417486,Chiamaka Nwokolo,Chiamaka,Nwokolo,23,4,active,False,False,False,False,False,,False,,False,,False,,False,,LOVB Omaha,OMA,OMA,apple
2161331,2025,2025-03-22T00:00:00.000Z,2344595,Lauren Stivrins,Lauren,Stivrins,26,4,active,False,False,False,False,False,,False,,False,,False,,False,,LOVB Omaha,OMA,OMA,apple
2161331,2025,2025-03-22T00:00:00.000Z,2344588,Madi Kubik-Banks,Madi,Kubik-Banks,33,2,active,False,False,False,False,True,5.0,True,5.0,True,4.0,False,,False,,LOVB Omaha,OMA,OMA,apple
2161331,2025,2025-03-22T00:00:00.000Z,2344609,Khat Bell,Khat,Bell,1,3,active,False,False,False,False,False,,False,,True,3.0,True,3.0,True,6.0,LOVB Austin,ATX,ATX,violet
2161331,2025,2025-03-22T00:00:00.000Z,2344604,Leah Hardeman,Leah,Hardeman,2,2,active,False,False,False,False,False,,False,,False,,False,,False,,LOVB Austin,ATX,ATX,violet
2161331,2025,2025-03-22T00:00:00.000Z,2344598,Carli Lloyd,Carli,Lloyd,3,5,active,False,False,True,False,True,1.0,True,6.0,True,6.0,True,6.0,True,3.0,LOVB Austin,ATX,ATX,violet
2161331,2025,2025-03-22T00:00:00.000Z,2344608,Molly McCage,Molly,McCage,5,4,active,False,False,False,False,True,3.0,False,,False,,False,,False,,LOVB Austin,ATX,ATX,violet
2161331,2025,2025-03-22T00:00:00.000Z,2344603,Alessia Gennari,Alessia,Gennari,6,2,active,True,False,False,False,False,,False,,False,,False,,False,,LOVB Austin,ATX,ATX,violet
2161331,2025,2025-03-22T00:00:00.000Z,2344607,Asjia O´Neal,Asjia,O´Neal,7,4,active,False,False,False,False,False,,True,2.0,True,2.0,True,2.0,True,5.0,LOVB Austin,ATX,ATX,violet
2161331,2025,2025-03-22T00:00:00.000Z,2344600,Saige Ka'aha'aina-Torres,Saige,Ka'aha'aina-Torres,9,5,active,False,False,False,False,False,,False,,False,,False,,False,,LOVB Austin,ATX,ATX,violet
2161331,2025,2025-03-22T00:00:00.000Z,2344601,Zoe Jarvis,Zoe,Jarvis,10,1,active,False,False,False,True,False,,False,,False,,False,,False,,LOVB Austin,ATX,ATX,violet
2161331,2025,2025-03-22T00:00:00.000Z,2336983,Chiaka Ogbogu,Chiaka,Ogbogu,11,4,active,False,False,False,False,True,6.0,True,5.0,True,5.0,True,5.0,True,2.0,LOVB Austin,ATX,ATX,violet
2161331,2025,2025-03-22T00:00:00.000Z,2344610,Carly DeHoog,Carly,DeHoog,12,2,active,False,False,False,False,False,,False,,False,,False,,False,,LOVB Austin,ATX,ATX,violet
2161331,2025,2025-03-22T00:00:00.000Z,2344606,Juliann Faucette,Juliann,Faucette,13,3,active,False,False,False,False,False,,False,,False,,False,,False,,LOVB Austin,ATX,ATX,violet
2161331,2025,2025-03-22T00:00:00.000Z,2344602,Kotoe Inoue,Kotoe,Inoue,15,1,active,True,False,False,False,False,,True,1.0,False,,False,,False,,LOVB Austin,ATX,ATX,violet
2161331,2025,2025-03-22T00:00:00.000Z,2349176,Madisen Skinner,Madisen,Skinner,16,3,active,False,False,False,False,True,4.0,True,3.0,False,,False,,False,,LOVB Austin,ATX,ATX,violet
2161331,2025,2025-03-22T00:00:00.000Z,2344605,Anna Haak,Anna,Haak,17,2,active,True,False,False,False,True,5.0,True,4.0,True,4.0,True,4.0,True,1.0,LOVB Austin,ATX,ATX,violet
2161331,2025,2025-03-22T00:00:00.000Z,2344599,Logan Eggleston,Logan,Eggleston,33,2,active,False,False,False,False,True,2.0,False,,True,1.0,True,1.0,True,4.0,LOVB Austin,ATX,ATX,violet
2161332,2025,2025-03-22T21:30:00.000Z,2344609,Khat Bell,Khat,Bell,1,3,active,False,False,False,False,True,3.0,True,4.0,False,,,,,,LOVB Austin,ATX,ATX,violet
2161332,2025,2025-03-22T21:30:00.000Z,2344604,Leah Hardeman,Leah,Hardeman,2,2,active,False,False,False,False,False,,True,5.0,True,4.0,,,,,LOVB Austin,ATX,ATX,violet
2161332,2025,2025-03-22T21:30:00.000Z,2344598,Carli Lloyd,Carli,Lloyd,3,5,active,False,False,True,False,True,6.0,True,1.0,True,6.0,,,,,LOVB Austin,ATX,ATX,violet
2161332,2025,2025-03-22T21:30:00.000Z,2344608,Molly McCage,Molly,McCage,5,4,active,False,False,False,False,True,2.0,True,3.0,True,2.0,,,,,LOVB Austin,ATX,ATX,violet
2161332,2025,2025-03-22T21:30:00.000Z,2344603,Alessia Gennari,Alessia,Gennari,6,2,active,True,False,False,False,False,,False,,False,,,,,,LOVB Austin,ATX,ATX,violet
2161332,2025,2025-03-22T21:30:00.000Z,2344607,Asjia O´Neal,Asjia,O´Neal,7,4,active,False,False,False,False,False,,True,6.0,True,5.0,,,,,LOVB Austin,ATX,ATX,violet
2161332,2025,2025-03-22T21:30:00.000Z,2344600,Saige Ka'aha'aina-Torres,Saige,Ka'aha'aina-Torres,9,5,active,False,False,False,False,False,,False,,False,,,,,,LOVB Austin,ATX,ATX,violet
2161332,2025,2025-03-22T21:30:00.000Z,2344601,Zoe Jarvis,Zoe,Jarvis,10,1,active,False,False,False,True,False,,False,,False,,,,,,LOVB Austin,ATX,ATX,violet
2161332,2025,2025-03-22T21:30:00.000Z,2336983,Chiaka Ogbogu,Chiaka,Ogbogu,11,4,active,False,False,False,False,True,5.0,False,,False,,,,,,LOVB Austin,ATX,ATX,violet
2161332,2025,2025-03-22T21:30:00.000Z,2344610,Carly DeHoog,Carly,DeHoog,12,2,active,False,False,False,False,False,,False,,False,,,,,,LOVB Austin,ATX,ATX,violet
2161332,2025,2025-03-22T21:30:00.000Z,2344606,Juliann Faucette,Juliann,Faucette,13,3,active,False,False,False,False,False,,False,,True,3.0,,,,,LOVB Austin,ATX,ATX,violet
2161332,2025,2025-03-22T21:30:00.000Z,2344602,Kotoe Inoue,Kotoe,Inoue,15,1,active,True,False,False,False,False,,False,,False,,,,,,LOVB Austin,ATX,ATX,violet
2161332,2025,2025-03-22T21:30:00.000Z,2349176,Madisen Skinner,Madisen,Skinner,16,3,active,False,False,False,False,False,,False,,False,,,,,,LOVB Austin,ATX,ATX,violet
2161332,2025,2025-03-22T21:30:00.000Z,2344605,Anna Haak,Anna,Haak,17,2,active,True,False,False,False,True,4.0,False,,False,,,,,,LOVB Austin,ATX,ATX,violet
2161332,2025,2025-03-22T21:30:00.000Z,2344599,Logan Eggleston,Logan,Eggleston,33,2,active,False,False,False,False,True,1.0,True,2.0,True,1.0,,,,,LOVB Austin,ATX,ATX,violet
2161332,2025,2025-03-22T21:30:00.000Z,2344566,Piyanut Pannoy,Piyanut,Pannoy,2,1,active,True,False,False,False,False,,False,,False,,,,,,LOVB Atlanta,ATL,ATL,rose
2161332,2025,2025-03-22T21:30:00.000Z,2344565,Marta Bechis,Marta,Bechis,3,5,active,True,False,False,False,False,,False,,False,,,,,,LOVB Atlanta,ATL,ATL,rose
2161332,2025,2025-03-22T21:30:00.000Z,2344568,Jessica Rivero Marin,Jessica,Rivero Marin,4,2,active,True,False,False,False,False,,False,,False,,,,,,LOVB Atlanta,ATL,ATL,rose
2161332,2025,2025-03-22T21:30:00.000Z,2344571,Kayla Haneline,Kayla,Haneline,8,4,active,False,False,False,False,False,,False,,False,,,,,,LOVB Atlanta,ATL,ATL,rose
2161332,2025,2025-03-22T21:30:00.000Z,2344564,Iga Wasilewska,Iga,Wasilewska,9,4,active,True,False,False,False,False,,False,,False,,,,,,LOVB Atlanta,ATL,ATL,rose
2161332,2025,2025-03-22T21:30:00.000Z,2344427,Madi Bugg,Madi,Bugg,10,5,active,False,False,False,False,True,1.0,True,1.0,True,1.0,,,,,LOVB Atlanta,ATL,ATL,rose
2161332,2025,2025-03-22T21:30:00.000Z,2349081,Onye Ofoegbu,Onye,Ofoegbu,11,4,active,False,False,False,False,False,,False,,False,,,,,,LOVB Atlanta,ATL,ATL,rose
2161332,2025,2025-03-22T21:30:00.000Z,2351343,Rachel Fairbanks,Rachel,Fairbanks,12,5,active,False,False,False,False,False,,False,,False,,,,,,LOVB Atlanta,ATL,ATL,rose
2161332,2025,2025-03-22T21:30:00.000Z,2344425,McKenzie Adams,McKenzie,Adams,13,2,active,False,False,False,False,True,5.0,True,5.0,True,5.0,,,,,LOVB Atlanta,ATL,ATL,rose
2161332,2025,2025-03-22T21:30:00.000Z,2344570,Tia Jimerson,Tia,Jimerson,14,4,active,False,False,False,False,True,6.0,True,6.0,True,6.0,,,,,LOVB Atlanta,ATL,ATL,rose
2161332,2025,2025-03-22T21:30:00.000Z,2344573,Magdalena Jehlarova,Magdalena,Jehlarova,15,4,active,True,False,False,False,True,3.0,True,3.0,True,3.0,,,,,LOVB Atlanta,ATL,ATL,rose
2161332,2025,2025-03-22T21:30:00.000Z,2344567,Beatrice Negretti,Beatrice,Negretti,16,1,active,True,False,False,False,False,,False,,False,,,,,,LOVB Atlanta,ATL,ATL,rose
2161332,2025,2025-03-22T21:30:00.000Z,2344574,Tessa Grubbs,Tessa,Grubbs,17,3,active,False,False,False,False,False,,False,,False,,,,,,LOVB Atlanta,ATL,ATL,rose
2161332,2025,2025-03-22T21:30:00.000Z,2344572,Danielle Cuttino,Danielle,Cuttino,20,3,active,False,False,False,False,True,4.0,True,4.0,True,4.0,,,,,LOVB Atlanta,ATL,ATL,rose
2161332,2025,2025-03-22T21:30:00.000Z,2342511,Kelsey Cook,Kelsey,Cook,23,2,active,False,False,True,False,True,2.0,True,2.0,True,2.0,,,,,LOVB Atlanta,ATL,ATL,rose
2161332,2025,2025-03-22T21:30:00.000Z,2344569,Gia Day,Gia,Day,77,2,active,False,False,False,False,False,,False,,False,,,,,,LOVB Atlanta,ATL,ATL,rose
2161333,2025,2025-03-23T00:00:00.000Z,2349314,Lexi Rodriguez,Lexi,Rodriguez,1,1,active,False,False,False,False,True,1.0,True,1.0,True,1.0,False,,,,LOVB Omaha,OMA,OMA,emerald
2161333,2025,2025-03-23T00:00:00.000Z,2344593,Emily Thater,Emily,Thater,2,4,active,False,False,False,False,True,5.0,True,5.0,True,5.0,True,3.0,,,LOVB Omaha,OMA,OMA,emerald
2161333,2025,2025-03-23T00:00:00.000Z,2344587,Annie Cesar,Annie,Cesar,3,1,active,True,False,False,False,False,,False,,False,,False,,,,LOVB Omaha,OMA,OMA,emerald
2161333,2025,2025-03-23T00:00:00.000Z,2336972,Justine Wong-Orantes,Justine,Wong-Orantes,4,1,active,False,False,False,True,False,,False,,False,,False,,,,LOVB Omaha,OMA,OMA,emerald
2161333,2025,2025-03-23T00:00:00.000Z,2344589,Jaali Winters,Jaali,Winters,5,2,active,False,False,False,False,False,,False,,False,,True,5.0,,,LOVB Omaha,OMA,OMA,emerald
2161333,2025,2025-03-23T00:00:00.000Z,2344590,Vicky Savard,Vicky,Savard,7,2,active,True,False,False,False,False,,False,,False,,False,,,,LOVB Omaha,OMA,OMA,emerald
2161333,2025,2025-03-23T00:00:00.000Z,2344596,Kimberly Drewniok,Kimberly,Drewniok,8,3,active,True,False,False,False,True,3.0,True,3.0,True,3.0,True,1.0,,,LOVB Omaha,OMA,OMA,emerald
2161333,2025,2025-03-23T00:00:00.000Z,2336975,Jordan Larson,Jordan,Larson,10,2,active,False,False,True,False,True,4.0,True,4.0,False,,False,,,,LOVB Omaha,OMA,OMA,emerald
2161333,2025,2025-03-23T00:00:00.000Z,2344591,Amber Stivrins,Amber,Stivrins,11,2,active,False,False,False,False,False,,False,,False,,False,,,,LOVB Omaha,OMA,OMA,emerald
2161333,2025,2025-03-23T00:00:00.000Z,2344597,Audriana Fitzmorris,Audriana,Fitzmorris,12,3,active,False,False,False,False,False,,False,,False,,False,,,,LOVB Omaha,OMA,OMA,emerald
2161333,2025,2025-03-23T00:00:00.000Z,2344586,Gabby Blossom,Gabby,Blossom,13,5,active,False,False,False,False,False,,False,,False,,False,,,,LOVB Omaha,OMA,OMA,emerald
2161333,2025,2025-03-23T00:00:00.000Z,2344585,Laura Dijkema,Laura,Dijkema,14,5,active,True,False,False,False,True,6.0,True,6.0,True,6.0,True,4.0,,,LOVB Omaha,OMA,OMA,emerald
2161333,2025,2025-03-23T00:00:00.000Z,2344592,Candelaria Herrera,Candelaria,Herrera,17,4,active,True,False,False,False,False,,False,,False,,False,,,,LOVB Omaha,OMA,OMA,emerald
2161333,2025,2025-03-23T00:00:00.000Z,2431883,Sami Francis,Sami,Francis,18,4,active,False,False,False,False,True,2.0,True,2.0,True,2.0,True,6.0,,,LOVB Omaha,OMA,OMA,emerald
2161333,2025,2025-03-23T00:00:00.000Z,2417486,Chiamaka Nwokolo,Chiamaka,Nwokolo,23,4,active,False,False,False,False,False,,False,,False,,False,,,,LOVB Omaha,OMA,OMA,emerald
2161333,2025,2025-03-23T00:00:00.000Z,2344595,Lauren Stivrins,Lauren,Stivrins,26,4,active,False,False,False,False,False,,False,,False,,False,,,,LOVB Omaha,OMA,OMA,emerald
2161333,2025,2025-03-23T00:00:00.000Z,2344588,Madi Kubik-Banks,Madi,Kubik-Banks,33,2,active,False,False,False,False,False,,False,,True,4.0,True,2.0,,,LOVB Omaha,OMA,OMA,emerald
2161333,2025,2025-03-23T00:00:00.000Z,2344621,Grace Frohling,Grace,Frohling,1,3,active,False,False,False,False,False,,False,,False,,False,,,,LOVB Houston,HTX,HTX,sapphire
2161333,2025,2025-03-23T00:00:00.000Z,2344616,Karin Palgutova,Karin,Palgutova,2,2,active,True,False,False,False,False,,False,,False,,False,,,,LOVB Houston,HTX,HTX,sapphire
2161333,2025,2025-03-23T00:00:00.000Z,2344618,Amber Igiede,Amber,Igiede,3,4,active,False,False,False,False,True,6.0,True,1.0,True,6.0,True,5.0,,,LOVB Houston,HTX,HTX,sapphire
2161333,2025,2025-03-23T00:00:00.000Z,2344612,Anna Pogany,Anna,Pogany,4,1,active,True,False,False,False,False,,False,,False,,False,,,,LOVB Houston,HTX,HTX,sapphire
2161333,2025,2025-03-23T00:00:00.000Z,2349315,Jess Mruzik,Jess,Mruzik,5,2,active,False,False,False,False,True,5.0,True,6.0,True,5.0,True,4.0,,,LOVB Houston,HTX,HTX,sapphire
2161333,2025,2025-03-23T00:00:00.000Z,2344617,Raphaela Folie,Raphaela,Folie,7,4,active,True,False,False,False,True,3.0,True,4.0,True,3.0,True,2.0,,,LOVB Houston,HTX,HTX,sapphire
2161333,2025,2025-03-23T00:00:00.000Z,2344619,Christina Bauer,Christina,Bauer,8,4,active,True,False,False,False,False,,False,,False,,False,,,,LOVB Houston,HTX,HTX,sapphire
2161333,2025,2025-03-23T00:00:00.000Z,2344614,Madi Kingdon Rishel,Madi,Kingdon Rishel,9,2,active,False,False,False,False,True,2.0,True,3.0,True,2.0,True,1.0,,,LOVB Houston,HTX,HTX,sapphire
2161333,2025,2025-03-23T00:00:00.000Z,2344611,Kaisa Alanko,Kaisa,Alanko,10,5,active,True,False,False,False,False,,False,,False,,False,,,,LOVB Houston,HTX,HTX,sapphire
2161333,2025,2025-03-23T00:00:00.000Z,2344620,Anita Anwusi,Anita,Anwusi,11,4,active,False,False,False,False,False,,False,,False,,False,,,,LOVB Houston,HTX,HTX,sapphire
2161333,2025,2025-03-23T00:00:00.000Z,2336967,Micha Hancock,Micha,Hancock,12,5,active,False,False,True,False,True,1.0,True,2.0,True,1.0,True,6.0,,,LOVB Houston,HTX,HTX,sapphire
2161333,2025,2025-03-23T00:00:00.000Z,2344622,Julia Brown,Julia,Brown,14,2,active,False,False,False,False,False,,False,,False,,False,,,,LOVB Houston,HTX,HTX,sapphire
2161333,2025,2025-03-23T00:00:00.000Z,2344615,Sara Loda,Sara,Loda,17,2,active,True,False,False,False,False,,False,,False,,False,,,,LOVB Houston,HTX,HTX,sapphire
2161333,2025,2025-03-23T00:00:00.000Z,2344613,Key Alves,Key,Alves,18,1,active,True,False,False,False,False,,False,,False,,False,,,,LOVB Houston,HTX,HTX,sapphire
2161333,2025,2025-03-23T00:00:00.000Z,2336977,Jordan Thompson,Jordan,Thompson,23,3,active,False,False,False,False,True,4.0,True,5.0,True,4.0,True,3.0,,,LOVB Houston,HTX,HTX,sapphire
2161334,2025,2025-03-28T00:00:00.000Z,2344621,Grace Frohling,Grace,Frohling,1,3,active,False,False,False,False,False,,False,,False,,False,,,,LOVB Houston,HTX,HTX,brightBlue
2161334,2025,2025-03-28T00:00:00.000Z,2344616,Karin Palgutova,Karin,Palgutova,2,2,active,True,False,False,False,False,,False,,False,,False,,,,LOVB Houston,HTX,HTX,brightBlue
2161334,2025,2025-03-28T00:00:00.000Z,2344618,Amber Igiede,Amber,Igiede,3,4,active,False,False,False,False,True,6.0,True,1.0,True,6.0,True,5.0,,,LOVB Houston,HTX,HTX,brightBlue
2161334,2025,2025-03-28T00:00:00.000Z,2344612,Anna Pogany,Anna,Pogany,4,1,active,True,False,False,True,False,,False,,False,,False,,,,LOVB Houston,HTX,HTX,brightBlue
2161334,2025,2025-03-28T00:00:00.000Z,2349315,Jess Mruzik,Jess,Mruzik,5,2,active,False,False,False,False,True,5.0,True,6.0,True,5.0,True,4.0,,,LOVB Houston,HTX,HTX,brightBlue
2161334,2025,2025-03-28T00:00:00.000Z,2344617,Raphaela Folie,Raphaela,Folie,7,4,active,True,False,False,False,True,3.0,True,4.0,True,3.0,True,2.0,,,LOVB Houston,HTX,HTX,brightBlue
2161334,2025,2025-03-28T00:00:00.000Z,2344619,Christina Bauer,Christina,Bauer,8,4,active,True,False,False,False,False,,False,,False,,False,,,,LOVB Houston,HTX,HTX,brightBlue
2161334,2025,2025-03-28T00:00:00.000Z,2344614,Madi Kingdon Rishel,Madi,Kingdon Rishel,9,2,active,False,False,False,False,True,2.0,True,3.0,True,2.0,True,1.0,,,LOVB Houston,HTX,HTX,brightBlue
2161334,2025,2025-03-28T00:00:00.000Z,2344611,Kaisa Alanko,Kaisa,Alanko,10,5,active,True,False,False,False,False,,False,,False,,False,,,,LOVB Houston,HTX,HTX,brightBlue
2161334,2025,2025-03-28T00:00:00.000Z,2344620,Anita Anwusi,Anita,Anwusi,11,4,active,False,False,False,False,False,,False,,False,,False,,,,LOVB Houston,HTX,HTX,brightBlue
2161334,2025,2025-03-28T00:00:00.000Z,2336967,Micha Hancock,Micha,Hancock,12,5,active,False,False,True,False,True,1.0,True,2.0,True,1.0,True,6.0,,,LOVB Houston,HTX,HTX,brightBlue
2161334,2025,2025-03-28T00:00:00.000Z,2344622,Julia Brown,Julia,Brown,14,2,active,False,False,False,False,False,,False,,False,,False,,,,LOVB Houston,HTX,HTX,brightBlue
2161334,2025,2025-03-28T00:00:00.000Z,2344615,Sara Loda,Sara,Loda,17,2,active,True,False,False,False,False,,False,,False,,False,,,,LOVB Houston,HTX,HTX,brightBlue
2161334,2025,2025-03-28T00:00:00.000Z,2344613,Key Alves,Key,Alves,18,1,active,True,False,False,False,False,,False,,False,,False,,,,LOVB Houston,HTX,HTX,brightBlue
2161334,2025,2025-03-28T00:00:00.000Z,2336977,Jordan Thompson,Jordan,Thompson,23,3,active,False,False,False,False,True,4.0,True,5.0,True,4.0,True,3.0,,,LOVB Houston,HTX,HTX,brightBlue
2161334,2025,2025-03-28T00:00:00.000Z,2344566,Piyanut Pannoy,Piyanut,Pannoy,2,1,active,True,False,False,True,False,,False,,False,,False,,,,LOVB Atlanta,ATL,ATL,hotPink
2161334,2025,2025-03-28T00:00:00.000Z,2344565,Marta Bechis,Marta,Bechis,3,5,active,True,False,False,False,False,,False,,False,,False,,,,LOVB Atlanta,ATL,ATL,hotPink
2161334,2025,2025-03-28T00:00:00.000Z,2344568,Jessica Rivero Marin,Jessica,Rivero Marin,4,2,active,True,False,False,False,False,,False,,False,,False,,,,LOVB Atlanta,ATL,ATL,hotPink
2161334,2025,2025-03-28T00:00:00.000Z,2344571,Kayla Haneline,Kayla,Haneline,8,4,active,False,False,False,False,False,,False,,False,,False,,,,LOVB Atlanta,ATL,ATL,hotPink
2161334,2025,2025-03-28T00:00:00.000Z,2344564,Iga Wasilewska,Iga,Wasilewska,9,4,active,True,False,False,False,False,,False,,False,,False,,,,LOVB Atlanta,ATL,ATL,hotPink
2161334,2025,2025-03-28T00:00:00.000Z,2344427,Madi Bugg,Madi,Bugg,10,5,active,False,False,False,False,True,1.0,True,1.0,False,,False,,,,LOVB Atlanta,ATL,ATL,hotPink
2161334,2025,2025-03-28T00:00:00.000Z,2349081,Onye Ofoegbu,Onye,Ofoegbu,11,4,active,False,False,False,False,False,,False,,False,,False,,,,LOVB Atlanta,ATL,ATL,hotPink
2161334,2025,2025-03-28T00:00:00.000Z,2351343,Rachel Fairbanks,Rachel,Fairbanks,12,5,active,False,False,False,False,False,,False,,True,1.0,True,5.0,,,LOVB Atlanta,ATL,ATL,hotPink
2161334,2025,2025-03-28T00:00:00.000Z,2344425,McKenzie Adams,McKenzie,Adams,13,2,active,False,False,False,False,True,5.0,True,5.0,True,5.0,True,3.0,,,LOVB Atlanta,ATL,ATL,hotPink
2161334,2025,2025-03-28T00:00:00.000Z,2344570,Tia Jimerson,Tia,Jimerson,14,4,active,False,False,False,False,True,6.0,True,6.0,True,6.0,True,4.0,,,LOVB Atlanta,ATL,ATL,hotPink
2161334,2025,2025-03-28T00:00:00.000Z,2344573,Magdalena Jehlarova,Magdalena,Jehlarova,15,4,active,True,False,False,False,True,3.0,True,3.0,True,3.0,True,1.0,,,LOVB Atlanta,ATL,ATL,hotPink
2161334,2025,2025-03-28T00:00:00.000Z,2344567,Beatrice Negretti,Beatrice,Negretti,16,1,active,True,False,False,False,False,,False,,False,,False,,,,LOVB Atlanta,ATL,ATL,hotPink
2161334,2025,2025-03-28T00:00:00.000Z,2344574,Tessa Grubbs,Tessa,Grubbs,17,3,active,False,False,False,False,False,,False,,False,,False,,,,LOVB Atlanta,ATL,ATL,hotPink
2161334,2025,2025-03-28T00:00:00.000Z,2344572,Danielle Cuttino,Danielle,Cuttino,20,3,active,False,False,False,False,True,4.0,True,4.0,True,4.0,True,2.0,,,LOVB Atlanta,ATL,ATL,hotPink
2161334,2025,2025-03-28T00:00:00.000Z,2342511,Kelsey Cook,Kelsey,Cook,23,2,active,False,False,True,False,True,2.0,True,2.0,True,2.0,True,6.0,,,LOVB Atlanta,ATL,ATL,hotPink
2161334,2025,2025-03-28T00:00:00.000Z,2344569,Gia Day,Gia,Day,77,2,active,False,False,False,False,False,,False,,False,,False,,,,LOVB Atlanta,ATL,ATL,hotPink
2161335,2025,2025-03-29T00:00:00.000Z,2344609,Khat Bell,Khat,Bell,1,3,active,False,False,False,False,False,,False,,False,,False,,False,,LOVB Austin,ATX,ATX,violet
2161335,2025,2025-03-29T00:00:00.000Z,2344604,Leah Hardeman,Leah,Hardeman,2,2,active,False,False,False,False,False,,False,,False,,False,,False,,LOVB Austin,ATX,ATX,violet
2161335,2025,2025-03-29T00:00:00.000Z,2344598,Carli Lloyd,Carli,Lloyd,3,5,active,False,False,True,False,False,,False,,False,,False,,False,,LOVB Austin,ATX,ATX,violet
2161335,2025,2025-03-29T00:00:00.000Z,2344608,Molly McCage,Molly,McCage,5,4,active,False,False,False,False,True,3.0,True,3.0,True,3.0,True,3.0,True,3.0,LOVB Austin,ATX,ATX,violet
2161335,2025,2025-03-29T00:00:00.000Z,2344603,Alessia Gennari,Alessia,Gennari,6,2,active,True,False,False,False,True,5.0,True,5.0,True,5.0,True,5.0,True,5.0,LOVB Austin,ATX,ATX,violet
2161335,2025,2025-03-29T00:00:00.000Z,2344607,Asjia O´Neal,Asjia,O´Neal,7,4,active,False,False,False,False,False,,False,,False,,True,6.0,True,6.0,LOVB Austin,ATX,ATX,violet
2161335,2025,2025-03-29T00:00:00.000Z,2344600,Saige Ka'aha'aina-Torres,Saige,Ka'aha'aina-Torres,9,5,active,False,False,False,False,True,1.0,True,1.0,True,1.0,True,1.0,True,1.0,LOVB Austin,ATX,ATX,violet
2161335,2025,2025-03-29T00:00:00.000Z,2344601,Zoe Jarvis,Zoe,Jarvis,10,1,active,False,False,False,True,False,,False,,False,,False,,False,,LOVB Austin,ATX,ATX,violet
2161335,2025,2025-03-29T00:00:00.000Z,2336983,Chiaka Ogbogu,Chiaka,Ogbogu,11,4,active,False,False,False,False,True,6.0,True,6.0,True,6.0,False,,False,,LOVB Austin,ATX,ATX,violet
2161335,2025,2025-03-29T00:00:00.000Z,2344610,Carly DeHoog,Carly,DeHoog,12,2,active,False,False,False,False,False,,False,,False,,False,,False,,LOVB Austin,ATX,ATX,violet
2161335,2025,2025-03-29T00:00:00.000Z,2344606,Juliann Faucette,Juliann,Faucette,13,3,active,False,False,False,False,False,,False,,False,,False,,False,,LOVB Austin,ATX,ATX,violet
2161335,2025,2025-03-29T00:00:00.000Z,2344602,Kotoe Inoue,Kotoe,Inoue,15,1,active,True,False,False,False,False,,False,,False,,False,,False,,LOVB Austin,ATX,ATX,violet
2161335,2025,2025-03-29T00:00:00.000Z,2349176,Madisen Skinner,Madisen,Skinner,16,3,active,False,False,False,False,True,4.0,True,4.0,True,4.0,True,4.0,True,4.0,LOVB Austin,ATX,ATX,violet
2161335,2025,2025-03-29T00:00:00.000Z,2344605,Anna Haak,Anna,Haak,17,2,active,True,False,False,False,False,,True,2.0,True,2.0,True,2.0,True,2.0,LOVB Austin,ATX,ATX,violet
2161335,2025,2025-03-29T00:00:00.000Z,2344599,Logan Eggleston,Logan,Eggleston,33,2,active,False,False,False,False,True,2.0,False,,False,,False,,False,,LOVB Austin,ATX,ATX,violet
2161335,2025,2025-03-29T00:00:00.000Z,2349314,Lexi Rodriguez,Lexi,Rodriguez,1,1,active,False,False,False,False,False,,True,1.0,False,,True,1.0,True,1.0,LOVB Omaha,OMA,OMA,emerald
2161335,2025,2025-03-29T00:00:00.000Z,2344593,Emily Thater,Emily,Thater,2,4,active,False,False,False,False,True,6.0,True,5.0,True,6.0,True,5.0,True,5.0,LOVB Omaha,OMA,OMA,emerald
2161335,2025,2025-03-29T00:00:00.000Z,2344587,Annie Cesar,Annie,Cesar,3,1,active,True,False,False,False,False,,False,,False,,False,,False,,LOVB Omaha,OMA,OMA,emerald
2161335,2025,2025-03-29T00:00:00.000Z,2336972,Justine Wong-Orantes,Justine,Wong-Orantes,4,1,active,False,False,False,True,False,,False,,False,,False,,False,,LOVB Omaha,OMA,OMA,emerald
2161335,2025,2025-03-29T00:00:00.000Z,2344589,Jaali Winters,Jaali,Winters,5,2,active,False,False,False,False,False,,False,,False,,False,,False,,LOVB Omaha,OMA,OMA,emerald
2161335,2025,2025-03-29T00:00:00.000Z,2344590,Vicky Savard,Vicky,Savard,7,2,active,True,False,False,False,False,,False,,False,,False,,False,,LOVB Omaha,OMA,OMA,emerald
2161335,2025,2025-03-29T00:00:00.000Z,2344596,Kimberly Drewniok,Kimberly,Drewniok,8,3,active,True,False,False,False,True,4.0,True,3.0,True,4.0,True,3.0,True,3.0,LOVB Omaha,OMA,OMA,emerald
2161335,2025,2025-03-29T00:00:00.000Z,2336975,Jordan Larson,Jordan,Larson,10,2,active,False,False,True,False,True,5.0,True,4.0,True,5.0,True,4.0,True,4.0,LOVB Omaha,OMA,OMA,emerald
2161335,2025,2025-03-29T00:00:00.000Z,2344591,Amber Stivrins,Amber,Stivrins,11,2,active,False,False,False,False,False,,False,,False,,False,,False,,LOVB Omaha,OMA,OMA,emerald
2161335,2025,2025-03-29T00:00:00.000Z,2344597,Audriana Fitzmorris,Audriana,Fitzmorris,12,3,active,False,False,False,False,False,,False,,False,,False,,False,,LOVB Omaha,OMA,OMA,emerald
2161335,2025,2025-03-29T00:00:00.000Z,2344586,Gabby Blossom,Gabby,Blossom,13,5,active,False,False,False,False,False,,False,,False,,False,,False,,LOVB Omaha,OMA,OMA,emerald
2161335,2025,2025-03-29T00:00:00.000Z,2344585,Laura Dijkema,Laura,Dijkema,14,5,active,True,False,False,False,True,1.0,True,6.0,True,1.0,True,6.0,True,6.0,LOVB Omaha,OMA,OMA,emerald
2161335,2025,2025-03-29T00:00:00.000Z,2344592,Candelaria Herrera,Candelaria,Herrera,17,4,active,True,False,False,False,False,,False,,False,,False,,False,,LOVB Omaha,OMA,OMA,emerald
2161335,2025,2025-03-29T00:00:00.000Z,2431883,Sami Francis,Sami,Francis,18,4,active,False,False,False,False,True,3.0,True,2.0,True,3.0,True,2.0,True,2.0,LOVB Omaha,OMA,OMA,emerald
2161335,2025,2025-03-29T00:00:00.000Z,2417486,Chiamaka Nwokolo,Chiamaka,Nwokolo,23,4,active,False,False,False,False,False,,False,,False,,False,,False,,LOVB Omaha,OMA,OMA,emerald
2161335,2025,2025-03-29T00:00:00.000Z,2344595,Lauren Stivrins,Lauren,Stivrins,26,4,active,False,False,False,False,False,,False,,False,,False,,False,,LOVB Omaha,OMA,OMA,emerald
2161335,2025,2025-03-29T00:00:00.000Z,2344588,Madi Kubik-Banks,Madi,Kubik-Banks,33,2,active,False,False,False,False,True,2.0,False,,True,2.0,False,,False,,LOVB Omaha,OMA,OMA,emerald
2161336,2025,2025-03-29T23:00:00.000Z,2349314,Lexi Rodriguez,Lexi,Rodriguez,1,1,active,False,False,False,False,False,,False,,False,,False,,False,,LOVB Omaha,OMA,OMA,navy
2161336,2025,2025-03-29T23:00:00.000Z,2344593,Emily Thater,Emily,Thater,2,4,active,False,False,False,False,True,5.0,True,6.0,True,5.0,True,6.0,True,6.0,LOVB Omaha,OMA,OMA,navy
2161336,2025,2025-03-29T23:00:00.000Z,2344587,Annie Cesar,Annie,Cesar,3,1,active,True,False,False,False,False,,False,,False,,False,,False,,LOVB Omaha,OMA,OMA,navy
2161336,2025,2025-03-29T23:00:00.000Z,2336972,Justine Wong-Orantes,Justine,Wong-Orantes,4,1,active,False,False,False,True,False,,False,,False,,False,,False,,LOVB Omaha,OMA,OMA,navy
2161336,2025,2025-03-29T23:00:00.000Z,2344589,Jaali Winters,Jaali,Winters,5,2,active,False,False,False,False,True,4.0,True,5.0,True,4.0,True,5.0,True,5.0,LOVB Omaha,OMA,OMA,navy
2161336,2025,2025-03-29T23:00:00.000Z,2344590,Vicky Savard,Vicky,Savard,7,2,active,True,False,False,False,False,,False,,False,,False,,False,,LOVB Omaha,OMA,OMA,navy
2161336,2025,2025-03-29T23:00:00.000Z,2344596,Kimberly Drewniok,Kimberly,Drewniok,8,3,active,True,False,False,False,True,3.0,True,4.0,True,3.0,True,4.0,False,,LOVB Omaha,OMA,OMA,navy
2161336,2025,2025-03-29T23:00:00.000Z,2336975,Jordan Larson,Jordan,Larson,10,2,active,False,False,True,False,False,,False,,False,,False,,True,2.0,LOVB Omaha,OMA,OMA,navy
2161336,2025,2025-03-29T23:00:00.000Z,2344591,Amber Stivrins,Amber,Stivrins,11,2,active,False,False,False,False,False,,False,,False,,False,,False,,LOVB Omaha,OMA,OMA,navy
2161336,2025,2025-03-29T23:00:00.000Z,2344597,Audriana Fitzmorris,Audriana,Fitzmorris,12,3,active,False,False,False,False,False,,False,,False,,False,,True,4.0,LOVB Omaha,OMA,OMA,navy
2161336,2025,2025-03-29T23:00:00.000Z,2344586,Gabby Blossom,Gabby,Blossom,13,5,active,False,False,False,False,False,,False,,False,,False,,False,,LOVB Omaha,OMA,OMA,navy
2161336,2025,2025-03-29T23:00:00.000Z,2344585,Laura Dijkema,Laura,Dijkema,14,5,active,True,False,False,False,True,6.0,True,1.0,True,6.0,True,1.0,True,1.0,LOVB Omaha,OMA,OMA,navy
2161336,2025,2025-03-29T23:00:00.000Z,2344592,Candelaria Herrera,Candelaria,Herrera,17,4,active,True,False,False,False,False,,False,,False,,False,,False,,LOVB Omaha,OMA,OMA,navy
2161336,2025,2025-03-29T23:00:00.000Z,2431883,Sami Francis,Sami,Francis,18,4,active,False,False,False,False,True,2.0,True,3.0,True,2.0,True,3.0,True,3.0,LOVB Omaha,OMA,OMA,navy
2161336,2025,2025-03-29T23:00:00.000Z,2417486,Chiamaka Nwokolo,Chiamaka,Nwokolo,23,4,active,False,False,False,False,False,,False,,False,,False,,False,,LOVB Omaha,OMA,OMA,navy
2161336,2025,2025-03-29T23:00:00.000Z,2344595,Lauren Stivrins,Lauren,Stivrins,26,4,active,False,False,False,False,False,,False,,False,,False,,False,,LOVB Omaha,OMA,OMA,navy
2161336,2025,2025-03-29T23:00:00.000Z,2344588,Madi Kubik-Banks,Madi,Kubik-Banks,33,2,active,False,False,False,False,True,1.0,True,2.0,True,1.0,True,2.0,False,,LOVB Omaha,OMA,OMA,navy
2161336,2025,2025-03-29T23:00:00.000Z,2336969,Jordyn Poulter,Jordyn,Poulter,1,5,active,False,False,True,False,True,3.0,True,3.0,True,3.0,True,3.0,True,3.0,LOVB Salt Lake,SLC,SLC,brightYellow
2161336,2025,2025-03-29T23:00:00.000Z,2344542,Tamaki Matsui,Tamaki,Matsui,2,5,active,True,False,False,False,False,,False,,False,,False,,False,,LOVB Salt Lake,SLC,SLC,brightYellow
2161336,2025,2025-03-29T23:00:00.000Z,2344549,Morgan Miller,Morgan,Miller,3,2,active,False,False,False,False,False,,False,,False,,False,,False,,LOVB Salt Lake,SLC,SLC,brightYellow
2161336,2025,2025-03-29T23:00:00.000Z,2344547,Maddie Haynes,Maddie,Haynes,4,2,active,False,False,False,False,False,,False,,False,,False,,False,,LOVB Salt Lake,SLC,SLC,brightYellow
2161336,2025,2025-03-29T23:00:00.000Z,2344554,Skylar Fields,Skylar,Fields,5,3,active,False,False,False,False,False,,False,,True,6.0,True,6.0,True,6.0,LOVB Salt Lake,SLC,SLC,brightYellow
2161336,2025,2025-03-29T23:00:00.000Z,2344551,Tori Dixon,Tori,Dixon,6,4,active,False,False,False,False,True,2.0,True,2.0,True,2.0,True,2.0,True,2.0,LOVB Salt Lake,SLC,SLC,brightYellow
2161336,2025,2025-03-29T23:00:00.000Z,2349080,Sophie Fischer,Sophie,Fischer,7,4,active,False,False,False,False,False,,False,,False,,False,,False,,LOVB Salt Lake,SLC,SLC,brightYellow
2161336,2025,2025-03-29T23:00:00.000Z,2344550,Serena Gray,Serena,Gray,11,4,active,False,False,False,False,True,5.0,True,5.0,True,5.0,True,5.0,True,5.0,LOVB Salt Lake,SLC,SLC,brightYellow
2161336,2025,2025-03-29T23:00:00.000Z,2344546,Roni Jones-Perry,Roni,Jones-Perry,12,2,active,False,False,False,False,True,4.0,True,4.0,True,4.0,True,4.0,True,4.0,LOVB Salt Lake,SLC,SLC,brightYellow
2161336,2025,2025-03-29T23:00:00.000Z,2336979,Haleigh Washington,Haleigh,Washington,15,4,active,False,False,False,False,False,,False,,False,,False,,False,,LOVB Salt Lake,SLC,SLC,brightYellow
2161336,2025,2025-03-29T23:00:00.000Z,2342469,Manami Kojima,Manami,Kojima,16,1,active,True,False,False,True,False,,False,,False,,False,,False,,LOVB Salt Lake,SLC,SLC,brightYellow
2161336,2025,2025-03-29T23:00:00.000Z,2344545,Dani Drews,Dani,Drews,17,2,active,False,False,False,False,True,1.0,True,1.0,True,1.0,True,1.0,True,1.0,LOVB Salt Lake,SLC,SLC,brightYellow
2161336,2025,2025-03-29T23:00:00.000Z,2344544,Mary Lake,Mary,Lake,18,1,active,False,False,False,False,False,,False,,False,,False,,False,,LOVB Salt Lake,SLC,SLC,brightYellow
2161336,2025,2025-03-29T23:00:00.000Z,2344548,Claire Hoffman,Claire,Hoffman,21,2,active,False,False,False,False,False,,False,,False,,False,,False,,LOVB Salt Lake,SLC,SLC,brightYellow
2161336,2025,2025-03-29T23:00:00.000Z,2344553,Heidy Casanova,Heidy,Casanova,33,3,active,True,False,False,False,True,6.0,True,6.0,False,,False,,False,,LOVB Salt Lake,SLC,SLC,brightYellow
2161337,2025,2025-03-30T02:00:00.000Z,2344609,Khat Bell,Khat,Bell,1,3,active,False,False,False,False,False,,False,,False,,True,4.0,True,4.0,LOVB Austin,ATX,ATX,iris
2161337,2025,2025-03-30T02:00:00.000Z,2344604,Leah Hardeman,Leah,Hardeman,2,2,active,False,False,False,False,False,,False,,False,,False,,True,2.0,LOVB Austin,ATX,ATX,iris
2161337,2025,2025-03-30T02:00:00.000Z,2344598,Carli Lloyd,Carli,Lloyd,3,5,active,False,False,True,False,False,,False,,False,,False,,False,,LOVB Austin,ATX,ATX,iris
2161337,2025,2025-03-30T02:00:00.000Z,2344608,Molly McCage,Molly,McCage,5,4,active,False,False,False,False,True,3.0,True,3.0,True,3.0,False,,False,,LOVB Austin,ATX,ATX,iris
2161337,2025,2025-03-30T02:00:00.000Z,2344603,Alessia Gennari,Alessia,Gennari,6,2,active,True,False,False,False,False,,False,,False,,True,2.0,False,,LOVB Austin,ATX,ATX,iris
2161337,2025,2025-03-30T02:00:00.000Z,2344607,Asjia O´Neal,Asjia,O´Neal,7,4,active,False,False,False,False,False,,False,,False,,True,3.0,True,3.0,LOVB Austin,ATX,ATX,iris
2161337,2025,2025-03-30T02:00:00.000Z,2344600,Saige Ka'aha'aina-Torres,Saige,Ka'aha'aina-Torres,9,5,active,False,False,False,False,True,1.0,True,1.0,True,1.0,True,1.0,True,1.0,LOVB Austin,ATX,ATX,iris
2161337,2025,2025-03-30T02:00:00.000Z,2344601,Zoe Jarvis,Zoe,Jarvis,10,1,active,False,False,False,True,False,,False,,False,,False,,False,,LOVB Austin,ATX,ATX,iris
2161337,2025,2025-03-30T02:00:00.000Z,2336983,Chiaka Ogbogu,Chiaka,Ogbogu,11,4,active,False,False,False,False,True,6.0,True,6.0,True,6.0,True,6.0,True,6.0,LOVB Austin,ATX,ATX,iris
2161337,2025,2025-03-30T02:00:00.000Z,2344610,Carly DeHoog,Carly,DeHoog,12,2,active,False,False,False,False,False,,False,,False,,False,,False,,LOVB Austin,ATX,ATX,iris
2161337,2025,2025-03-30T02:00:00.000Z,2344606,Juliann Faucette,Juliann,Faucette,13,3,active,False,False,False,False,False,,False,,False,,False,,False,,LOVB Austin,ATX,ATX,iris
2161337,2025,2025-03-30T02:00:00.000Z,2344602,Kotoe Inoue,Kotoe,Inoue,15,1,active,True,False,False,False,False,,False,,False,,False,,False,,LOVB Austin,ATX,ATX,iris
2161337,2025,2025-03-30T02:00:00.000Z,2349176,Madisen Skinner,Madisen,Skinner,16,3,active,False,False,False,False,True,4.0,True,4.0,True,4.0,False,,False,,LOVB Austin,ATX,ATX,iris
2161337,2025,2025-03-30T02:00:00.000Z,2344605,Anna Haak,Anna,Haak,17,2,active,True,False,False,False,True,5.0,True,5.0,True,5.0,True,5.0,True,5.0,LOVB Austin,ATX,ATX,iris
2161337,2025,2025-03-30T02:00:00.000Z,2344599,Logan Eggleston,Logan,Eggleston,33,2,active,False,False,False,False,True,2.0,True,2.0,True,2.0,False,,False,,LOVB Austin,ATX,ATX,iris
2161337,2025,2025-03-30T02:00:00.000Z,2344576,Daly Santana,Daly,Santana,1,2,active,True,False,False,False,False,,False,,False,,False,,False,,LOVB Madison,MAD,MAD,babyBlue
2161337,2025,2025-03-30T02:00:00.000Z,2342510,Anna Hall,Anna,Hall,2,4,active,False,False,False,False,True,2.0,True,2.0,True,2.0,True,2.0,True,2.0,LOVB Madison,MAD,MAD,babyBlue
2161337,2025,2025-03-30T02:00:00.000Z,2344581,Mariena Hayden,Mariena,Hayden,3,2,active,False,False,False,False,False,,False,,False,,False,,False,,LOVB Madison,MAD,MAD,babyBlue
2161337,2025,2025-03-30T02:00:00.000Z,2344577,Milica Medved,Milica,Medved,4,1,active,True,False,False,True,False,,False,,False,,False,,False,,LOVB Madison,MAD,MAD,babyBlue
2161337,2025,2025-03-30T02:00:00.000Z,2344578,Simin Wang,Simin,Wang,5,1,active,True,False,False,False,False,,False,,False,,False,,False,,LOVB Madison,MAD,MAD,babyBlue
2161337,2025,2025-03-30T02:00:00.000Z,2344579,Jennifer Janiska,Jennifer,Janiska,6,2,active,True,False,False,False,True,4.0,True,1.0,True,1.0,True,1.0,True,4.0,LOVB Madison,MAD,MAD,babyBlue
2161337,2025,2025-03-30T02:00:00.000Z,2342508,Lauren Carlini,Lauren,Carlini,7,5,active,False,False,True,False,True,6.0,True,6.0,True,6.0,True,6.0,True,6.0,LOVB Madison,MAD,MAD,babyBlue
2161337,2025,2025-03-30T02:00:00.000Z,2344584,Claire Felix,Claire,Felix,8,4,active,False,False,False,False,False,,False,,False,,False,,False,,LOVB Madison,MAD,MAD,babyBlue
2161337,2025,2025-03-30T02:00:00.000Z,2344580,Claire Chaussee,Claire,Chaussee,9,2,active,False,False,False,False,False,,False,,False,,False,,False,,LOVB Madison,MAD,MAD,babyBlue
2161337,2025,2025-03-30T02:00:00.000Z,2344583,Taylor Sandbothe,Taylor,Sandbothe,10,4,active,False,False,False,False,False,,False,,True,5.0,True,5.0,True,5.0,LOVB Madison,MAD,MAD,babyBlue
2161337,2025,2025-03-30T02:00:00.000Z,2342509,Annie Drews Schumacher,Annie,Drews Schumacher,11,3,active,False,False,False,False,True,3.0,True,3.0,True,3.0,True,3.0,True,3.0,LOVB Madison,MAD,MAD,babyBlue
2161337,2025,2025-03-30T02:00:00.000Z,2344582,Temi Thomas-Ailara,Temi,Thomas-Ailara,12,3,active,False,False,False,False,False,,False,,False,,False,,False,,LOVB Madison,MAD,MAD,babyBlue
2161337,2025,2025-03-30T02:00:00.000Z,2349141,Sarah Franklin,Sarah,Franklin,13,2,active,False,False,False,False,True,1.0,True,4.0,True,4.0,True,4.0,True,1.0,LOVB Madison,MAD,MAD,babyBlue
2161337,2025,2025-03-30T02:00:00.000Z,2344575,Danica Markovic,Danica,Markovic,14,5,active,True,False,False,False,False,,False,,False,,False,,False,,LOVB Madison,MAD,MAD,babyBlue
2161337,2025,2025-03-30T02:00:00.000Z,2406119,Paige Reagor,Paige,Reagor,15,4,active,False,False,False,False,False,,False,,False,,False,,False,,LOVB Madison,MAD,MAD,babyBlue
2161337,2025,2025-03-30T02:00:00.000Z,2349077,Ana Beatriz Correa,Ana Beatriz,Correa,27,4,active,True,False,False,False,True,5.0,True,5.0,False,,False,,False,,LOVB Madison,MAD,MAD,babyBlue
2161338,2025,2025-04-04T00:00:00.000Z,2349314,Lexi Rodriguez,Lexi,Rodriguez,1,1,active,False,False,False,False,False,,False,,False,,,,,,LOVB Omaha,OMA,OMA,navy
2161338,2025,2025-04-04T00:00:00.000Z,2344593,Emily Thater,Emily,Thater,2,4,active,False,False,False,False,True,1.0,True,6.0,True,1.0,,,,,LOVB Omaha,OMA,OMA,navy
2161338,2025,2025-04-04T00:00:00.000Z,2344587,Annie Cesar,Annie,Cesar,3,1,active,True,False,False,False,False,,False,,False,,,,,,LOVB Omaha,OMA,OMA,navy
2161338,2025,2025-04-04T00:00:00.000Z,2336972,Justine Wong-Orantes,Justine,Wong-Orantes,4,1,active,False,False,False,True,False,,False,,False,,,,,,LOVB Omaha,OMA,OMA,navy
2161338,2025,2025-04-04T00:00:00.000Z,2344589,Jaali Winters,Jaali,Winters,5,2,active,False,False,False,False,False,,False,,False,,,,,,LOVB Omaha,OMA,OMA,navy
2161338,2025,2025-04-04T00:00:00.000Z,2344590,Vicky Savard,Vicky,Savard,7,2,active,True,False,False,False,False,,False,,False,,,,,,LOVB Omaha,OMA,OMA,navy
2161338,2025,2025-04-04T00:00:00.000Z,2344596,Kimberly Drewniok,Kimberly,Drewniok,8,3,active,True,False,False,False,True,5.0,True,4.0,True,5.0,,,,,LOVB Omaha,OMA,OMA,navy
2161338,2025,2025-04-04T00:00:00.000Z,2336975,Jordan Larson,Jordan,Larson,10,2,active,False,False,True,False,True,3.0,True,2.0,True,3.0,,,,,LOVB Omaha,OMA,OMA,navy
2161338,2025,2025-04-04T00:00:00.000Z,2344591,Amber Stivrins,Amber,Stivrins,11,2,active,False,False,False,False,False,,False,,False,,,,,,LOVB Omaha,OMA,OMA,navy
2161338,2025,2025-04-04T00:00:00.000Z,2344597,Audriana Fitzmorris,Audriana,Fitzmorris,12,3,active,False,False,False,False,False,,False,,False,,,,,,LOVB Omaha,OMA,OMA,navy
2161338,2025,2025-04-04T00:00:00.000Z,2344586,Gabby Blossom,Gabby,Blossom,13,5,active,False,False,False,False,False,,False,,False,,,,,,LOVB Omaha,OMA,OMA,navy
2161338,2025,2025-04-04T00:00:00.000Z,2344585,Laura Dijkema,Laura,Dijkema,14,5,active,True,False,False,False,True,2.0,True,1.0,True,2.0,,,,,LOVB Omaha,OMA,OMA,navy
2161338,2025,2025-04-04T00:00:00.000Z,2344592,Candelaria Herrera,Candelaria,Herrera,17,4,active,True,False,False,False,False,,False,,False,,,,,,LOVB Omaha,OMA,OMA,navy
2161338,2025,2025-04-04T00:00:00.000Z,2431883,Sami Francis,Sami,Francis,18,4,active,False,False,False,False,True,4.0,True,3.0,True,4.0,,,,,LOVB Omaha,OMA,OMA,navy
2161338,2025,2025-04-04T00:00:00.000Z,2417486,Chiamaka Nwokolo,Chiamaka,Nwokolo,23,4,active,False,False,False,False,False,,False,,False,,,,,,LOVB Omaha,OMA,OMA,navy
2161338,2025,2025-04-04T00:00:00.000Z,2344595,Lauren Stivrins,Lauren,Stivrins,26,4,active,False,False,False,False,False,,False,,False,,,,,,LOVB Omaha,OMA,OMA,navy
2161338,2025,2025-04-04T00:00:00.000Z,2344588,Madi Kubik-Banks,Madi,Kubik-Banks,33,2,active,False,False,False,False,True,6.0,True,5.0,True,6.0,,,,,LOVB Omaha,OMA,OMA,navy
2161338,2025,2025-04-04T00:00:00.000Z,2344566,Piyanut Pannoy,Piyanut,Pannoy,2,1,active,True,False,False,True,False,,False,,False,,,,,,LOVB Atlanta,ATL,ATL,hotPink
2161338,2025,2025-04-04T00:00:00.000Z,2344565,Marta Bechis,Marta,Bechis,3,5,active,True,False,False,False,False,,False,,False,,,,,,LOVB Atlanta,ATL,ATL,hotPink
2161338,2025,2025-04-04T00:00:00.000Z,2344568,Jessica Rivero Marin,Jessica,Rivero Marin,4,2,active,True,False,False,False,False,,False,,False,,,,,,LOVB Atlanta,ATL,ATL,hotPink
2161338,2025,2025-04-04T00:00:00.000Z,2344571,Kayla Haneline,Kayla,Haneline,8,4,active,False,False,False,False,False,,False,,False,,,,,,LOVB Atlanta,ATL,ATL,hotPink
2161338,2025,2025-04-04T00:00:00.000Z,2344564,Iga Wasilewska,Iga,Wasilewska,9,4,active,True,False,False,False,False,,False,,False,,,,,,LOVB Atlanta,ATL,ATL,hotPink
2161338,2025,2025-04-04T00:00:00.000Z,2344427,Madi Bugg,Madi,Bugg,10,5,active,False,False,False,False,True,1.0,True,1.0,True,1.0,,,,,LOVB Atlanta,ATL,ATL,hotPink
2161338,2025,2025-04-04T00:00:00.000Z,2349081,Onye Ofoegbu,Onye,Ofoegbu,11,4,active,False,False,False,False,False,,False,,False,,,,,,LOVB Atlanta,ATL,ATL,hotPink
2161338,2025,2025-04-04T00:00:00.000Z,2351343,Rachel Fairbanks,Rachel,Fairbanks,12,5,active,False,False,False,False,False,,False,,False,,,,,,LOVB Atlanta,ATL,ATL,hotPink
2161338,2025,2025-04-04T00:00:00.000Z,2344425,McKenzie Adams,McKenzie,Adams,13,2,active,False,False,False,False,True,5.0,True,5.0,True,5.0,,,,,LOVB Atlanta,ATL,ATL,hotPink
2161338,2025,2025-04-04T00:00:00.000Z,2344570,Tia Jimerson,Tia,Jimerson,14,4,active,False,False,False,False,True,6.0,True,6.0,True,6.0,,,,,LOVB Atlanta,ATL,ATL,hotPink
2161338,2025,2025-04-04T00:00:00.000Z,2344573,Magdalena Jehlarova,Magdalena,Jehlarova,15,4,active,True,False,False,False,True,3.0,True,3.0,True,3.0,,,,,LOVB Atlanta,ATL,ATL,hotPink
2161338,2025,2025-04-04T00:00:00.000Z,2344567,Beatrice Negretti,Beatrice,Negretti,16,1,active,True,False,False,False,False,,False,,False,,,,,,LOVB Atlanta,ATL,ATL,hotPink
2161338,2025,2025-04-04T00:00:00.000Z,2344574,Tessa Grubbs,Tessa,Grubbs,17,3,active,False,False,False,False,False,,False,,False,,,,,,LOVB Atlanta,ATL,ATL,hotPink
2161338,2025,2025-04-04T00:00:00.000Z,2344572,Danielle Cuttino,Danielle,Cuttino,20,3,active,False,False,False,False,True,4.0,True,4.0,True,4.0,,,,,LOVB Atlanta,ATL,ATL,hotPink
2161338,2025,2025-04-04T00:00:00.000Z,2342511,Kelsey Cook,Kelsey,Cook,23,2,active,False,False,True,False,True,2.0,True,2.0,True,2.0,,,,,LOVB Atlanta,ATL,ATL,hotPink
2161338,2025,2025-04-04T00:00:00.000Z,2344569,Gia Day,Gia,Day,77,2,active,False,False,False,False,False,,False,,False,,,,,,LOVB Atlanta,ATL,ATL,hotPink
2161360,2025,2025-04-05T02:00:00.000Z,2336969,Jordyn Poulter,Jordyn,Poulter,1,5,active,False,False,True,False,True,3.0,True,3.0,True,3.0,True,3.0,,,LOVB Salt Lake,SLC,SLC,brightYellow
2161360,2025,2025-04-05T02:00:00.000Z,2344542,Tamaki Matsui,Tamaki,Matsui,2,5,active,True,False,False,False,False,,False,,False,,False,,,,LOVB Salt Lake,SLC,SLC,brightYellow
2161360,2025,2025-04-05T02:00:00.000Z,2344549,Morgan Miller,Morgan,Miller,3,2,active,False,False,False,False,False,,False,,False,,False,,,,LOVB Salt Lake,SLC,SLC,brightYellow
2161360,2025,2025-04-05T02:00:00.000Z,2344547,Maddie Haynes,Maddie,Haynes,4,2,active,False,False,False,False,False,,False,,False,,False,,,,LOVB Salt Lake,SLC,SLC,brightYellow
2161360,2025,2025-04-05T02:00:00.000Z,2344554,Skylar Fields,Skylar,Fields,5,3,active,False,False,False,False,True,6.0,True,6.0,False,,False,,,,LOVB Salt Lake,SLC,SLC,brightYellow
2161360,2025,2025-04-05T02:00:00.000Z,2344551,Tori Dixon,Tori,Dixon,6,4,active,False,False,False,False,True,2.0,True,2.0,True,5.0,True,5.0,,,LOVB Salt Lake,SLC,SLC,brightYellow
2161360,2025,2025-04-05T02:00:00.000Z,2349080,Sophie Fischer,Sophie,Fischer,7,4,active,False,False,False,False,False,,False,,False,,False,,,,LOVB Salt Lake,SLC,SLC,brightYellow
2161360,2025,2025-04-05T02:00:00.000Z,2344550,Serena Gray,Serena,Gray,11,4,active,False,False,False,False,True,5.0,True,5.0,False,,False,,,,LOVB Salt Lake,SLC,SLC,brightYellow
2161360,2025,2025-04-05T02:00:00.000Z,2344546,Roni Jones-Perry,Roni,Jones-Perry,12,2,active,False,False,False,False,True,4.0,True,4.0,True,4.0,True,4.0,,,LOVB Salt Lake,SLC,SLC,brightYellow
2161360,2025,2025-04-05T02:00:00.000Z,2336979,Haleigh Washington,Haleigh,Washington,15,4,active,False,False,False,False,False,,False,,True,2.0,True,2.0,,,LOVB Salt Lake,SLC,SLC,brightYellow
2161360,2025,2025-04-05T02:00:00.000Z,2342469,Manami Kojima,Manami,Kojima,16,1,active,True,False,False,True,False,,False,,False,,False,,,,LOVB Salt Lake,SLC,SLC,brightYellow
2161360,2025,2025-04-05T02:00:00.000Z,2344545,Dani Drews,Dani,Drews,17,2,active,False,False,False,False,True,1.0,True,1.0,True,1.0,True,1.0,,,LOVB Salt Lake,SLC,SLC,brightYellow
2161360,2025,2025-04-05T02:00:00.000Z,2344544,Mary Lake,Mary,Lake,18,1,active,False,False,False,False,False,,False,,False,,False,,,,LOVB Salt Lake,SLC,SLC,brightYellow
2161360,2025,2025-04-05T02:00:00.000Z,2344548,Claire Hoffman,Claire,Hoffman,21,2,active,False,False,False,False,False,,False,,False,,False,,,,LOVB Salt Lake,SLC,SLC,brightYellow
2161360,2025,2025-04-05T02:00:00.000Z,2344553,Heidy Casanova,Heidy,Casanova,33,3,active,True,False,False,False,False,,False,,True,6.0,True,6.0,,,LOVB Salt Lake,SLC,SLC,brightYellow
2161360,2025,2025-04-05T02:00:00.000Z,2344576,Daly Santana,Daly,Santana,1,2,active,True,False,False,False,False,,False,,False,,False,,,,LOVB Madison,MAD,MAD,babyBlue
2161360,2025,2025-04-05T02:00:00.000Z,2342510,Anna Hall,Anna,Hall,2,4,active,False,False,False,False,True,3.0,True,4.0,True,3.0,False,,,,LOVB Madison,MAD,MAD,babyBlue
2161360,2025,2025-04-05T02:00:00.000Z,2344581,Mariena Hayden,Mariena,Hayden,3,2,active,False,False,False,False,False,,False,,False,,False,,,,LOVB Madison,MAD,MAD,babyBlue
2161360,2025,2025-04-05T02:00:00.000Z,2344577,Milica Medved,Milica,Medved,4,1,active,True,False,False,True,False,,False,,False,,False,,,,LOVB Madison,MAD,MAD,babyBlue
2161360,2025,2025-04-05T02:00:00.000Z,2344578,Simin Wang,Simin,Wang,5,1,active,True,False,False,False,False,,False,,False,,False,,,,LOVB Madison,MAD,MAD,babyBlue
2161360,2025,2025-04-05T02:00:00.000Z,2344579,Jennifer Janiska,Jennifer,Janiska,6,2,active,True,False,False,False,True,5.0,True,6.0,True,5.0,True,6.0,,,LOVB Madison,MAD,MAD,babyBlue
2161360,2025,2025-04-05T02:00:00.000Z,2342508,Lauren Carlini,Lauren,Carlini,7,5,active,False,False,True,False,True,1.0,True,2.0,True,1.0,True,2.0,,,LOVB Madison,MAD,MAD,babyBlue
2161360,2025,2025-04-05T02:00:00.000Z,2344584,Claire Felix,Claire,Felix,8,4,active,False,False,False,False,False,,False,,False,,False,,,,LOVB Madison,MAD,MAD,babyBlue
2161360,2025,2025-04-05T02:00:00.000Z,2344580,Claire Chaussee,Claire,Chaussee,9,2,active,False,False,False,False,False,,False,,False,,False,,,,LOVB Madison,MAD,MAD,babyBlue
2161360,2025,2025-04-05T02:00:00.000Z,2344583,Taylor Sandbothe,Taylor,Sandbothe,10,4,active,False,False,False,False,False,,False,,False,,True,4.0,,,LOVB Madison,MAD,MAD,babyBlue
2161360,2025,2025-04-05T02:00:00.000Z,2342509,Annie Drews Schumacher,Annie,Drews Schumacher,11,3,active,False,False,False,False,True,4.0,True,5.0,True,4.0,False,,,,LOVB Madison,MAD,MAD,babyBlue
2161360,2025,2025-04-05T02:00:00.000Z,2344582,Temi Thomas-Ailara,Temi,Thomas-Ailara,12,3,active,False,False,False,False,False,,False,,False,,True,5.0,,,LOVB Madison,MAD,MAD,babyBlue
2161360,2025,2025-04-05T02:00:00.000Z,2349141,Sarah Franklin,Sarah,Franklin,13,2,active,False,False,False,False,True,2.0,True,3.0,True,2.0,True,3.0,,,LOVB Madison,MAD,MAD,babyBlue
2161360,2025,2025-04-05T02:00:00.000Z,2344575,Danica Markovic,Danica,Markovic,14,5,active,True,False,False,False,False,,False,,False,,False,,,,LOVB Madison,MAD,MAD,babyBlue
2161360,2025,2025-04-05T02:00:00.000Z,2406119,Paige Reagor,Paige,Reagor,15,4,active,False,False,False,False,False,,False,,False,,False,,,,LOVB Madison,MAD,MAD,babyBlue
2161360,2025,2025-04-05T02:00:00.000Z,2349077,Ana Beatriz Correa,Ana Beatriz,Correa,27,4,active,True,False,False,False,True,6.0,True,1.0,True,6.0,True,1.0,,,LOVB Madison,MAD,MAD,babyBlue
2161361,2025,2025-04-05T22:30:00.000Z,2344576,Daly Santana,Daly,Santana,1,2,active,True,False,False,False,False,,False,,False,,,,,,LOVB Madison,MAD,MAD,babyBlue
2161361,2025,2025-04-05T22:30:00.000Z,2342510,Anna Hall,Anna,Hall,2,4,active,False,False,False,False,True,1.0,True,2.0,True,2.0,,,,,LOVB Madison,MAD,MAD,babyBlue
2161361,2025,2025-04-05T22:30:00.000Z,2344581,Mariena Hayden,Mariena,Hayden,3,2,active,False,False,False,False,False,,False,,False,,,,,,LOVB Madison,MAD,MAD,babyBlue
2161361,2025,2025-04-05T22:30:00.000Z,2344577,Milica Medved,Milica,Medved,4,1,active,True,False,False,True,False,,False,,False,,,,,,LOVB Madison,MAD,MAD,babyBlue
2161361,2025,2025-04-05T22:30:00.000Z,2344578,Simin Wang,Simin,Wang,5,1,active,True,False,False,False,False,,False,,False,,,,,,LOVB Madison,MAD,MAD,babyBlue
2161361,2025,2025-04-05T22:30:00.000Z,2344579,Jennifer Janiska,Jennifer,Janiska,6,2,active,True,False,False,False,True,3.0,True,1.0,False,,,,,,LOVB Madison,MAD,MAD,babyBlue
2161361,2025,2025-04-05T22:30:00.000Z,2342508,Lauren Carlini,Lauren,Carlini,7,5,active,False,False,True,False,True,5.0,True,6.0,True,6.0,,,,,LOVB Madison,MAD,MAD,babyBlue
2161361,2025,2025-04-05T22:30:00.000Z,2344584,Claire Felix,Claire,Felix,8,4,active,False,False,False,False,False,,False,,False,,,,,,LOVB Madison,MAD,MAD,babyBlue
2161361,2025,2025-04-05T22:30:00.000Z,2344580,Claire Chaussee,Claire,Chaussee,9,2,active,False,False,False,False,False,,True,4.0,True,1.0,,,,,LOVB Madison,MAD,MAD,babyBlue
2161361,2025,2025-04-05T22:30:00.000Z,2344583,Taylor Sandbothe,Taylor,Sandbothe,10,4,active,False,False,False,False,False,,False,,True,5.0,,,,,LOVB Madison,MAD,MAD,babyBlue
2161361,2025,2025-04-05T22:30:00.000Z,2342509,Annie Drews Schumacher,Annie,Drews Schumacher,11,3,active,False,False,False,False,True,2.0,True,3.0,True,3.0,,,,,LOVB Madison,MAD,MAD,babyBlue
2161361,2025,2025-04-05T22:30:00.000Z,2344582,Temi Thomas-Ailara,Temi,Thomas-Ailara,12,3,active,False,False,False,False,False,,False,,False,,,,,,LOVB Madison,MAD,MAD,babyBlue
2161361,2025,2025-04-05T22:30:00.000Z,2349141,Sarah Franklin,Sarah,Franklin,13,2,active,False,False,False,False,True,6.0,False,,True,4.0,,,,,LOVB Madison,MAD,MAD,babyBlue
2161361,2025,2025-04-05T22:30:00.000Z,2344575,Danica Markovic,Danica,Markovic,14,5,active,True,False,False,False,False,,False,,False,,,,,,LOVB Madison,MAD,MAD,babyBlue
2161361,2025,2025-04-05T22:30:00.000Z,2406119,Paige Reagor,Paige,Reagor,15,4,active,False,False,False,False,False,,False,,False,,,,,,LOVB Madison,MAD,MAD,babyBlue
2161361,2025,2025-04-05T22:30:00.000Z,2349077,Ana Beatriz Correa,Ana Beatriz,Correa,27,4,active,True,False,False,False,True,4.0,True,5.0,False,,,,,,LOVB Madison,MAD,MAD,babyBlue
2161361,2025,2025-04-05T22:30:00.000Z,2344621,Grace Frohling,Grace,Frohling,1,3,active,False,False,False,False,False,,False,,False,,,,,,LOVB Houston,HTX,HTX,sapphire
2161361,2025,2025-04-05T22:30:00.000Z,2344616,Karin Palgutova,Karin,Palgutova,2,2,active,True,False,False,False,False,,False,,False,,,,,,LOVB Houston,HTX,HTX,sapphire
2161361,2025,2025-04-05T22:30:00.000Z,2344618,Amber Igiede,Amber,Igiede,3,4,active,False,False,False,False,True,6.0,True,1.0,True,6.0,,,,,LOVB Houston,HTX,HTX,sapphire
2161361,2025,2025-04-05T22:30:00.000Z,2344612,Anna Pogany,Anna,Pogany,4,1,active,True,False,False,True,False,,False,,False,,,,,,LOVB Houston,HTX,HTX,sapphire
2161361,2025,2025-04-05T22:30:00.000Z,2349315,Jess Mruzik,Jess,Mruzik,5,2,active,False,False,False,False,True,5.0,True,6.0,True,5.0,,,,,LOVB Houston,HTX,HTX,sapphire
2161361,2025,2025-04-05T22:30:00.000Z,2344617,Raphaela Folie,Raphaela,Folie,7,4,active,True,False,False,False,True,3.0,True,4.0,True,3.0,,,,,LOVB Houston,HTX,HTX,sapphire
2161361,2025,2025-04-05T22:30:00.000Z,2344619,Christina Bauer,Christina,Bauer,8,4,active,True,False,False,False,False,,False,,False,,,,,,LOVB Houston,HTX,HTX,sapphire
2161361,2025,2025-04-05T22:30:00.000Z,2344614,Madi Kingdon Rishel,Madi,Kingdon Rishel,9,2,active,False,False,False,False,True,2.0,True,3.0,True,2.0,,,,,LOVB Houston,HTX,HTX,sapphire
2161361,2025,2025-04-05T22:30:00.000Z,2344611,Kaisa Alanko,Kaisa,Alanko,10,5,active,True,False,False,False,False,,False,,False,,,,,,LOVB Houston,HTX,HTX,sapphire
2161361,2025,2025-04-05T22:30:00.000Z,2344620,Anita Anwusi,Anita,Anwusi,11,4,active,False,False,False,False,False,,False,,False,,,,,,LOVB Houston,HTX,HTX,sapphire
2161361,2025,2025-04-05T22:30:00.000Z,2336967,Micha Hancock,Micha,Hancock,12,5,active,False,False,True,False,True,1.0,True,2.0,True,1.0,,,,,LOVB Houston,HTX,HTX,sapphire
2161361,2025,2025-04-05T22:30:00.000Z,2344622,Julia Brown,Julia,Brown,14,2,active,False,False,False,False,False,,False,,False,,,,,,LOVB Houston,HTX,HTX,sapphire
2161361,2025,2025-04-05T22:30:00.000Z,2344615,Sara Loda,Sara,Loda,17,2,active,True,False,False,False,False,,False,,False,,,,,,LOVB Houston,HTX,HTX,sapphire
2161361,2025,2025-04-05T22:30:00.000Z,2344613,Key Alves,Key,Alves,18,1,active,True,False,False,False,False,,False,,False,,,,,,LOVB Houston,HTX,HTX,sapphire
2161361,2025,2025-04-05T22:30:00.000Z,2336977,Jordan Thompson,Jordan,Thompson,23,3,active,False,False,False,False,True,4.0,True,5.0,True,4.0,,,,,LOVB Houston,HTX,HTX,sapphire
2161362,2025,2025-04-06T01:00:00.000Z,2336969,Jordyn Poulter,Jordyn,Poulter,1,5,active,False,False,True,False,True,1.0,True,6.0,True,6.0,False,,False,,LOVB Salt Lake,SLC,SLC,brightYellow
2161362,2025,2025-04-06T01:00:00.000Z,2344542,Tamaki Matsui,Tamaki,Matsui,2,5,active,True,False,False,False,False,,False,,False,,True,1.0,True,2.0,LOVB Salt Lake,SLC,SLC,brightYellow
2161362,2025,2025-04-06T01:00:00.000Z,2344549,Morgan Miller,Morgan,Miller,3,2,active,False,False,False,False,False,,False,,False,,False,,False,,LOVB Salt Lake,SLC,SLC,brightYellow
2161362,2025,2025-04-06T01:00:00.000Z,2344547,Maddie Haynes,Maddie,Haynes,4,2,active,False,False,False,False,True,2.0,False,,False,,False,,False,,LOVB Salt Lake,SLC,SLC,brightYellow
2161362,2025,2025-04-06T01:00:00.000Z,2344554,Skylar Fields,Skylar,Fields,5,3,active,False,False,False,False,False,,False,,False,,False,,False,,LOVB Salt Lake,SLC,SLC,brightYellow
2161362,2025,2025-04-06T01:00:00.000Z,2344551,Tori Dixon,Tori,Dixon,6,4,active,False,False,False,False,False,,False,,False,,False,,False,,LOVB Salt Lake,SLC,SLC,brightYellow
2161362,2025,2025-04-06T01:00:00.000Z,2349080,Sophie Fischer,Sophie,Fischer,7,4,active,False,False,False,False,True,3.0,True,2.0,True,2.0,False,,False,,LOVB Salt Lake,SLC,SLC,brightYellow
2161362,2025,2025-04-06T01:00:00.000Z,2344550,Serena Gray,Serena,Gray,11,4,active,False,False,False,False,False,,False,,False,,True,3.0,True,4.0,LOVB Salt Lake,SLC,SLC,brightYellow
2161362,2025,2025-04-06T01:00:00.000Z,2344546,Roni Jones-Perry,Roni,Jones-Perry,12,2,active,False,False,False,False,False,,False,,False,,True,2.0,True,3.0,LOVB Salt Lake,SLC,SLC,brightYellow
2161362,2025,2025-04-06T01:00:00.000Z,2336979,Haleigh Washington,Haleigh,Washington,15,4,active,False,False,False,False,True,6.0,True,5.0,True,5.0,True,6.0,True,1.0,LOVB Salt Lake,SLC,SLC,brightYellow
2161362,2025,2025-04-06T01:00:00.000Z,2342469,Manami Kojima,Manami,Kojima,16,1,active,True,False,False,False,False,,False,,False,,False,,False,,LOVB Salt Lake,SLC,SLC,brightYellow
2161362,2025,2025-04-06T01:00:00.000Z,2344545,Dani Drews,Dani,Drews,17,2,active,False,False,False,False,False,,True,1.0,True,1.0,False,,False,,LOVB Salt Lake,SLC,SLC,brightYellow
2161362,2025,2025-04-06T01:00:00.000Z,2344544,Mary Lake,Mary,Lake,18,1,active,False,False,False,False,False,,False,,False,,False,,False,,LOVB Salt Lake,SLC,SLC,brightYellow
2161362,2025,2025-04-06T01:00:00.000Z,2344548,Claire Hoffman,Claire,Hoffman,21,2,active,False,False,False,False,True,5.0,True,4.0,True,4.0,True,5.0,True,6.0,LOVB Salt Lake,SLC,SLC,brightYellow
2161362,2025,2025-04-06T01:00:00.000Z,2344553,Heidy Casanova,Heidy,Casanova,33,3,active,True,False,False,False,True,4.0,True,3.0,True,3.0,True,4.0,True,5.0,LOVB Salt Lake,SLC,SLC,brightYellow
2161362,2025,2025-04-06T01:00:00.000Z,2344609,Khat Bell,Khat,Bell,1,3,active,False,False,False,False,False,,False,,False,,False,,False,,LOVB Austin,ATX,ATX,violet
2161362,2025,2025-04-06T01:00:00.000Z,2344604,Leah Hardeman,Leah,Hardeman,2,2,active,False,False,False,False,False,,False,,True,5.0,True,5.0,False,,LOVB Austin,ATX,ATX,violet
2161362,2025,2025-04-06T01:00:00.000Z,2344598,Carli Lloyd,Carli,Lloyd,3,5,active,False,False,True,False,False,,False,,False,,False,,True,1.0,LOVB Austin,ATX,ATX,violet
2161362,2025,2025-04-06T01:00:00.000Z,2344608,Molly McCage,Molly,McCage,5,4,active,False,False,False,False,True,3.0,True,3.0,True,3.0,True,3.0,True,3.0,LOVB Austin,ATX,ATX,violet
2161362,2025,2025-04-06T01:00:00.000Z,2344603,Alessia Gennari,Alessia,Gennari,6,2,active,True,False,False,False,False,,False,,False,,False,,False,,LOVB Austin,ATX,ATX,violet
2161362,2025,2025-04-06T01:00:00.000Z,2344607,Asjia O´Neal,Asjia,O´Neal,7,4,active,False,False,False,False,False,,False,,False,,False,,False,,LOVB Austin,ATX,ATX,violet
2161362,2025,2025-04-06T01:00:00.000Z,2344600,Saige Ka'aha'aina-Torres,Saige,Ka'aha'aina-Torres,9,5,active,False,False,False,False,True,1.0,True,1.0,True,1.0,True,1.0,False,,LOVB Austin,ATX,ATX,violet
2161362,2025,2025-04-06T01:00:00.000Z,2344601,Zoe Jarvis,Zoe,Jarvis,10,1,active,False,False,False,False,False,,False,,False,,False,,False,,LOVB Austin,ATX,ATX,violet
2161362,2025,2025-04-06T01:00:00.000Z,2336983,Chiaka Ogbogu,Chiaka,Ogbogu,11,4,active,False,False,False,False,True,6.0,True,6.0,True,6.0,True,6.0,True,6.0,LOVB Austin,ATX,ATX,violet
2161362,2025,2025-04-06T01:00:00.000Z,2344610,Carly DeHoog,Carly,DeHoog,12,2,active,False,False,False,False,False,,False,,False,,False,,False,,LOVB Austin,ATX,ATX,violet
2161362,2025,2025-04-06T01:00:00.000Z,2344606,Juliann Faucette,Juliann,Faucette,13,3,active,False,False,False,False,False,,False,,False,,False,,False,,LOVB Austin,ATX,ATX,violet
2161362,2025,2025-04-06T01:00:00.000Z,2344602,Kotoe Inoue,Kotoe,Inoue,15,1,active,True,False,False,False,False,,False,,False,,False,,False,,LOVB Austin,ATX,ATX,violet
2161362,2025,2025-04-06T01:00:00.000Z,2349176,Madisen Skinner,Madisen,Skinner,16,3,active,False,False,False,False,True,4.0,True,4.0,True,4.0,True,4.0,True,4.0,LOVB Austin,ATX,ATX,violet
2161362,2025,2025-04-06T01:00:00.000Z,2344605,Anna Haak,Anna,Haak,17,2,active,True,False,False,False,True,5.0,True,5.0,False,,False,,True,5.0,LOVB Austin,ATX,ATX,violet
2161362,2025,2025-04-06T01:00:00.000Z,2344599,Logan Eggleston,Logan,Eggleston,33,2,active,False,False,False,False,True,2.0,True,2.0,True,2.0,True,2.0,True,2.0,LOVB Austin,ATX,ATX,violet
2161391,2025,2025-04-10T20:30:00.000Z,2336969,Jordyn Poulter,Jordyn,Poulter,1,5,active,False,False,True,False,True,1.0,True,2.0,True,1.0,True,2.0,True,6.0,LOVB Salt Lake,SLC,SLC,brightYellow
2161391,2025,2025-04-10T20:30:00.000Z,2344542,Tamaki Matsui,Tamaki,Matsui,2,5,active,True,False,False,False,False,,False,,False,,False,,False,,LOVB Salt Lake,SLC,SLC,brightYellow
2161391,2025,2025-04-10T20:30:00.000Z,2344549,Morgan Miller,Morgan,Miller,3,2,active,False,False,False,False,False,,False,,False,,False,,False,,LOVB Salt Lake,SLC,SLC,brightYellow
2161391,2025,2025-04-10T20:30:00.000Z,2344547,Maddie Haynes,Maddie,Haynes,4,2,active,False,False,False,False,False,,False,,False,,False,,False,,LOVB Salt Lake,SLC,SLC,brightYellow
2161391,2025,2025-04-10T20:30:00.000Z,2344554,Skylar Fields,Skylar,Fields,5,3,active,False,False,False,False,False,,True,5.0,True,4.0,True,5.0,True,3.0,LOVB Salt Lake,SLC,SLC,brightYellow
2161391,2025,2025-04-10T20:30:00.000Z,2344551,Tori Dixon,Tori,Dixon,6,4,active,False,False,False,False,True,3.0,True,4.0,True,3.0,True,4.0,True,2.0,LOVB Salt Lake,SLC,SLC,brightYellow
2161391,2025,2025-04-10T20:30:00.000Z,2349080,Sophie Fischer,Sophie,Fischer,7,4,active,False,False,False,False,False,,False,,False,,False,,False,,LOVB Salt Lake,SLC,SLC,brightYellow
2161391,2025,2025-04-10T20:30:00.000Z,2344550,Serena Gray,Serena,Gray,11,4,active,False,False,False,False,False,,False,,False,,False,,False,,LOVB Salt Lake,SLC,SLC,brightYellow
2161391,2025,2025-04-10T20:30:00.000Z,2344546,Roni Jones-Perry,Roni,Jones-Perry,12,2,active,False,False,False,False,True,2.0,True,3.0,True,2.0,True,3.0,True,1.0,LOVB Salt Lake,SLC,SLC,brightYellow
2161391,2025,2025-04-10T20:30:00.000Z,2336979,Haleigh Washington,Haleigh,Washington,15,4,active,False,False,False,False,True,6.0,True,1.0,True,6.0,True,1.0,True,5.0,LOVB Salt Lake,SLC,SLC,brightYellow
2161391,2025,2025-04-10T20:30:00.000Z,2342469,Manami Kojima,Manami,Kojima,16,1,active,True,False,False,True,False,,False,,False,,False,,False,,LOVB Salt Lake,SLC,SLC,brightYellow
2161391,2025,2025-04-10T20:30:00.000Z,2344545,Dani Drews,Dani,Drews,17,2,active,False,False,False,False,False,,False,,False,,False,,True,4.0,LOVB Salt Lake,SLC,SLC,brightYellow
2161391,2025,2025-04-10T20:30:00.000Z,2344544,Mary Lake,Mary,Lake,18,1,active,False,False,False,False,False,,False,,False,,False,,False,,LOVB Salt Lake,SLC,SLC,brightYellow
2161391,2025,2025-04-10T20:30:00.000Z,2344548,Claire Hoffman,Claire,Hoffman,21,2,active,False,False,False,False,True,5.0,True,6.0,True,5.0,True,6.0,False,,LOVB Salt Lake,SLC,SLC,brightYellow
2161391,2025,2025-04-10T20:30:00.000Z,2344553,Heidy Casanova,Heidy,Casanova,33,3,active,True,False,False,False,True,4.0,False,,False,,False,,False,,LOVB Salt Lake,SLC,SLC,brightYellow
2161391,2025,2025-04-10T20:30:00.000Z,2344609,Khat Bell,Khat,Bell,1,3,active,False,False,False,False,False,,False,,False,,False,,False,,LOVB Austin,ATX,ATX,violet
2161391,2025,2025-04-10T20:30:00.000Z,2344604,Leah Hardeman,Leah,Hardeman,2,2,active,False,False,False,False,False,,False,,False,,False,,False,,LOVB Austin,ATX,ATX,violet
2161391,2025,2025-04-10T20:30:00.000Z,2344598,Carli Lloyd,Carli,Lloyd,3,5,active,False,False,True,False,False,,False,,False,,False,,False,,LOVB Austin,ATX,ATX,violet
2161391,2025,2025-04-10T20:30:00.000Z,2344608,Molly McCage,Molly,McCage,5,4,active,False,False,False,False,True,4.0,True,4.0,True,3.0,True,3.0,True,3.0,LOVB Austin,ATX,ATX,violet
2161391,2025,2025-04-10T20:30:00.000Z,2344603,Alessia Gennari,Alessia,Gennari,6,2,active,True,False,False,False,True,6.0,True,6.0,True,5.0,True,5.0,False,,LOVB Austin,ATX,ATX,violet
2161391,2025,2025-04-10T20:30:00.000Z,2344607,Asjia O´Neal,Asjia,O´Neal,7,4,active,False,False,False,False,False,,False,,False,,False,,False,,LOVB Austin,ATX,ATX,violet
2161391,2025,2025-04-10T20:30:00.000Z,2344600,Saige Ka'aha'aina-Torres,Saige,Ka'aha'aina-Torres,9,5,active,False,False,False,False,True,2.0,True,2.0,True,1.0,True,1.0,True,1.0,LOVB Austin,ATX,ATX,violet
2161391,2025,2025-04-10T20:30:00.000Z,2344601,Zoe Jarvis,Zoe,Jarvis,10,1,active,False,False,False,False,False,,False,,False,,False,,False,,LOVB Austin,ATX,ATX,violet
2161391,2025,2025-04-10T20:30:00.000Z,2336983,Chiaka Ogbogu,Chiaka,Ogbogu,11,4,active,False,False,False,False,True,1.0,True,1.0,True,6.0,True,6.0,True,6.0,LOVB Austin,ATX,ATX,violet
2161391,2025,2025-04-10T20:30:00.000Z,2344610,Carly DeHoog,Carly,DeHoog,12,2,active,False,False,False,False,False,,False,,False,,False,,False,,LOVB Austin,ATX,ATX,violet
2161391,2025,2025-04-10T20:30:00.000Z,2344606,Juliann Faucette,Juliann,Faucette,13,3,active,False,False,False,False,False,,False,,False,,False,,False,,LOVB Austin,ATX,ATX,violet
2161391,2025,2025-04-10T20:30:00.000Z,2344602,Kotoe Inoue,Kotoe,Inoue,15,1,active,True,False,False,False,False,,False,,False,,False,,False,,LOVB Austin,ATX,ATX,violet
2161391,2025,2025-04-10T20:30:00.000Z,2349176,Madisen Skinner,Madisen,Skinner,16,3,active,False,False,False,False,True,5.0,True,5.0,True,4.0,True,4.0,True,4.0,LOVB Austin,ATX,ATX,violet
2161391,2025,2025-04-10T20:30:00.000Z,2344605,Anna Haak,Anna,Haak,17,2,active,True,False,False,False,False,,False,,True,2.0,True,2.0,True,2.0,LOVB Austin,ATX,ATX,violet
2161391,2025,2025-04-10T20:30:00.000Z,2344599,Logan Eggleston,Logan,Eggleston,33,2,active,False,False,False,False,True,3.0,True,3.0,False,,False,,True,5.0,LOVB Austin,ATX,ATX,violet
2161392,2025,2025-04-10T23:00:00.000Z,2344576,Daly Santana,Daly,Santana,1,2,active,True,False,False,False,False,,False,,False,,False,,,,LOVB Madison,MAD,MAD,babyBlue
2161392,2025,2025-04-10T23:00:00.000Z,2342510,Anna Hall,Anna,Hall,2,4,active,False,False,False,False,True,2.0,True,5.0,True,2.0,True,2.0,,,LOVB Madison,MAD,MAD,babyBlue
2161392,2025,2025-04-10T23:00:00.000Z,2344581,Mariena Hayden,Mariena,Hayden,3,2,active,False,False,False,False,False,,False,,False,,False,,,,LOVB Madison,MAD,MAD,babyBlue
2161392,2025,2025-04-10T23:00:00.000Z,2344577,Milica Medved,Milica,Medved,4,1,active,True,False,False,True,False,,False,,False,,False,,,,LOVB Madison,MAD,MAD,babyBlue
2161392,2025,2025-04-10T23:00:00.000Z,2344578,Simin Wang,Simin,Wang,5,1,active,True,False,False,False,False,,False,,False,,False,,,,LOVB Madison,MAD,MAD,babyBlue
2161392,2025,2025-04-10T23:00:00.000Z,2344579,Jennifer Janiska,Jennifer,Janiska,6,2,active,True,False,False,False,True,4.0,True,1.0,True,4.0,True,4.0,,,LOVB Madison,MAD,MAD,babyBlue
2161392,2025,2025-04-10T23:00:00.000Z,2342508,Lauren Carlini,Lauren,Carlini,7,5,active,False,False,True,False,True,6.0,True,3.0,True,6.0,True,6.0,,,LOVB Madison,MAD,MAD,babyBlue
2161392,2025,2025-04-10T23:00:00.000Z,2344584,Claire Felix,Claire,Felix,8,4,active,False,False,False,False,False,,False,,False,,False,,,,LOVB Madison,MAD,MAD,babyBlue
2161392,2025,2025-04-10T23:00:00.000Z,2344580,Claire Chaussee,Claire,Chaussee,9,2,active,False,False,False,False,False,,False,,False,,True,1.0,,,LOVB Madison,MAD,MAD,babyBlue
2161392,2025,2025-04-10T23:00:00.000Z,2344583,Taylor Sandbothe,Taylor,Sandbothe,10,4,active,False,False,False,False,False,,False,,False,,True,5.0,,,LOVB Madison,MAD,MAD,babyBlue
2161392,2025,2025-04-10T23:00:00.000Z,2342509,Annie Drews Schumacher,Annie,Drews Schumacher,11,3,active,False,False,False,False,True,3.0,True,6.0,True,3.0,True,3.0,,,LOVB Madison,MAD,MAD,babyBlue
2161392,2025,2025-04-10T23:00:00.000Z,2344582,Temi Thomas-Ailara,Temi,Thomas-Ailara,12,3,active,False,False,False,False,False,,False,,False,,False,,,,LOVB Madison,MAD,MAD,babyBlue
2161392,2025,2025-04-10T23:00:00.000Z,2349141,Sarah Franklin,Sarah,Franklin,13,2,active,False,False,False,False,True,1.0,True,4.0,True,1.0,False,,,,LOVB Madison,MAD,MAD,babyBlue
2161392,2025,2025-04-10T23:00:00.000Z,2344575,Danica Markovic,Danica,Markovic,14,5,active,True,False,False,False,False,,False,,False,,False,,,,LOVB Madison,MAD,MAD,babyBlue
2161392,2025,2025-04-10T23:00:00.000Z,2406119,Paige Reagor,Paige,Reagor,15,4,active,False,False,False,False,False,,False,,False,,False,,,,LOVB Madison,MAD,MAD,babyBlue
2161392,2025,2025-04-10T23:00:00.000Z,2349077,Ana Beatriz Correa,Ana Beatriz,Correa,27,4,active,True,False,False,False,True,5.0,True,2.0,True,5.0,False,,,,LOVB Madison,MAD,MAD,babyBlue
2161392,2025,2025-04-10T23:00:00.000Z,2349314,Lexi Rodriguez,Lexi,Rodriguez,1,1,active,False,False,False,False,False,,False,,False,,False,,,,LOVB Omaha,OMA,OMA,shamrock
2161392,2025,2025-04-10T23:00:00.000Z,2344593,Emily Thater,Emily,Thater,2,4,active,False,False,False,False,True,2.0,True,3.0,True,5.0,True,6.0,,,LOVB Omaha,OMA,OMA,shamrock
2161392,2025,2025-04-10T23:00:00.000Z,2344587,Annie Cesar,Annie,Cesar,3,1,active,True,False,False,False,False,,False,,False,,False,,,,LOVB Omaha,OMA,OMA,shamrock
2161392,2025,2025-04-10T23:00:00.000Z,2336972,Justine Wong-Orantes,Justine,Wong-Orantes,4,1,active,False,False,False,True,False,,False,,False,,False,,,,LOVB Omaha,OMA,OMA,shamrock
2161392,2025,2025-04-10T23:00:00.000Z,2344589,Jaali Winters,Jaali,Winters,5,2,active,False,False,False,False,False,,False,,False,,False,,,,LOVB Omaha,OMA,OMA,shamrock
2161392,2025,2025-04-10T23:00:00.000Z,2344590,Vicky Savard,Vicky,Savard,7,2,active,True,False,False,False,False,,False,,False,,False,,,,LOVB Omaha,OMA,OMA,shamrock
2161392,2025,2025-04-10T23:00:00.000Z,2344596,Kimberly Drewniok,Kimberly,Drewniok,8,3,active,True,False,False,False,True,6.0,True,1.0,True,3.0,True,4.0,,,LOVB Omaha,OMA,OMA,shamrock
2161392,2025,2025-04-10T23:00:00.000Z,2336975,Jordan Larson,Jordan,Larson,10,2,active,False,False,True,False,True,1.0,True,2.0,True,4.0,True,5.0,,,LOVB Omaha,OMA,OMA,shamrock
2161392,2025,2025-04-10T23:00:00.000Z,2344591,Amber Stivrins,Amber,Stivrins,11,2,active,False,False,False,False,False,,False,,False,,False,,,,LOVB Omaha,OMA,OMA,shamrock
2161392,2025,2025-04-10T23:00:00.000Z,2344597,Audriana Fitzmorris,Audriana,Fitzmorris,12,3,active,False,False,False,False,False,,False,,False,,False,,,,LOVB Omaha,OMA,OMA,shamrock
2161392,2025,2025-04-10T23:00:00.000Z,2344586,Gabby Blossom,Gabby,Blossom,13,5,active,False,False,False,False,False,,False,,False,,False,,,,LOVB Omaha,OMA,OMA,shamrock
2161392,2025,2025-04-10T23:00:00.000Z,2344585,Laura Dijkema,Laura,Dijkema,14,5,active,True,False,False,False,True,3.0,True,4.0,True,6.0,True,1.0,,,LOVB Omaha,OMA,OMA,shamrock
2161392,2025,2025-04-10T23:00:00.000Z,2344592,Candelaria Herrera,Candelaria,Herrera,17,4,active,True,False,False,False,False,,False,,False,,False,,,,LOVB Omaha,OMA,OMA,shamrock
2161392,2025,2025-04-10T23:00:00.000Z,2431883,Sami Francis,Sami,Francis,18,4,active,False,False,False,False,True,5.0,True,6.0,True,2.0,True,3.0,,,LOVB Omaha,OMA,OMA,shamrock
2161392,2025,2025-04-10T23:00:00.000Z,2417486,Chiamaka Nwokolo,Chiamaka,Nwokolo,23,4,active,False,False,False,False,False,,False,,False,,False,,,,LOVB Omaha,OMA,OMA,shamrock
2161392,2025,2025-04-10T23:00:00.000Z,2344595,Lauren Stivrins,Lauren,Stivrins,26,4,active,False,False,False,False,False,,False,,False,,False,,,,LOVB Omaha,OMA,OMA,shamrock
2161392,2025,2025-04-10T23:00:00.000Z,2344588,Madi Kubik-Banks,Madi,Kubik-Banks,33,2,active,False,False,False,False,True,4.0,True,5.0,True,1.0,True,2.0,,,LOVB Omaha,OMA,OMA,shamrock
2161393,2025,2025-04-11T22:30:00.000Z,2344566,Piyanut Pannoy,Piyanut,Pannoy,2,1,active,True,False,False,True,False,,False,,False,,False,,False,,LOVB Atlanta,ATL,ATL,hotPink
2161393,2025,2025-04-11T22:30:00.000Z,2344565,Marta Bechis,Marta,Bechis,3,5,active,True,False,False,False,False,,False,,False,,False,,False,,LOVB Atlanta,ATL,ATL,hotPink
2161393,2025,2025-04-11T22:30:00.000Z,2344568,Jessica Rivero Marin,Jessica,Rivero Marin,4,2,active,True,False,False,False,False,,False,,False,,False,,False,,LOVB Atlanta,ATL,ATL,hotPink
2161393,2025,2025-04-11T22:30:00.000Z,2344571,Kayla Haneline,Kayla,Haneline,8,4,active,False,False,False,False,False,,False,,False,,False,,False,,LOVB Atlanta,ATL,ATL,hotPink
2161393,2025,2025-04-11T22:30:00.000Z,2344564,Iga Wasilewska,Iga,Wasilewska,9,4,active,True,False,False,False,False,,False,,False,,False,,False,,LOVB Atlanta,ATL,ATL,hotPink
2161393,2025,2025-04-11T22:30:00.000Z,2344427,Madi Bugg,Madi,Bugg,10,5,active,False,False,False,False,True,1.0,True,1.0,True,1.0,True,1.0,True,1.0,LOVB Atlanta,ATL,ATL,hotPink
2161393,2025,2025-04-11T22:30:00.000Z,2349081,Onye Ofoegbu,Onye,Ofoegbu,11,4,active,False,False,False,False,False,,False,,False,,False,,False,,LOVB Atlanta,ATL,ATL,hotPink
2161393,2025,2025-04-11T22:30:00.000Z,2351343,Rachel Fairbanks,Rachel,Fairbanks,12,5,active,False,False,False,False,False,,False,,False,,False,,False,,LOVB Atlanta,ATL,ATL,hotPink
2161393,2025,2025-04-11T22:30:00.000Z,2344425,McKenzie Adams,McKenzie,Adams,13,2,active,False,False,False,False,True,5.0,True,5.0,True,5.0,True,5.0,True,5.0,LOVB Atlanta,ATL,ATL,hotPink
2161393,2025,2025-04-11T22:30:00.000Z,2344570,Tia Jimerson,Tia,Jimerson,14,4,active,False,False,False,False,True,6.0,True,6.0,True,6.0,True,6.0,True,6.0,LOVB Atlanta,ATL,ATL,hotPink
2161393,2025,2025-04-11T22:30:00.000Z,2344573,Magdalena Jehlarova,Magdalena,Jehlarova,15,4,active,True,False,False,False,True,3.0,True,3.0,True,3.0,True,3.0,True,3.0,LOVB Atlanta,ATL,ATL,hotPink
2161393,2025,2025-04-11T22:30:00.000Z,2344567,Beatrice Negretti,Beatrice,Negretti,16,1,active,True,False,False,False,False,,False,,False,,False,,False,,LOVB Atlanta,ATL,ATL,hotPink
2161393,2025,2025-04-11T22:30:00.000Z,2344574,Tessa Grubbs,Tessa,Grubbs,17,3,active,False,False,False,False,False,,False,,False,,False,,False,,LOVB Atlanta,ATL,ATL,hotPink
2161393,2025,2025-04-11T22:30:00.000Z,2344572,Danielle Cuttino,Danielle,Cuttino,20,3,active,False,False,False,False,True,4.0,True,4.0,True,4.0,True,4.0,True,4.0,LOVB Atlanta,ATL,ATL,hotPink
2161393,2025,2025-04-11T22:30:00.000Z,2342511,Kelsey Cook,Kelsey,Cook,23,2,active,False,False,True,False,True,2.0,True,2.0,True,2.0,True,2.0,True,2.0,LOVB Atlanta,ATL,ATL,hotPink
2161393,2025,2025-04-11T22:30:00.000Z,2344569,Gia Day,Gia,Day,77,2,active,False,False,False,False,False,,False,,False,,False,,False,,LOVB Atlanta,ATL,ATL,hotPink
2161393,2025,2025-04-11T22:30:00.000Z,2344609,Khat Bell,Khat,Bell,1,3,active,False,False,False,False,False,,False,,False,,False,,False,,LOVB Austin,ATX,ATX,navy
2161393,2025,2025-04-11T22:30:00.000Z,2344604,Leah Hardeman,Leah,Hardeman,2,2,active,False,False,False,False,False,,False,,False,,False,,False,,LOVB Austin,ATX,ATX,navy
2161393,2025,2025-04-11T22:30:00.000Z,2344598,Carli Lloyd,Carli,Lloyd,3,5,active,False,False,True,False,False,,False,,True,1.0,True,1.0,True,1.0,LOVB Austin,ATX,ATX,navy
2161393,2025,2025-04-11T22:30:00.000Z,2344608,Molly McCage,Molly,McCage,5,4,active,False,False,False,False,True,3.0,True,3.0,True,3.0,True,3.0,True,3.0,LOVB Austin,ATX,ATX,navy
2161393,2025,2025-04-11T22:30:00.000Z,2344603,Alessia Gennari,Alessia,Gennari,6,2,active,True,False,False,False,False,,False,,False,,False,,False,,LOVB Austin,ATX,ATX,navy
2161393,2025,2025-04-11T22:30:00.000Z,2344607,Asjia O´Neal,Asjia,O´Neal,7,4,active,False,False,False,False,False,,False,,False,,False,,False,,LOVB Austin,ATX,ATX,navy
2161393,2025,2025-04-11T22:30:00.000Z,2344600,Saige Ka'aha'aina-Torres,Saige,Ka'aha'aina-Torres,9,5,active,False,False,False,False,True,1.0,True,1.0,False,,False,,False,,LOVB Austin,ATX,ATX,navy
2161393,2025,2025-04-11T22:30:00.000Z,2344601,Zoe Jarvis,Zoe,Jarvis,10,1,active,False,False,False,False,False,,False,,False,,False,,False,,LOVB Austin,ATX,ATX,navy
2161393,2025,2025-04-11T22:30:00.000Z,2336983,Chiaka Ogbogu,Chiaka,Ogbogu,11,4,active,False,False,False,False,True,6.0,True,6.0,True,6.0,True,6.0,True,6.0,LOVB Austin,ATX,ATX,navy
2161393,2025,2025-04-11T22:30:00.000Z,2344610,Carly DeHoog,Carly,DeHoog,12,2,active,False,False,False,False,False,,False,,False,,False,,False,,LOVB Austin,ATX,ATX,navy
2161393,2025,2025-04-11T22:30:00.000Z,2344606,Juliann Faucette,Juliann,Faucette,13,3,active,False,False,False,False,False,,False,,False,,False,,False,,LOVB Austin,ATX,ATX,navy
2161393,2025,2025-04-11T22:30:00.000Z,2344602,Kotoe Inoue,Kotoe,Inoue,15,1,active,True,False,False,True,False,,False,,False,,False,,False,,LOVB Austin,ATX,ATX,navy
2161393,2025,2025-04-11T22:30:00.000Z,2349176,Madisen Skinner,Madisen,Skinner,16,3,active,False,False,False,False,True,4.0,True,4.0,True,4.0,True,4.0,True,4.0,LOVB Austin,ATX,ATX,navy
2161393,2025,2025-04-11T22:30:00.000Z,2344605,Anna Haak,Anna,Haak,17,2,active,True,False,False,False,True,5.0,True,5.0,True,5.0,True,5.0,True,5.0,LOVB Austin,ATX,ATX,navy
2161393,2025,2025-04-11T22:30:00.000Z,2344599,Logan Eggleston,Logan,Eggleston,33,2,active,False,False,False,False,True,2.0,True,2.0,True,2.0,True,2.0,True,2.0,LOVB Austin,ATX,ATX,navy
2161394,2025,2025-04-12T01:30:00.000Z,2344621,Grace Frohling,Grace,Frohling,1,3,active,False,False,False,False,False,,False,,False,,False,,False,,LOVB Houston,HTX,HTX,sapphire
2161394,2025,2025-04-12T01:30:00.000Z,2344616,Karin Palgutova,Karin,Palgutova,2,2,active,True,False,False,False,False,,False,,False,,False,,False,,LOVB Houston,HTX,HTX,sapphire
2161394,2025,2025-04-12T01:30:00.000Z,2344618,Amber Igiede,Amber,Igiede,3,4,active,False,False,False,False,True,6.0,True,2.0,True,6.0,True,1.0,True,6.0,LOVB Houston,HTX,HTX,sapphire
2161394,2025,2025-04-12T01:30:00.000Z,2344612,Anna Pogany,Anna,Pogany,4,1,active,True,False,False,False,False,,False,,False,,False,,False,,LOVB Houston,HTX,HTX,sapphire
2161394,2025,2025-04-12T01:30:00.000Z,2349315,Jess Mruzik,Jess,Mruzik,5,2,active,False,False,False,False,True,5.0,True,1.0,True,5.0,True,6.0,True,5.0,LOVB Houston,HTX,HTX,sapphire
2161394,2025,2025-04-12T01:30:00.000Z,2344617,Raphaela Folie,Raphaela,Folie,7,4,active,True,False,False,False,True,3.0,True,5.0,True,3.0,True,4.0,True,3.0,LOVB Houston,HTX,HTX,sapphire
2161394,2025,2025-04-12T01:30:00.000Z,2344619,Christina Bauer,Christina,Bauer,8,4,active,True,False,False,False,False,,False,,False,,False,,False,,LOVB Houston,HTX,HTX,sapphire
2161394,2025,2025-04-12T01:30:00.000Z,2344614,Madi Kingdon Rishel,Madi,Kingdon Rishel,9,2,active,False,False,False,False,True,2.0,True,4.0,True,2.0,True,3.0,True,2.0,LOVB Houston,HTX,HTX,sapphire
2161394,2025,2025-04-12T01:30:00.000Z,2344611,Kaisa Alanko,Kaisa,Alanko,10,5,active,True,False,False,False,False,,False,,False,,False,,False,,LOVB Houston,HTX,HTX,sapphire
2161394,2025,2025-04-12T01:30:00.000Z,2344620,Anita Anwusi,Anita,Anwusi,11,4,active,False,False,False,False,False,,False,,False,,False,,False,,LOVB Houston,HTX,HTX,sapphire
2161394,2025,2025-04-12T01:30:00.000Z,2336967,Micha Hancock,Micha,Hancock,12,5,active,False,False,True,False,True,1.0,True,3.0,True,1.0,True,2.0,True,1.0,LOVB Houston,HTX,HTX,sapphire
2161394,2025,2025-04-12T01:30:00.000Z,2344622,Julia Brown,Julia,Brown,14,2,active,False,False,False,False,False,,False,,False,,False,,False,,LOVB Houston,HTX,HTX,sapphire
2161394,2025,2025-04-12T01:30:00.000Z,2344615,Sara Loda,Sara,Loda,17,2,active,True,False,False,False,False,,False,,False,,False,,False,,LOVB Houston,HTX,HTX,sapphire
2161394,2025,2025-04-12T01:30:00.000Z,2344613,Key Alves,Key,Alves,18,1,active,True,False,False,False,False,,False,,False,,False,,False,,LOVB Houston,HTX,HTX,sapphire
2161394,2025,2025-04-12T01:30:00.000Z,2336977,Jordan Thompson,Jordan,Thompson,23,3,active,False,False,False,False,True,4.0,True,6.0,True,4.0,True,5.0,True,4.0,LOVB Houston,HTX,HTX,sapphire
2161394,2025,2025-04-12T01:30:00.000Z,2349314,Lexi Rodriguez,Lexi,Rodriguez,1,1,active,False,False,False,False,False,,False,,False,,False,,False,,LOVB Omaha,OMA,OMA,apple
2161394,2025,2025-04-12T01:30:00.000Z,2344593,Emily Thater,Emily,Thater,2,4,active,False,False,False,False,True,5.0,True,1.0,True,5.0,True,5.0,True,5.0,LOVB Omaha,OMA,OMA,apple
2161394,2025,2025-04-12T01:30:00.000Z,2344587,Annie Cesar,Annie,Cesar,3,1,active,True,False,False,False,False,,False,,False,,False,,False,,LOVB Omaha,OMA,OMA,apple
2161394,2025,2025-04-12T01:30:00.000Z,2336972,Justine Wong-Orantes,Justine,Wong-Orantes,4,1,active,False,False,False,False,False,,False,,False,,False,,False,,LOVB Omaha,OMA,OMA,apple
2161394,2025,2025-04-12T01:30:00.000Z,2344589,Jaali Winters,Jaali,Winters,5,2,active,False,False,False,False,True,1.0,True,3.0,True,1.0,True,1.0,True,1.0,LOVB Omaha,OMA,OMA,apple
2161394,2025,2025-04-12T01:30:00.000Z,2344590,Vicky Savard,Vicky,Savard,7,2,active,True,False,False,False,False,,False,,False,,False,,False,,LOVB Omaha,OMA,OMA,apple
2161394,2025,2025-04-12T01:30:00.000Z,2344596,Kimberly Drewniok,Kimberly,Drewniok,8,3,active,True,False,False,False,True,3.0,True,5.0,True,3.0,True,3.0,True,3.0,LOVB Omaha,OMA,OMA,apple
2161394,2025,2025-04-12T01:30:00.000Z,2336975,Jordan Larson,Jordan,Larson,10,2,active,False,False,True,False,True,4.0,True,6.0,True,4.0,True,4.0,True,4.0,LOVB Omaha,OMA,OMA,apple
2161394,2025,2025-04-12T01:30:00.000Z,2344591,Amber Stivrins,Amber,Stivrins,11,2,active,False,False,False,False,False,,False,,False,,False,,False,,LOVB Omaha,OMA,OMA,apple
2161394,2025,2025-04-12T01:30:00.000Z,2344597,Audriana Fitzmorris,Audriana,Fitzmorris,12,3,active,False,False,False,False,False,,False,,False,,False,,False,,LOVB Omaha,OMA,OMA,apple
2161394,2025,2025-04-12T01:30:00.000Z,2344586,Gabby Blossom,Gabby,Blossom,13,5,active,False,False,False,False,False,,False,,False,,False,,False,,LOVB Omaha,OMA,OMA,apple
2161394,2025,2025-04-12T01:30:00.000Z,2344585,Laura Dijkema,Laura,Dijkema,14,5,active,True,False,False,False,True,6.0,True,2.0,True,6.0,True,6.0,True,6.0,LOVB Omaha,OMA,OMA,apple
2161394,2025,2025-04-12T01:30:00.000Z,2344592,Candelaria Herrera,Candelaria,Herrera,17,4,active,True,False,False,False,False,,False,,False,,False,,False,,LOVB Omaha,OMA,OMA,apple
2161394,2025,2025-04-12T01:30:00.000Z,2431883,Sami Francis,Sami,Francis,18,4,active,False,False,False,False,True,2.0,True,4.0,True,2.0,True,2.0,True,2.0,LOVB Omaha,OMA,OMA,apple
2161394,2025,2025-04-12T01:30:00.000Z,2417486,Chiamaka Nwokolo,Chiamaka,Nwokolo,23,4,active,False,False,False,False,False,,False,,False,,False,,False,,LOVB Omaha,OMA,OMA,apple
2161394,2025,2025-04-12T01:30:00.000Z,2344595,Lauren Stivrins,Lauren,Stivrins,26,4,active,False,False,False,False,False,,False,,False,,False,,False,,LOVB Omaha,OMA,OMA,apple
2161394,2025,2025-04-12T01:30:00.000Z,2344588,Madi Kubik-Banks,Madi,Kubik-Banks,33,2,active,False,False,False,False,False,,False,,False,,False,,False,,LOVB Omaha,OMA,OMA,apple
2161395,2025,2025-04-13T20:00:00.000Z,2344609,Khat Bell,Khat,Bell,1,3,active,False,False,False,False,False,,False,,False,,,,,,LOVB Austin,ATX,ATX,violet
2161395,2025,2025-04-13T20:00:00.000Z,2344604,Leah Hardeman,Leah,Hardeman,2,2,active,False,False,False,False,False,,False,,False,,,,,,LOVB Austin,ATX,ATX,violet
2161395,2025,2025-04-13T20:00:00.000Z,2344598,Carli Lloyd,Carli,Lloyd,3,5,active,False,False,True,False,True,1.0,True,1.0,True,1.0,,,,,LOVB Austin,ATX,ATX,violet
2161395,2025,2025-04-13T20:00:00.000Z,2344608,Molly McCage,Molly,McCage,5,4,active,False,False,False,False,True,3.0,True,3.0,True,3.0,,,,,LOVB Austin,ATX,ATX,violet
2161395,2025,2025-04-13T20:00:00.000Z,2344603,Alessia Gennari,Alessia,Gennari,6,2,active,True,False,False,False,False,,False,,False,,,,,,LOVB Austin,ATX,ATX,violet
2161395,2025,2025-04-13T20:00:00.000Z,2344607,Asjia O´Neal,Asjia,O´Neal,7,4,active,False,False,False,False,False,,False,,False,,,,,,LOVB Austin,ATX,ATX,violet
2161395,2025,2025-04-13T20:00:00.000Z,2344600,Saige Ka'aha'aina-Torres,Saige,Ka'aha'aina-Torres,9,5,active,False,False,False,False,False,,False,,False,,,,,,LOVB Austin,ATX,ATX,violet
2161395,2025,2025-04-13T20:00:00.000Z,2344601,Zoe Jarvis,Zoe,Jarvis,10,1,active,False,False,False,False,False,,False,,False,,,,,,LOVB Austin,ATX,ATX,violet
2161395,2025,2025-04-13T20:00:00.000Z,2336983,Chiaka Ogbogu,Chiaka,Ogbogu,11,4,active,False,False,False,False,True,6.0,True,6.0,True,6.0,,,,,LOVB Austin,ATX,ATX,violet
2161395,2025,2025-04-13T20:00:00.000Z,2344610,Carly DeHoog,Carly,DeHoog,12,2,active,False,False,False,False,False,,False,,False,,,,,,LOVB Austin,ATX,ATX,violet
2161395,2025,2025-04-13T20:00:00.000Z,2344606,Juliann Faucette,Juliann,Faucette,13,3,active,False,False,False,False,False,,False,,False,,,,,,LOVB Austin,ATX,ATX,violet
2161395,2025,2025-04-13T20:00:00.000Z,2344602,Kotoe Inoue,Kotoe,Inoue,15,1,active,True,False,False,True,False,,False,,False,,,,,,LOVB Austin,ATX,ATX,violet
2161395,2025,2025-04-13T20:00:00.000Z,2349176,Madisen Skinner,Madisen,Skinner,16,3,active,False,False,False,False,True,4.0,True,4.0,True,4.0,,,,,LOVB Austin,ATX,ATX,violet
2161395,2025,2025-04-13T20:00:00.000Z,2344605,Anna Haak,Anna,Haak,17,2,active,True,False,False,False,True,5.0,True,5.0,True,5.0,,,,,LOVB Austin,ATX,ATX,violet
2161395,2025,2025-04-13T20:00:00.000Z,2344599,Logan Eggleston,Logan,Eggleston,33,2,active,False,False,False,False,True,2.0,True,2.0,True,2.0,,,,,LOVB Austin,ATX,ATX,violet
2161395,2025,2025-04-13T20:00:00.000Z,2349314,Lexi Rodriguez,Lexi,Rodriguez,1,1,active,False,False,False,False,False,,False,,False,,,,,,LOVB Omaha,OMA,OMA,apple
2161395,2025,2025-04-13T20:00:00.000Z,2344593,Emily Thater,Emily,Thater,2,4,active,False,False,False,False,True,6.0,True,6.0,True,6.0,,,,,LOVB Omaha,OMA,OMA,apple
2161395,2025,2025-04-13T20:00:00.000Z,2344587,Annie Cesar,Annie,Cesar,3,1,active,True,False,False,False,False,,False,,False,,,,,,LOVB Omaha,OMA,OMA,apple
2161395,2025,2025-04-13T20:00:00.000Z,2336972,Justine Wong-Orantes,Justine,Wong-Orantes,4,1,active,False,False,False,True,False,,False,,False,,,,,,LOVB Omaha,OMA,OMA,apple
2161395,2025,2025-04-13T20:00:00.000Z,2344589,Jaali Winters,Jaali,Winters,5,2,active,False,False,False,False,True,2.0,True,2.0,True,2.0,,,,,LOVB Omaha,OMA,OMA,apple
2161395,2025,2025-04-13T20:00:00.000Z,2344590,Vicky Savard,Vicky,Savard,7,2,active,True,False,False,False,False,,False,,False,,,,,,LOVB Omaha,OMA,OMA,apple
2161395,2025,2025-04-13T20:00:00.000Z,2344596,Kimberly Drewniok,Kimberly,Drewniok,8,3,active,True,False,False,False,True,4.0,True,4.0,True,4.0,,,,,LOVB Omaha,OMA,OMA,apple
2161395,2025,2025-04-13T20:00:00.000Z,2336975,Jordan Larson,Jordan,Larson,10,2,active,False,False,True,False,True,5.0,True,5.0,True,5.0,,,,,LOVB Omaha,OMA,OMA,apple
2161395,2025,2025-04-13T20:00:00.000Z,2344591,Amber Stivrins,Amber,Stivrins,11,2,active,False,False,False,False,False,,False,,False,,,,,,LOVB Omaha,OMA,OMA,apple
2161395,2025,2025-04-13T20:00:00.000Z,2344597,Audriana Fitzmorris,Audriana,Fitzmorris,12,3,active,False,False,False,False,False,,False,,False,,,,,,LOVB Omaha,OMA,OMA,apple
2161395,2025,2025-04-13T20:00:00.000Z,2344586,Gabby Blossom,Gabby,Blossom,13,5,active,False,False,False,False,False,,False,,False,,,,,,LOVB Omaha,OMA,OMA,apple
2161395,2025,2025-04-13T20:00:00.000Z,2344585,Laura Dijkema,Laura,Dijkema,14,5,active,True,False,False,False,True,1.0,True,1.0,True,1.0,,,,,LOVB Omaha,OMA,OMA,apple
2161395,2025,2025-04-13T20:00:00.000Z,2344592,Candelaria Herrera,Candelaria,Herrera,17,4,active,True,False,False,False,False,,False,,False,,,,,,LOVB Omaha,OMA,OMA,apple
2161395,2025,2025-04-13T20:00:00.000Z,2431883,Sami Francis,Sami,Francis,18,4,active,False,False,False,False,True,3.0,True,3.0,True,3.0,,,,,LOVB Omaha,OMA,OMA,apple
2161395,2025,2025-04-13T20:00:00.000Z,2417486,Chiamaka Nwokolo,Chiamaka,Nwokolo,23,4,active,False,False,False,False,False,,False,,False,,,,,,LOVB Omaha,OMA,OMA,apple
2161395,2025,2025-04-13T20:00:00.000Z,2344595,Lauren Stivrins,Lauren,Stivrins,26,4,active,False,False,False,False,False,,False,,False,,,,,,LOVB Omaha,OMA,OMA,apple
2161395,2025,2025-04-13T20:00:00.000Z,2344588,Madi Kubik-Banks,Madi,Kubik-Banks,33,2,active,False,False,False,False,False,,False,,False,,,,,,LOVB Omaha,OMA,OMA,apple
2251769,2026,2026-01-07T23:00:00.000Z,2344609,Khat Bell,Khat,Bell,1,3,active,False,False,False,False,False,,False,,False,,False,,False,,LOVB Austin,ATX,ATX,violet
2251769,2026,2026-01-07T23:00:00.000Z,2344604,Leah Hardeman,Leah,Hardeman,2,2,active,False,False,False,False,False,,False,,False,,False,,False,,LOVB Austin,ATX,ATX,violet
2251769,2026,2026-01-07T23:00:00.000Z,2344598,Carli Lloyd,Carli,Lloyd,3,5,active,False,False,False,False,False,,False,,False,,False,,False,,LOVB Austin,ATX,ATX,violet
2251769,2026,2026-01-07T23:00:00.000Z,2344588,Madi Banks,Madi,Banks,4,2,active,False,False,False,False,True,5.0,True,5.0,True,5.0,True,5.0,True,6.0,LOVB Austin,ATX,ATX,violet
2251769,2026,2026-01-07T23:00:00.000Z,2344608,Molly McCage,Molly,McCage,5,4,active,False,False,False,False,True,3.0,True,3.0,False,,False,,False,,LOVB Austin,ATX,ATX,violet
2251769,2026,2026-01-07T23:00:00.000Z,2349176,Madisen Skinner,Madisen,Skinner,6,3,active,False,False,False,False,True,4.0,True,4.0,True,4.0,True,4.0,True,5.0,LOVB Austin,ATX,ATX,violet
2251769,2026,2026-01-07T23:00:00.000Z,2344607,Asjia O'Neal,Asjia,O'Neal,7,4,active,False,False,False,False,True,6.0,True,6.0,True,6.0,True,6.0,True,1.0,LOVB Austin,ATX,ATX,violet
2251769,2026,2026-01-07T23:00:00.000Z,2344601,Zoe Jarvis,Zoe,Jarvis,10,1,active,False,False,False,False,False,,False,,False,,False,,False,,LOVB Austin,ATX,ATX,violet
2251769,2026,2026-01-07T23:00:00.000Z,2494716,Isabella Bergmark,Isabella,Bergmark,11,4,active,False,False,False,False,False,,False,,True,3.0,True,3.0,True,4.0,LOVB Austin,ATX,ATX,violet
2251769,2026,2026-01-07T23:00:00.000Z,2344606,Juliann Faucette,Juliann,Faucette,13,3,active,False,False,True,False,False,,False,,False,,False,,False,,LOVB Austin,ATX,ATX,violet
2251769,2026,2026-01-07T23:00:00.000Z,2344602,Kotoe Inoue,Kotoe,Inoue,15,1,active,False,False,False,True,False,,False,,False,,False,,False,,LOVB Austin,ATX,ATX,violet
2251769,2026,2026-01-07T23:00:00.000Z,2494714,Brie O'Reilly,Brie,O'Reilly,17,5,active,False,False,False,False,True,1.0,True,1.0,True,1.0,True,1.0,True,2.0,LOVB Austin,ATX,ATX,violet
2251769,2026,2026-01-07T23:00:00.000Z,2547939,Bailey Miller,Bailey,Miller,22,2,active,False,False,False,False,False,,False,,False,,False,,False,,LOVB Austin,ATX,ATX,violet
2251769,2026,2026-01-07T23:00:00.000Z,2344599,Logan Eggleston,Logan,Eggleston,33,3,active,False,False,False,False,True,2.0,True,2.0,True,2.0,True,2.0,True,3.0,LOVB Austin,ATX,ATX,violet
2251769,2026,2026-01-07T23:00:00.000Z,2336999,Magdalena Jurczyk,Magdalena,Jurczyk,95,4,active,False,False,False,False,False,,False,,False,,False,,False,,LOVB Austin,ATX,ATX,violet
2251769,2026,2026-01-07T23:00:00.000Z,2349314,Lexi Rodriguez,Lexi,Rodriguez,1,1,active,False,False,False,True,False,,False,,False,,False,,False,,LOVB Nebraska,NEB,NEB,apple
2251769,2026,2026-01-07T23:00:00.000Z,2344593,Emily Thater,Emily,Thater,2,4,active,False,False,False,False,True,4.0,True,3.0,True,4.0,True,3.0,True,6.0,LOVB Nebraska,NEB,NEB,apple
2251769,2026,2026-01-07T23:00:00.000Z,2344587,Annie Cesar,Annie,Cesar,3,1,active,False,False,False,False,False,,False,,False,,False,,False,,LOVB Nebraska,NEB,NEB,apple
2251769,2026,2026-01-07T23:00:00.000Z,2344590,Vicky Savard,Vicky,Savard,4,2,active,False,False,False,False,False,,False,,False,,False,,False,,LOVB Nebraska,NEB,NEB,apple
2251769,2026,2026-01-07T23:00:00.000Z,2344589,Jaali Winters,Jaali,Winters,5,2,active,False,False,False,False,True,3.0,True,2.0,True,3.0,True,2.0,True,2.0,LOVB Nebraska,NEB,NEB,apple
2251769,2026,2026-01-07T23:00:00.000Z,2344596,Kimberly Drewniok,Kimberly,Drewniok,8,3,active,False,False,False,False,True,5.0,True,4.0,True,5.0,True,4.0,True,4.0,LOVB Nebraska,NEB,NEB,apple
2251769,2026,2026-01-07T23:00:00.000Z,2344564,Iga Wasilewska,Iga,Wasilewska,9,4,active,False,False,False,False,False,,False,,False,,False,,False,,LOVB Nebraska,NEB,NEB,apple
2251769,2026,2026-01-07T23:00:00.000Z,2336975,Jordan Larson,Jordan,Larson,10,2,active,False,False,True,False,True,6.0,True,5.0,True,6.0,True,5.0,False,,LOVB Nebraska,NEB,NEB,apple
2251769,2026,2026-01-07T23:00:00.000Z,2494731,Anne Buijs,Anne,Buijs,11,2,active,False,False,False,False,False,,False,,False,,False,,True,5.0,LOVB Nebraska,NEB,NEB,apple
2251769,2026,2026-01-07T23:00:00.000Z,2344597,Audriana Fitzmorris,Audriana,Fitzmorris,12,3,active,False,False,False,False,False,,False,,False,,False,,False,,LOVB Nebraska,NEB,NEB,apple
2251769,2026,2026-01-07T23:00:00.000Z,2344586,Gabby Blossom,Gabby,Blossom,13,5,active,False,False,False,False,False,,False,,False,,False,,False,,LOVB Nebraska,NEB,NEB,apple
2251769,2026,2026-01-07T23:00:00.000Z,2344585,Laura Dijkema,Laura,Dijkema,14,5,active,False,False,False,False,True,2.0,True,1.0,True,2.0,True,1.0,True,1.0,LOVB Nebraska,NEB,NEB,apple
2251769,2026,2026-01-07T23:00:00.000Z,2494733,Ana Carolina Da Silva,Ana Carolina,Da Silva,15,4,active,False,False,False,False,False,,False,,False,,False,,False,,LOVB Nebraska,NEB,NEB,apple
2251769,2026,2026-01-07T23:00:00.000Z,2344592,Candelaria Herrera,Candelaria,Herrera,17,4,active,False,False,False,False,True,1.0,True,6.0,True,1.0,True,6.0,True,3.0,LOVB Nebraska,NEB,NEB,apple
2251769,2026,2026-01-07T23:00:00.000Z,2494732,Alexis Hart,Alexis,Hart,19,2,active,False,False,False,False,False,,False,,False,,False,,False,,LOVB Nebraska,NEB,NEB,apple
2251769,2026,2026-01-07T23:00:00.000Z,2547881,Julia Hanson,Julia,Hanson,22,2,active,False,False,False,False,False,,False,,False,,False,,False,,LOVB Nebraska,NEB,NEB,apple
2251770,2026,2026-01-09T01:00:00.000Z,2344621,Grace Frohling,Grace,Frohling,1,3,active,False,False,False,False,False,,False,,False,,,,,,LOVB Houston,HTX,HTX,brightBlue
2251770,2026,2026-01-09T01:00:00.000Z,2344616,Karin Palgutova,Karin,Palgutova,2,2,active,False,False,False,False,False,,False,,False,,,,,,LOVB Houston,HTX,HTX,brightBlue
2251770,2026,2026-01-09T01:00:00.000Z,2344618,Amber Igiede,Amber,Igiede,3,4,active,False,False,False,False,True,6.0,True,6.0,True,6.0,,,,,LOVB Houston,HTX,HTX,brightBlue
2251770,2026,2026-01-09T01:00:00.000Z,2336972,Justine Wong-Orantes,Justine,Wong-Orantes,4,1,active,False,False,False,False,False,,False,,False,,,,,,LOVB Houston,HTX,HTX,brightBlue
2251770,2026,2026-01-09T01:00:00.000Z,2494722,Lauren Briseño,Lauren,Briseño,5,1,active,False,False,False,False,False,,False,,False,,,,,,LOVB Houston,HTX,HTX,brightBlue
2251770,2026,2026-01-09T01:00:00.000Z,2494723,Jazmine White,Jazmine,White,6,4,active,False,False,False,False,False,,False,,False,,,,,,LOVB Houston,HTX,HTX,brightBlue
2251770,2026,2026-01-09T01:00:00.000Z,2344617,Raphaela Folie,Raphaela,Folie,7,4,active,False,False,False,False,True,3.0,True,3.0,True,3.0,,,,,LOVB Houston,HTX,HTX,brightBlue
2251770,2026,2026-01-09T01:00:00.000Z,2344611,Kaisa Alanko,Kaisa,Alanko,8,5,active,False,False,False,False,True,1.0,True,1.0,True,1.0,,,,,LOVB Houston,HTX,HTX,brightBlue
2251770,2026,2026-01-09T01:00:00.000Z,2344614,Madi Rishel,Madi,Rishel,9,2,active,False,False,False,False,True,2.0,True,2.0,True,2.0,,,,,LOVB Houston,HTX,HTX,brightBlue
2251770,2026,2026-01-09T01:00:00.000Z,2539857,Maya Sands,Maya,Sands,10,1,active,False,False,False,False,False,,False,,False,,,,,,LOVB Houston,HTX,HTX,brightBlue
2251770,2026,2026-01-09T01:00:00.000Z,2344620,Anita Anwusi,Anita,Anwusi,11,4,active,False,False,False,False,False,,False,,False,,,,,,LOVB Houston,HTX,HTX,brightBlue
2251770,2026,2026-01-09T01:00:00.000Z,2336967,Micha Hancock,Micha,Hancock,12,5,active,False,False,True,False,False,,False,,False,,,,,,LOVB Houston,HTX,HTX,brightBlue
2251770,2026,2026-01-09T01:00:00.000Z,2344622,Julia Brown,Julia,Brown,14,2,active,False,False,False,False,False,,False,,False,,,,,,LOVB Houston,HTX,HTX,brightBlue
2251770,2026,2026-01-09T01:00:00.000Z,2344615,Sara Loda,Sara,Loda,17,2,active,False,False,False,False,False,,False,,False,,,,,,LOVB Houston,HTX,HTX,brightBlue
2251770,2026,2026-01-09T01:00:00.000Z,2549003,Logan Lednicky,Logan,Lednicky,18,3,active,False,False,False,False,False,,False,,False,,,,,,LOVB Houston,HTX,HTX,brightBlue
2251770,2026,2026-01-09T01:00:00.000Z,2349315,Jess Mruzik,Jess,Mruzik,19,2,active,False,False,False,False,True,5.0,True,5.0,True,5.0,,,,,LOVB Houston,HTX,HTX,brightBlue
2251770,2026,2026-01-09T01:00:00.000Z,2336977,Jordan Thompson,Jordan,Thompson,23,3,active,False,False,False,False,True,4.0,True,4.0,True,4.0,,,,,LOVB Houston,HTX,HTX,brightBlue
2251770,2026,2026-01-09T01:00:00.000Z,2336969,Jordyn Poulter,Jordyn,Poulter,1,5,active,False,False,True,False,True,6.0,True,6.0,True,6.0,,,,,LOVB Salt Lake,SLC,SLC,brightYellow
2251770,2026,2026-01-09T01:00:00.000Z,2549041,Ifenna Cos-Okpalla,Ifenna,Cos-Okpalla,2,4,active,False,False,False,False,False,,False,,False,,,,,,LOVB Salt Lake,SLC,SLC,brightYellow
2251770,2026,2026-01-09T01:00:00.000Z,2344545,Dani Drews,Dani,Drews,3,2,active,False,False,False,False,False,,False,,False,,,,,,LOVB Salt Lake,SLC,SLC,brightYellow
2251770,2026,2026-01-09T01:00:00.000Z,2344547,Maddie Haynes,Maddie,Haynes,4,2,active,False,False,False,False,False,,False,,False,,,,,,LOVB Salt Lake,SLC,SLC,brightYellow
2251770,2026,2026-01-09T01:00:00.000Z,2344554,Skylar Fields,Skylar,Fields,5,3,active,False,False,False,False,False,,False,,False,,,,,,LOVB Salt Lake,SLC,SLC,brightYellow
2251770,2026,2026-01-09T01:00:00.000Z,2344551,Tori Dixon,Tori,Dixon,6,4,active,False,False,False,False,True,5.0,True,5.0,True,5.0,,,,,LOVB Salt Lake,SLC,SLC,brightYellow
2251770,2026,2026-01-09T01:00:00.000Z,2349080,Sophie Fischer,Sophie,Fischer,7,4,active,False,False,False,False,False,,False,,False,,,,,,LOVB Salt Lake,SLC,SLC,brightYellow
2251770,2026,2026-01-09T01:00:00.000Z,2494734,Alexa Gray,Alexa,Gray,9,2,active,False,False,False,False,True,1.0,True,1.0,True,1.0,,,,,LOVB Salt Lake,SLC,SLC,brightYellow
2251770,2026,2026-01-09T01:00:00.000Z,2344427,Madi Bugg,Madi,Bugg,10,5,active,False,False,False,False,False,,False,,False,,,,,,LOVB Salt Lake,SLC,SLC,brightYellow
2251770,2026,2026-01-09T01:00:00.000Z,2344550,Serena Gray,Serena,Gray,11,4,active,False,False,False,False,True,2.0,True,2.0,True,2.0,,,,,LOVB Salt Lake,SLC,SLC,brightYellow
2251770,2026,2026-01-09T01:00:00.000Z,2344546,Roni Jones-Perry,Roni,Jones-Perry,12,2,active,False,False,False,False,False,,False,,False,,,,,,LOVB Salt Lake,SLC,SLC,brightYellow
2251770,2026,2026-01-09T01:00:00.000Z,2336979,Haleigh Washington,Haleigh,Washington,15,4,active,False,False,False,False,False,,False,,False,,,,,,LOVB Salt Lake,SLC,SLC,brightYellow
2251770,2026,2026-01-09T01:00:00.000Z,2342469,Manami Kojima,Manami,Kojima,16,1,active,False,False,False,False,False,,False,,False,,,,,,LOVB Salt Lake,SLC,SLC,brightYellow
2251770,2026,2026-01-09T01:00:00.000Z,2344544,Mary Lake,Mary,Lake,18,1,active,False,False,False,False,False,,False,,False,,,,,,LOVB Salt Lake,SLC,SLC,brightYellow
2251770,2026,2026-01-09T01:00:00.000Z,2344548,Claire Hoffman,Claire,Hoffman,21,2,active,False,False,False,False,True,4.0,True,4.0,True,4.0,,,,,LOVB Salt Lake,SLC,SLC,brightYellow
2251770,2026,2026-01-09T01:00:00.000Z,2344553,Heidy Casanova,Heidy,Casanova,33,3,active,False,False,False,False,True,3.0,True,3.0,True,3.0,,,,,LOVB Salt Lake,SLC,SLC,brightYellow
2251771,2026,2026-01-10T22:00:00.000Z,2494725,Indre Sorokaite,Indre,Sorokaite,1,2,active,False,False,False,False,False,,False,,False,,,,,,LOVB Madison,MAD,MAD,babyBlue
2251771,2026,2026-01-10T22:00:00.000Z,2342510,Anna Hall,Anna,Hall,2,4,active,False,False,False,False,False,,False,,False,,,,,,LOVB Madison,MAD,MAD,babyBlue
2251771,2026,2026-01-10T22:00:00.000Z,2344581,Mariena Hayden,Mariena,Hayden,3,2,active,False,False,False,False,False,,False,,False,,,,,,LOVB Madison,MAD,MAD,babyBlue
2251771,2026,2026-01-10T22:00:00.000Z,2344577,Milica Medved,Milica,Medved,4,1,active,False,False,False,True,False,,False,,False,,,,,,LOVB Madison,MAD,MAD,babyBlue
2251771,2026,2026-01-10T22:00:00.000Z,2547943,Rebekah Allick,Rebekah,Allick,5,4,active,False,False,False,False,False,,False,,True,1.0,,,,,LOVB Madison,MAD,MAD,babyBlue
2251771,2026,2026-01-10T22:00:00.000Z,2494729,Gong Xiangyu,Gong,Xiangyu,6,3,active,False,False,False,False,True,2.0,True,1.0,True,2.0,,,,,LOVB Madison,MAD,MAD,babyBlue
2251771,2026,2026-01-10T22:00:00.000Z,2342508,Lauren Carlini,Lauren,Carlini,7,5,active,False,False,True,False,True,5.0,True,4.0,True,5.0,,,,,LOVB Madison,MAD,MAD,babyBlue
2251771,2026,2026-01-10T22:00:00.000Z,2494724,Argentina Ung,Argentina,Ung,8,5,active,False,False,False,False,False,,False,,False,,,,,,LOVB Madison,MAD,MAD,babyBlue
2251771,2026,2026-01-10T22:00:00.000Z,2344580,Claire Chaussee,Claire,Chaussee,9,2,active,False,False,False,False,False,,False,,False,,,,,,LOVB Madison,MAD,MAD,babyBlue
2251771,2026,2026-01-10T22:00:00.000Z,2494727,Annayka Legros,Annayka,Legros,10,4,active,False,False,False,False,True,1.0,True,6.0,False,,,,,,LOVB Madison,MAD,MAD,babyBlue
2251771,2026,2026-01-10T22:00:00.000Z,2344612,Anna Pogany,Anna,Pogany,11,1,active,False,False,False,True,False,,False,,False,,,,,,LOVB Madison,MAD,MAD,babyBlue
2251771,2026,2026-01-10T22:00:00.000Z,2344582,Temi Thomas-Ailara,Temi,Thomas-Ailara,12,3,active,False,False,False,False,True,3.0,True,2.0,True,3.0,,,,,LOVB Madison,MAD,MAD,babyBlue
2251771,2026,2026-01-10T22:00:00.000Z,2344605,Anna Haak,Anna,Haak,17,2,active,False,False,False,False,True,6.0,True,5.0,True,6.0,,,,,LOVB Madison,MAD,MAD,babyBlue
2251771,2026,2026-01-10T22:00:00.000Z,2494726,Andrea Mitrovic,Andrea,Mitrovic,21,2,active,False,False,False,False,False,,False,,False,,,,,,LOVB Madison,MAD,MAD,babyBlue
2251771,2026,2026-01-10T22:00:00.000Z,2494728,Callie Schwarzenbach,Callie,Schwarzenbach,25,4,active,False,False,False,False,True,4.0,True,3.0,True,4.0,,,,,LOVB Madison,MAD,MAD,babyBlue
2251771,2026,2026-01-10T22:00:00.000Z,2349077,Ana B Correa,Ana B,Correa,27,4,active,False,False,False,False,False,,False,,False,,,,,,LOVB Madison,MAD,MAD,babyBlue
2251771,2026,2026-01-10T22:00:00.000Z,2336969,Jordyn Poulter,Jordyn,Poulter,1,5,active,False,False,True,False,True,1.0,True,6.0,True,3.0,,,,,LOVB Salt Lake,SLC,SLC,brightYellow
2251771,2026,2026-01-10T22:00:00.000Z,2549041,Ifenna Cos-Okpalla,Ifenna,Cos-Okpalla,2,4,active,False,False,False,False,False,,False,,False,,,,,,LOVB Salt Lake,SLC,SLC,brightYellow
2251771,2026,2026-01-10T22:00:00.000Z,2344545,Dani Drews,Dani,Drews,3,2,active,False,False,False,False,False,,False,,False,,,,,,LOVB Salt Lake,SLC,SLC,brightYellow
2251771,2026,2026-01-10T22:00:00.000Z,2344547,Maddie Haynes,Maddie,Haynes,4,2,active,False,False,False,False,False,,False,,False,,,,,,LOVB Salt Lake,SLC,SLC,brightYellow
2251771,2026,2026-01-10T22:00:00.000Z,2344554,Skylar Fields,Skylar,Fields,5,3,active,False,False,False,False,True,4.0,True,3.0,False,,,,,,LOVB Salt Lake,SLC,SLC,brightYellow
2251771,2026,2026-01-10T22:00:00.000Z,2344551,Tori Dixon,Tori,Dixon,6,4,active,False,False,False,False,False,,False,,True,2.0,,,,,LOVB Salt Lake,SLC,SLC,brightYellow
2251771,2026,2026-01-10T22:00:00.000Z,2349080,Sophie Fischer,Sophie,Fischer,7,4,active,False,False,False,False,True,6.0,True,5.0,False,,,,,,LOVB Salt Lake,SLC,SLC,brightYellow
2251771,2026,2026-01-10T22:00:00.000Z,2494734,Alexa Gray,Alexa,Gray,9,2,active,False,False,False,False,False,,False,,True,4.0,,,,,LOVB Salt Lake,SLC,SLC,brightYellow
2251771,2026,2026-01-10T22:00:00.000Z,2344427,Madi Bugg,Madi,Bugg,10,5,active,False,False,False,False,False,,False,,False,,,,,,LOVB Salt Lake,SLC,SLC,brightYellow
2251771,2026,2026-01-10T22:00:00.000Z,2344550,Serena Gray,Serena,Gray,11,4,active,False,False,False,False,True,3.0,True,2.0,True,5.0,,,,,LOVB Salt Lake,SLC,SLC,brightYellow
2251771,2026,2026-01-10T22:00:00.000Z,2344546,Roni Jones-Perry,Roni,Jones-Perry,12,2,active,False,False,False,False,True,2.0,True,1.0,False,,,,,,LOVB Salt Lake,SLC,SLC,brightYellow
2251771,2026,2026-01-10T22:00:00.000Z,2336979,Haleigh Washington,Haleigh,Washington,15,4,active,False,False,False,False,False,,False,,False,,,,,,LOVB Salt Lake,SLC,SLC,brightYellow
2251771,2026,2026-01-10T22:00:00.000Z,2342469,Manami Kojima,Manami,Kojima,16,1,active,False,False,False,True,False,,False,,False,,,,,,LOVB Salt Lake,SLC,SLC,brightYellow
2251771,2026,2026-01-10T22:00:00.000Z,2344544,Mary Lake,Mary,Lake,18,1,active,False,False,False,True,False,,False,,False,,,,,,LOVB Salt Lake,SLC,SLC,brightYellow
2251771,2026,2026-01-10T22:00:00.000Z,2344548,Claire Hoffman,Claire,Hoffman,21,2,active,False,False,False,False,True,5.0,True,4.0,True,1.0,,,,,LOVB Salt Lake,SLC,SLC,brightYellow
2251771,2026,2026-01-10T22:00:00.000Z,2344553,Heidy Casanova,Heidy,Casanova,33,3,active,False,False,False,False,False,,False,,True,6.0,,,,,LOVB Salt Lake,SLC,SLC,brightYellow
2251773,2026,2026-01-11T21:00:00.000Z,2349314,Lexi Rodriguez,Lexi,Rodriguez,1,1,active,False,False,False,False,False,,False,,False,,False,,False,,LOVB Nebraska,NEB,NEB,apple
2251773,2026,2026-01-11T21:00:00.000Z,2344593,Emily Thater,Emily,Thater,2,4,active,False,False,False,False,True,2.0,True,2.0,False,,False,,False,,LOVB Nebraska,NEB,NEB,apple
2251773,2026,2026-01-11T21:00:00.000Z,2344587,Annie Cesar,Annie,Cesar,3,1,active,False,False,False,False,False,,False,,False,,False,,False,,LOVB Nebraska,NEB,NEB,apple
2251773,2026,2026-01-11T21:00:00.000Z,2344590,Vicky Savard,Vicky,Savard,4,2,active,False,False,False,False,False,,False,,False,,False,,False,,LOVB Nebraska,NEB,NEB,apple
2251773,2026,2026-01-11T21:00:00.000Z,2344589,Jaali Winters,Jaali,Winters,5,2,active,False,False,False,False,False,,False,,False,,False,,False,,LOVB Nebraska,NEB,NEB,apple
2251773,2026,2026-01-11T21:00:00.000Z,2344596,Kimberly Drewniok,Kimberly,Drewniok,8,3,active,False,False,False,False,True,3.0,True,3.0,True,4.0,True,3.0,True,4.0,LOVB Nebraska,NEB,NEB,apple
2251773,2026,2026-01-11T21:00:00.000Z,2344564,Iga Wasilewska,Iga,Wasilewska,9,4,active,False,False,False,False,False,,False,,False,,False,,False,,LOVB Nebraska,NEB,NEB,apple
2251773,2026,2026-01-11T21:00:00.000Z,2336975,Jordan Larson,Jordan,Larson,10,2,active,False,False,True,False,True,1.0,True,1.0,True,2.0,True,1.0,True,2.0,LOVB Nebraska,NEB,NEB,apple
2251773,2026,2026-01-11T21:00:00.000Z,2494731,Anne Buijs,Anne,Buijs,11,2,active,False,False,False,False,True,4.0,True,4.0,True,5.0,True,4.0,True,5.0,LOVB Nebraska,NEB,NEB,apple
2251773,2026,2026-01-11T21:00:00.000Z,2344597,Audriana Fitzmorris,Audriana,Fitzmorris,12,3,active,False,False,False,False,False,,False,,False,,False,,False,,LOVB Nebraska,NEB,NEB,apple
2251773,2026,2026-01-11T21:00:00.000Z,2344586,Gabby Blossom,Gabby,Blossom,13,5,active,False,False,False,False,False,,False,,False,,False,,False,,LOVB Nebraska,NEB,NEB,apple
2251773,2026,2026-01-11T21:00:00.000Z,2344585,Laura Dijkema,Laura,Dijkema,14,5,active,False,False,False,False,True,6.0,True,6.0,True,1.0,True,6.0,True,1.0,LOVB Nebraska,NEB,NEB,apple
2251773,2026,2026-01-11T21:00:00.000Z,2494733,Ana Carolina Da Silva,Ana Carolina,Da Silva,15,4,active,False,False,False,False,True,5.0,True,5.0,True,6.0,True,5.0,True,6.0,LOVB Nebraska,NEB,NEB,apple
2251773,2026,2026-01-11T21:00:00.000Z,2344592,Candelaria Herrera,Candelaria,Herrera,17,4,active,False,False,False,False,False,,False,,True,3.0,True,2.0,True,3.0,LOVB Nebraska,NEB,NEB,apple
2251773,2026,2026-01-11T21:00:00.000Z,2494732,Alexis Hart,Alexis,Hart,19,2,active,False,False,False,False,False,,False,,False,,False,,False,,LOVB Nebraska,NEB,NEB,apple
2251773,2026,2026-01-11T21:00:00.000Z,2547881,Julia Hanson,Julia,Hanson,22,2,active,False,False,False,False,False,,False,,False,,False,,False,,LOVB Nebraska,NEB,NEB,apple
2251773,2026,2026-01-11T21:00:00.000Z,2344621,Grace Frohling,Grace,Frohling,1,3,active,False,False,False,False,False,,False,,False,,False,,False,,LOVB Houston,HTX,HTX,brightBlue
2251773,2026,2026-01-11T21:00:00.000Z,2344616,Karin Palgutova,Karin,Palgutova,2,2,active,False,False,False,False,False,,False,,False,,True,2.0,True,2.0,LOVB Houston,HTX,HTX,brightBlue
2251773,2026,2026-01-11T21:00:00.000Z,2344618,Amber Igiede,Amber,Igiede,3,4,active,False,False,False,False,True,6.0,True,6.0,True,6.0,True,6.0,True,3.0,LOVB Houston,HTX,HTX,brightBlue
2251773,2026,2026-01-11T21:00:00.000Z,2336972,Justine Wong-Orantes,Justine,Wong-Orantes,4,1,active,False,False,False,False,False,,False,,False,,False,,False,,LOVB Houston,HTX,HTX,brightBlue
2251773,2026,2026-01-11T21:00:00.000Z,2494722,Lauren Briseño,Lauren,Briseño,5,1,active,False,False,False,False,False,,False,,False,,False,,False,,LOVB Houston,HTX,HTX,brightBlue
2251773,2026,2026-01-11T21:00:00.000Z,2494723,Jazmine White,Jazmine,White,6,4,active,False,False,False,False,False,,False,,False,,False,,True,6.0,LOVB Houston,HTX,HTX,brightBlue
2251773,2026,2026-01-11T21:00:00.000Z,2344617,Raphaela Folie,Raphaela,Folie,7,4,active,False,False,False,False,True,3.0,True,3.0,True,3.0,True,3.0,False,,LOVB Houston,HTX,HTX,brightBlue
2251773,2026,2026-01-11T21:00:00.000Z,2344611,Kaisa Alanko,Kaisa,Alanko,8,5,active,False,False,False,False,True,1.0,True,1.0,False,,False,,False,,LOVB Houston,HTX,HTX,brightBlue
2251773,2026,2026-01-11T21:00:00.000Z,2344614,Madi Rishel,Madi,Rishel,9,2,active,False,False,False,False,True,2.0,True,2.0,True,2.0,False,,False,,LOVB Houston,HTX,HTX,brightBlue
2251773,2026,2026-01-11T21:00:00.000Z,2539857,Maya Sands,Maya,Sands,10,1,active,False,False,False,False,False,,False,,False,,False,,False,,LOVB Houston,HTX,HTX,brightBlue
2251773,2026,2026-01-11T21:00:00.000Z,2344620,Anita Anwusi,Anita,Anwusi,11,4,active,False,False,False,False,False,,False,,False,,False,,False,,LOVB Houston,HTX,HTX,brightBlue
2251773,2026,2026-01-11T21:00:00.000Z,2336967,Micha Hancock,Micha,Hancock,12,5,active,False,False,True,False,False,,False,,True,1.0,True,1.0,True,1.0,LOVB Houston,HTX,HTX,brightBlue
2251773,2026,2026-01-11T21:00:00.000Z,2344622,Julia Brown,Julia,Brown,14,2,active,False,False,False,False,False,,False,,False,,False,,False,,LOVB Houston,HTX,HTX,brightBlue
2251773,2026,2026-01-11T21:00:00.000Z,2344615,Sara Loda,Sara,Loda,17,2,active,False,False,False,False,False,,False,,False,,False,,False,,LOVB Houston,HTX,HTX,brightBlue
2251773,2026,2026-01-11T21:00:00.000Z,2549003,Logan Lednicky,Logan,Lednicky,18,3,active,False,False,False,False,False,,False,,False,,False,,False,,LOVB Houston,HTX,HTX,brightBlue
2251773,2026,2026-01-11T21:00:00.000Z,2349315,Jess Mruzik,Jess,Mruzik,19,2,active,False,False,False,False,True,5.0,True,5.0,True,5.0,True,5.0,True,5.0,LOVB Houston,HTX,HTX,brightBlue
2251773,2026,2026-01-11T21:00:00.000Z,2336977,Jordan Thompson,Jordan,Thompson,23,3,active,False,False,False,False,True,4.0,True,4.0,True,4.0,True,4.0,True,4.0,LOVB Houston,HTX,HTX,brightBlue
2251774,2026,2026-01-15T01:00:00.000Z,2344566,Piyanut Pannoy,Piyanut,Pannoy,2,1,active,False,False,False,False,False,,False,,False,,False,,,,LOVB Atlanta,ATL,ATL,hotPink
2251774,2026,2026-01-15T01:00:00.000Z,2494718,Miroslava Paskova,Miroslava,Paskova,6,2,active,False,False,False,False,True,1.0,False,,False,,False,,,,LOVB Atlanta,ATL,ATL,hotPink
2251774,2026,2026-01-15T01:00:00.000Z,2494717,Ella May Powell,Ella May,Powell,7,5,active,False,False,False,False,False,,False,,False,,False,,,,LOVB Atlanta,ATL,ATL,hotPink
2251774,2026,2026-01-15T01:00:00.000Z,2351343,Rachel Fairbanks,Rachel,Fairbanks,10,5,active,False,False,False,False,True,6.0,True,6.0,True,6.0,True,6.0,,,LOVB Atlanta,ATL,ATL,hotPink
2251774,2026,2026-01-15T01:00:00.000Z,2349081,Onye Ofoegbu,Onye,Ofoegbu,11,4,active,False,False,False,False,False,,False,,False,,False,,,,LOVB Atlanta,ATL,ATL,hotPink
2251774,2026,2026-01-15T01:00:00.000Z,2344610,Carly DeHoog,Carly,DeHoog,12,3,active,False,False,False,False,False,,False,,False,,False,,,,LOVB Atlanta,ATL,ATL,hotPink
2251774,2026,2026-01-15T01:00:00.000Z,2344425,McKenzie Adams,McKenzie,Adams,13,2,active,False,False,False,False,True,4.0,True,4.0,True,4.0,True,4.0,,,LOVB Atlanta,ATL,ATL,hotPink
2251774,2026,2026-01-15T01:00:00.000Z,2344570,Tia Jimerson,Tia,Jimerson,14,4,active,False,False,False,False,True,2.0,True,2.0,True,2.0,True,2.0,,,LOVB Atlanta,ATL,ATL,hotPink
2251774,2026,2026-01-15T01:00:00.000Z,2344573,Magdalena Jehlarova,Magdalena,Jehlarova,15,4,active,False,False,False,False,True,5.0,True,5.0,True,5.0,True,5.0,,,LOVB Atlanta,ATL,ATL,hotPink
2251774,2026,2026-01-15T01:00:00.000Z,2344567,Beatrice Negretti,Beatrice,Negretti,16,1,active,False,False,False,True,False,,False,,False,,False,,,,LOVB Atlanta,ATL,ATL,hotPink
2251774,2026,2026-01-15T01:00:00.000Z,2344574,Tessa Grubbs,Tessa,Grubbs,17,3,active,False,False,False,False,True,3.0,True,3.0,True,3.0,True,3.0,,,LOVB Atlanta,ATL,ATL,hotPink
2251774,2026,2026-01-15T01:00:00.000Z,2494721,Ivonee Montaño,Ivonee,Montaño,18,3,active,False,False,False,False,False,,False,,False,,False,,,,LOVB Atlanta,ATL,ATL,hotPink
2251774,2026,2026-01-15T01:00:00.000Z,2494720,Jess Robinson,Jess,Robinson,19,4,active,False,False,False,False,False,,False,,False,,False,,,,LOVB Atlanta,ATL,ATL,hotPink
2251774,2026,2026-01-15T01:00:00.000Z,2494719,Julia Sangiacomo,Julia,Sangiacomo,22,2,active,False,False,False,False,False,,False,,False,,False,,,,LOVB Atlanta,ATL,ATL,hotPink
2251774,2026,2026-01-15T01:00:00.000Z,2342511,Kelsey Cook,Kelsey,Cook,23,2,active,False,False,True,False,False,,False,,False,,False,,,,LOVB Atlanta,ATL,ATL,hotPink
2251774,2026,2026-01-15T01:00:00.000Z,2548999,Eva Hudson,Eva,Hudson,27,2,active,False,False,False,False,False,,True,1.0,True,1.0,True,1.0,,,LOVB Atlanta,ATL,ATL,hotPink
2251774,2026,2026-01-15T01:00:00.000Z,2344609,Khat Bell,Khat,Bell,1,3,active,False,False,False,False,False,,False,,False,,False,,,,LOVB Austin,ATX,ATX,cornflowerBlue
2251774,2026,2026-01-15T01:00:00.000Z,2344604,Leah Hardeman,Leah,Hardeman,2,2,active,False,False,False,False,False,,True,2.0,False,,False,,,,LOVB Austin,ATX,ATX,cornflowerBlue
2251774,2026,2026-01-15T01:00:00.000Z,2344598,Carli Lloyd,Carli,Lloyd,3,5,active,False,False,False,False,False,,False,,True,4.0,True,4.0,,,LOVB Austin,ATX,ATX,cornflowerBlue
2251774,2026,2026-01-15T01:00:00.000Z,2344588,Madi Banks,Madi,Banks,4,2,active,False,False,False,False,True,6.0,True,5.0,True,2.0,True,2.0,,,LOVB Austin,ATX,ATX,cornflowerBlue
2251774,2026,2026-01-15T01:00:00.000Z,2344608,Molly McCage,Molly,McCage,5,4,active,False,False,False,False,False,,False,,False,,False,,,,LOVB Austin,ATX,ATX,cornflowerBlue
2251774,2026,2026-01-15T01:00:00.000Z,2349176,Madisen Skinner,Madisen,Skinner,6,3,active,False,False,False,False,True,5.0,True,4.0,True,1.0,False,,,,LOVB Austin,ATX,ATX,cornflowerBlue
2251774,2026,2026-01-15T01:00:00.000Z,2344607,Asjia O'Neal,Asjia,O'Neal,7,4,active,False,False,False,False,True,1.0,True,6.0,True,3.0,True,3.0,,,LOVB Austin,ATX,ATX,cornflowerBlue
2251774,2026,2026-01-15T01:00:00.000Z,2344601,Zoe Jarvis,Zoe,Jarvis,10,1,active,False,False,False,True,False,,False,,False,,False,,,,LOVB Austin,ATX,ATX,cornflowerBlue
2251774,2026,2026-01-15T01:00:00.000Z,2494716,Isabella Bergmark,Isabella,Bergmark,11,4,active,False,False,False,False,True,4.0,True,3.0,False,,False,,,,LOVB Austin,ATX,ATX,cornflowerBlue
2251774,2026,2026-01-15T01:00:00.000Z,2344606,Juliann Faucette,Juliann,Faucette,13,3,active,False,False,True,False,False,,False,,False,,True,1.0,,,LOVB Austin,ATX,ATX,cornflowerBlue
2251774,2026,2026-01-15T01:00:00.000Z,2344602,Kotoe Inoue,Kotoe,Inoue,15,1,active,False,False,False,True,False,,False,,False,,False,,,,LOVB Austin,ATX,ATX,cornflowerBlue
2251774,2026,2026-01-15T01:00:00.000Z,2494714,Brie O'Reilly,Brie,O'Reilly,17,5,active,False,False,False,False,True,2.0,True,1.0,False,,False,,,,LOVB Austin,ATX,ATX,cornflowerBlue
2251774,2026,2026-01-15T01:00:00.000Z,2547939,Bailey Miller,Bailey,Miller,22,2,active,False,False,False,False,False,,False,,False,,False,,,,LOVB Austin,ATX,ATX,cornflowerBlue
2251774,2026,2026-01-15T01:00:00.000Z,2344599,Logan Eggleston,Logan,Eggleston,33,2,active,False,False,False,False,True,3.0,False,,True,5.0,True,5.0,,,LOVB Austin,ATX,ATX,cornflowerBlue
2251774,2026,2026-01-15T01:00:00.000Z,2336999,Magdalena Jurczyk,Magdalena,Jurczyk,95,4,active,False,False,False,False,False,,False,,True,6.0,True,6.0,,,LOVB Austin,ATX,ATX,cornflowerBlue
2251775,2026,2026-01-17T01:00:00.000Z,2494725,Indre Sorokaite,Indre,Sorokaite,1,2,active,False,False,False,False,False,,False,,False,,False,,,,LOVB Madison,MAD,MAD,brightBlue
2251775,2026,2026-01-17T01:00:00.000Z,2342510,Anna Hall,Anna,Hall,2,4,active,False,False,False,False,False,,False,,False,,False,,,,LOVB Madison,MAD,MAD,brightBlue
2251775,2026,2026-01-17T01:00:00.000Z,2344581,Mariena Hayden,Mariena,Hayden,3,2,active,False,False,False,False,False,,False,,False,,False,,,,LOVB Madison,MAD,MAD,brightBlue
2251775,2026,2026-01-17T01:00:00.000Z,2344577,Milica Medved,Milica,Medved,4,1,active,False,False,False,True,False,,False,,False,,False,,,,LOVB Madison,MAD,MAD,brightBlue
2251775,2026,2026-01-17T01:00:00.000Z,2547943,Rebekah Allick,Rebekah,Allick,5,4,active,False,False,False,False,False,,False,,True,6.0,True,1.0,,,LOVB Madison,MAD,MAD,brightBlue
2251775,2026,2026-01-17T01:00:00.000Z,2494729,Gong Xiangyu,Gong,Xiangyu,6,3,active,False,False,False,False,True,1.0,True,2.0,True,1.0,True,2.0,,,LOVB Madison,MAD,MAD,brightBlue
2251775,2026,2026-01-17T01:00:00.000Z,2342508,Lauren Carlini,Lauren,Carlini,7,5,active,False,False,True,False,True,4.0,True,5.0,True,4.0,True,5.0,,,LOVB Madison,MAD,MAD,brightBlue
2251775,2026,2026-01-17T01:00:00.000Z,2494724,Argentina Ung,Argentina,Ung,8,5,active,False,False,False,False,False,,False,,False,,False,,,,LOVB Madison,MAD,MAD,brightBlue
2251775,2026,2026-01-17T01:00:00.000Z,2344580,Claire Chaussee,Claire,Chaussee,9,2,active,False,False,False,False,False,,False,,False,,False,,,,LOVB Madison,MAD,MAD,brightBlue
2251775,2026,2026-01-17T01:00:00.000Z,2494727,Annayka Legros,Annayka,Legros,10,4,active,False,False,False,False,True,6.0,True,1.0,False,,False,,,,LOVB Madison,MAD,MAD,brightBlue
2251775,2026,2026-01-17T01:00:00.000Z,2344612,Anna Pogany,Anna,Pogany,11,1,active,False,False,False,False,False,,False,,False,,False,,,,LOVB Madison,MAD,MAD,brightBlue
2251775,2026,2026-01-17T01:00:00.000Z,2344582,Temi Thomas-Ailara,Temi,Thomas-Ailara,12,3,active,False,False,False,False,True,2.0,True,3.0,True,2.0,True,3.0,,,LOVB Madison,MAD,MAD,brightBlue
2251775,2026,2026-01-17T01:00:00.000Z,2344605,Anna Haak,Anna,Haak,17,2,active,False,False,False,False,True,5.0,True,6.0,True,5.0,True,6.0,,,LOVB Madison,MAD,MAD,brightBlue
2251775,2026,2026-01-17T01:00:00.000Z,2494726,Andrea Mitrovic,Andrea,Mitrovic,21,2,active,False,False,False,False,False,,False,,False,,False,,,,LOVB Madison,MAD,MAD,brightBlue
2251775,2026,2026-01-17T01:00:00.000Z,2494728,Callie Schwarzenbach,Callie,Schwarzenbach,25,4,active,False,False,False,False,True,3.0,True,4.0,True,3.0,True,4.0,,,LOVB Madison,MAD,MAD,brightBlue
2251775,2026,2026-01-17T01:00:00.000Z,2349077,Ana B Correa,Ana B,Correa,27,4,active,False,False,False,False,False,,False,,False,,False,,,,LOVB Madison,MAD,MAD,brightBlue
2251775,2026,2026-01-17T01:00:00.000Z,2349314,Lexi Rodriguez,Lexi,Rodriguez,1,1,active,False,False,False,True,False,,False,,False,,False,,,,LOVB Nebraska,NEB,NEB,apple
2251775,2026,2026-01-17T01:00:00.000Z,2344593,Emily Thater,Emily,Thater,2,4,active,False,False,False,False,False,,False,,False,,True,5.0,,,LOVB Nebraska,NEB,NEB,apple
2251775,2026,2026-01-17T01:00:00.000Z,2344587,Annie Cesar,Annie,Cesar,3,1,active,False,False,False,False,False,,False,,False,,False,,,,LOVB Nebraska,NEB,NEB,apple
2251775,2026,2026-01-17T01:00:00.000Z,2344590,Vicky Savard,Vicky,Savard,4,2,active,False,False,False,False,False,,False,,False,,False,,,,LOVB Nebraska,NEB,NEB,apple
2251775,2026,2026-01-17T01:00:00.000Z,2344589,Jaali Winters,Jaali,Winters,5,2,active,False,False,False,False,False,,True,1.0,True,2.0,True,1.0,,,LOVB Nebraska,NEB,NEB,apple
2251775,2026,2026-01-17T01:00:00.000Z,2344596,Kimberly Drewniok,Kimberly,Drewniok,8,3,active,False,False,False,False,True,4.0,True,3.0,True,4.0,False,,,,LOVB Nebraska,NEB,NEB,apple
2251775,2026,2026-01-17T01:00:00.000Z,2344564,Iga Wasilewska,Iga,Wasilewska,9,4,active,False,False,False,False,False,,False,,False,,False,,,,LOVB Nebraska,NEB,NEB,apple
2251775,2026,2026-01-17T01:00:00.000Z,2336975,Jordan Larson,Jordan,Larson,10,2,active,False,False,True,False,True,2.0,False,,False,,True,4.0,,,LOVB Nebraska,NEB,NEB,apple
2251775,2026,2026-01-17T01:00:00.000Z,2494731,Anne Buijs,Anne,Buijs,11,2,active,False,False,False,False,True,5.0,True,4.0,True,5.0,False,,,,LOVB Nebraska,NEB,NEB,apple
2251775,2026,2026-01-17T01:00:00.000Z,2344597,Audriana Fitzmorris,Audriana,Fitzmorris,12,3,active,False,False,False,False,False,,False,,False,,False,,,,LOVB Nebraska,NEB,NEB,apple
2251775,2026,2026-01-17T01:00:00.000Z,2344586,Gabby Blossom,Gabby,Blossom,13,5,active,False,False,False,False,False,,False,,False,,False,,,,LOVB Nebraska,NEB,NEB,apple
2251775,2026,2026-01-17T01:00:00.000Z,2344585,Laura Dijkema,Laura,Dijkema,14,5,active,False,False,False,False,True,1.0,True,6.0,True,1.0,True,6.0,,,LOVB Nebraska,NEB,NEB,apple
2251775,2026,2026-01-17T01:00:00.000Z,2494733,Ana Carolina Da Silva,Ana Carolina,Da Silva,15,4,active,False,False,False,False,True,3.0,True,2.0,True,3.0,False,,,,LOVB Nebraska,NEB,NEB,apple
2251775,2026,2026-01-17T01:00:00.000Z,2344592,Candelaria Herrera,Candelaria,Herrera,17,4,active,False,False,False,False,True,6.0,True,5.0,True,6.0,True,2.0,,,LOVB Nebraska,NEB,NEB,apple
2251775,2026,2026-01-17T01:00:00.000Z,2494732,Alexis Hart,Alexis,Hart,19,2,active,False,False,False,False,False,,False,,False,,True,3.0,,,LOVB Nebraska,NEB,NEB,apple
2251775,2026,2026-01-17T01:00:00.000Z,2547881,Julia Hanson,Julia,Hanson,22,2,active,False,False,False,False,False,,False,,False,,False,,,,LOVB Nebraska,NEB,NEB,apple
2251776,2026,2026-01-18T23:00:00.000Z,2349314,Lexi Rodriguez,Lexi,Rodriguez,1,1,active,False,False,False,False,False,,False,,False,,,,,,LOVB Nebraska,NEB,NEB,apple
2251776,2026,2026-01-18T23:00:00.000Z,2344593,Emily Thater,Emily,Thater,2,4,active,False,False,False,False,True,6.0,True,6.0,True,6.0,,,,,LOVB Nebraska,NEB,NEB,apple
2251776,2026,2026-01-18T23:00:00.000Z,2344587,Annie Cesar,Annie,Cesar,3,1,active,False,False,False,False,False,,False,,False,,,,,,LOVB Nebraska,NEB,NEB,apple
2251776,2026,2026-01-18T23:00:00.000Z,2344590,Vicky Savard,Vicky,Savard,4,2,active,False,False,False,False,False,,False,,False,,,,,,LOVB Nebraska,NEB,NEB,apple
2251776,2026,2026-01-18T23:00:00.000Z,2344589,Jaali Winters,Jaali,Winters,5,2,active,False,False,False,False,True,2.0,True,2.0,True,2.0,,,,,LOVB Nebraska,NEB,NEB,apple
2251776,2026,2026-01-18T23:00:00.000Z,2344596,Kimberly Drewniok,Kimberly,Drewniok,8,3,active,False,False,False,False,True,4.0,True,4.0,True,4.0,,,,,LOVB Nebraska,NEB,NEB,apple
2251776,2026,2026-01-18T23:00:00.000Z,2344564,Iga Wasilewska,Iga,Wasilewska,9,4,active,False,False,False,False,False,,False,,False,,,,,,LOVB Nebraska,NEB,NEB,apple
2251776,2026,2026-01-18T23:00:00.000Z,2336975,Jordan Larson,Jordan,Larson,10,2,active,False,False,True,False,True,5.0,True,5.0,True,5.0,,,,,LOVB Nebraska,NEB,NEB,apple
2251776,2026,2026-01-18T23:00:00.000Z,2494731,Anne Buijs,Anne,Buijs,11,2,active,False,False,False,False,False,,False,,False,,,,,,LOVB Nebraska,NEB,NEB,apple
2251776,2026,2026-01-18T23:00:00.000Z,2344597,Audriana Fitzmorris,Audriana,Fitzmorris,12,3,active,False,False,False,False,False,,False,,False,,,,,,LOVB Nebraska,NEB,NEB,apple
2251776,2026,2026-01-18T23:00:00.000Z,2344586,Gabby Blossom,Gabby,Blossom,13,5,active,False,False,False,False,False,,False,,False,,,,,,LOVB Nebraska,NEB,NEB,apple
2251776,2026,2026-01-18T23:00:00.000Z,2344585,Laura Dijkema,Laura,Dijkema,14,5,active,False,False,False,False,True,1.0,True,1.0,True,1.0,,,,,LOVB Nebraska,NEB,NEB,apple
2251776,2026,2026-01-18T23:00:00.000Z,2494733,Ana Carolina Da Silva,Ana Carolina,Da Silva,15,4,active,False,False,False,False,False,,False,,False,,,,,,LOVB Nebraska,NEB,NEB,apple
2251776,2026,2026-01-18T23:00:00.000Z,2344592,Candelaria Herrera,Candelaria,Herrera,17,4,active,False,False,False,False,True,3.0,True,3.0,True,3.0,,,,,LOVB Nebraska,NEB,NEB,apple
2251776,2026,2026-01-18T23:00:00.000Z,2494732,Alexis Hart,Alexis,Hart,19,2,active,False,False,False,False,False,,False,,False,,,,,,LOVB Nebraska,NEB,NEB,apple
2251776,2026,2026-01-18T23:00:00.000Z,2547881,Julia Hanson,Julia,Hanson,22,2,active,False,False,False,False,False,,False,,False,,,,,,LOVB Nebraska,NEB,NEB,apple
2251776,2026,2026-01-18T23:00:00.000Z,2344566,Piyanut Pannoy,Piyanut,Pannoy,2,1,active,False,False,False,True,False,,False,,False,,,,,,LOVB Atlanta,ATL,ATL,rose
2251776,2026,2026-01-18T23:00:00.000Z,2494718,Miroslava Paskova,Miroslava,Paskova,6,2,active,False,False,False,False,False,,False,,True,5.0,,,,,LOVB Atlanta,ATL,ATL,rose
2251776,2026,2026-01-18T23:00:00.000Z,2494717,Ella May Powell,Ella May,Powell,7,5,active,False,False,False,False,False,,False,,False,,,,,,LOVB Atlanta,ATL,ATL,rose
2251776,2026,2026-01-18T23:00:00.000Z,2351343,Rachel Fairbanks,Rachel,Fairbanks,10,5,active,False,False,False,False,True,6.0,True,6.0,True,1.0,,,,,LOVB Atlanta,ATL,ATL,rose
2251776,2026,2026-01-18T23:00:00.000Z,2349081,Onye Ofoegbu,Onye,Ofoegbu,11,4,active,False,False,False,False,False,,False,,True,3.0,,,,,LOVB Atlanta,ATL,ATL,rose
2251776,2026,2026-01-18T23:00:00.000Z,2344610,Carly DeHoog,Carly,DeHoog,12,3,active,False,False,False,False,False,,False,,False,,,,,,LOVB Atlanta,ATL,ATL,rose
2251776,2026,2026-01-18T23:00:00.000Z,2344425,McKenzie Adams,McKenzie,Adams,13,2,active,False,False,True,False,True,4.0,True,4.0,False,,,,,,LOVB Atlanta,ATL,ATL,rose
2251776,2026,2026-01-18T23:00:00.000Z,2344570,Tia Jimerson,Tia,Jimerson,14,4,active,False,False,False,False,True,5.0,True,5.0,True,6.0,,,,,LOVB Atlanta,ATL,ATL,rose
2251776,2026,2026-01-18T23:00:00.000Z,2344573,Magdalena Jehlarova,Magdalena,Jehlarova,15,4,active,False,False,False,False,True,2.0,True,2.0,False,,,,,,LOVB Atlanta,ATL,ATL,rose
2251776,2026,2026-01-18T23:00:00.000Z,2344567,Beatrice Negretti,Beatrice,Negretti,16,1,active,False,False,False,True,False,,False,,False,,,,,,LOVB Atlanta,ATL,ATL,rose
2251776,2026,2026-01-18T23:00:00.000Z,2344574,Tessa Grubbs,Tessa,Grubbs,17,3,active,False,False,False,False,True,3.0,True,3.0,True,4.0,,,,,LOVB Atlanta,ATL,ATL,rose
2251776,2026,2026-01-18T23:00:00.000Z,2494721,Ivonee Montaño,Ivonee,Montaño,18,3,active,False,False,False,False,False,,False,,False,,,,,,LOVB Atlanta,ATL,ATL,rose
2251776,2026,2026-01-18T23:00:00.000Z,2494720,Jess Robinson,Jess,Robinson,19,4,active,False,False,False,False,False,,False,,False,,,,,,LOVB Atlanta,ATL,ATL,rose
2251776,2026,2026-01-18T23:00:00.000Z,2494719,Julia Sangiacomo,Julia,Sangiacomo,22,2,active,False,False,False,False,False,,False,,False,,,,,,LOVB Atlanta,ATL,ATL,rose
2251776,2026,2026-01-18T23:00:00.000Z,2342511,Kelsey Cook,Kelsey,Cook,23,2,active,False,False,False,False,False,,False,,False,,,,,,LOVB Atlanta,ATL,ATL,rose
2251776,2026,2026-01-18T23:00:00.000Z,2548999,Eva Hudson,Eva,Hudson,27,2,active,False,False,False,False,True,1.0,True,1.0,True,2.0,,,,,LOVB Atlanta,ATL,ATL,rose
2251777,2026,2026-01-22T01:00:00.000Z,2494725,Indre Sorokaite,Indre,Sorokaite,1,2,active,False,False,False,False,False,,False,,False,,False,,False,,LOVB Madison,MAD,MAD,babyBlue
2251777,2026,2026-01-22T01:00:00.000Z,2342510,Anna Hall,Anna,Hall,2,4,active,False,False,False,False,False,,False,,False,,False,,False,,LOVB Madison,MAD,MAD,babyBlue
2251777,2026,2026-01-22T01:00:00.000Z,2344581,Mariena Hayden,Mariena,Hayden,3,2,active,False,False,False,False,False,,False,,False,,False,,False,,LOVB Madison,MAD,MAD,babyBlue
2251777,2026,2026-01-22T01:00:00.000Z,2344577,Milica Medved,Milica,Medved,4,1,active,False,False,False,True,False,,False,,False,,False,,False,,LOVB Madison,MAD,MAD,babyBlue
2251777,2026,2026-01-22T01:00:00.000Z,2547943,Rebekah Allick,Rebekah,Allick,5,4,active,False,False,False,False,True,1.0,True,3.0,True,2.0,True,2.0,True,1.0,LOVB Madison,MAD,MAD,babyBlue
2251777,2026,2026-01-22T01:00:00.000Z,2494729,Gong Xiangyu,Gong,Xiangyu,6,3,active,False,False,False,False,True,2.0,True,4.0,True,3.0,True,3.0,True,2.0,LOVB Madison,MAD,MAD,babyBlue
2251777,2026,2026-01-22T01:00:00.000Z,2342508,Lauren Carlini,Lauren,Carlini,7,5,active,False,False,True,False,True,5.0,True,1.0,True,6.0,True,6.0,True,5.0,LOVB Madison,MAD,MAD,babyBlue
2251777,2026,2026-01-22T01:00:00.000Z,2494724,Argentina Ung,Argentina,Ung,8,5,active,False,False,False,False,False,,False,,False,,False,,False,,LOVB Madison,MAD,MAD,babyBlue
2251777,2026,2026-01-22T01:00:00.000Z,2344580,Claire Chaussee,Claire,Chaussee,9,2,active,False,False,False,False,False,,False,,False,,False,,False,,LOVB Madison,MAD,MAD,babyBlue
2251777,2026,2026-01-22T01:00:00.000Z,2494727,Annayka Legros,Annayka,Legros,10,4,active,False,False,False,False,False,,False,,False,,False,,False,,LOVB Madison,MAD,MAD,babyBlue
2251777,2026,2026-01-22T01:00:00.000Z,2344612,Anna Pogany,Anna,Pogany,11,1,active,False,False,False,True,False,,False,,False,,False,,False,,LOVB Madison,MAD,MAD,babyBlue
2251777,2026,2026-01-22T01:00:00.000Z,2344582,Temi Thomas-Ailara,Temi,Thomas-Ailara,12,3,active,False,False,False,False,True,3.0,True,5.0,True,4.0,True,4.0,True,3.0,LOVB Madison,MAD,MAD,babyBlue
2251777,2026,2026-01-22T01:00:00.000Z,2344605,Anna Haak,Anna,Haak,17,2,active,False,False,False,False,True,6.0,True,2.0,True,1.0,True,1.0,True,6.0,LOVB Madison,MAD,MAD,babyBlue
2251777,2026,2026-01-22T01:00:00.000Z,2494726,Andrea Mitrovic,Andrea,Mitrovic,21,2,active,False,False,False,False,False,,False,,False,,False,,False,,LOVB Madison,MAD,MAD,babyBlue
2251777,2026,2026-01-22T01:00:00.000Z,2494728,Callie Schwarzenbach,Callie,Schwarzenbach,25,4,active,False,False,False,False,True,4.0,True,6.0,True,5.0,True,5.0,True,4.0,LOVB Madison,MAD,MAD,babyBlue
2251777,2026,2026-01-22T01:00:00.000Z,2349077,Ana B Correa,Ana B,Correa,27,4,active,False,False,False,False,False,,False,,False,,False,,False,,LOVB Madison,MAD,MAD,babyBlue
2251777,2026,2026-01-22T01:00:00.000Z,2344609,Khat Bell,Khat,Bell,1,3,active,False,False,False,False,False,,False,,False,,False,,False,,LOVB Austin,ATX,ATX,violet
2251777,2026,2026-01-22T01:00:00.000Z,2344604,Leah Hardeman,Leah,Hardeman,2,2,active,False,False,False,False,False,,False,,False,,False,,False,,LOVB Austin,ATX,ATX,violet
2251777,2026,2026-01-22T01:00:00.000Z,2344598,Carli Lloyd,Carli,Lloyd,3,5,active,False,False,True,False,False,,False,,False,,True,1.0,True,1.0,LOVB Austin,ATX,ATX,violet
2251777,2026,2026-01-22T01:00:00.000Z,2344588,Madi Banks,Madi,Banks,4,2,active,False,False,False,False,True,5.0,True,3.0,True,1.0,True,5.0,True,5.0,LOVB Austin,ATX,ATX,violet
2251777,2026,2026-01-22T01:00:00.000Z,2344608,Molly McCage,Molly,McCage,5,4,active,False,False,False,False,False,,False,,False,,False,,False,,LOVB Austin,ATX,ATX,violet
2251777,2026,2026-01-22T01:00:00.000Z,2349176,Madisen Skinner,Madisen,Skinner,6,3,active,False,False,False,False,True,4.0,True,2.0,True,6.0,True,4.0,True,4.0,LOVB Austin,ATX,ATX,violet
2251777,2026,2026-01-22T01:00:00.000Z,2344607,Asjia O'Neal,Asjia,O'Neal,7,4,active,False,False,False,False,True,6.0,True,4.0,True,2.0,True,6.0,True,6.0,LOVB Austin,ATX,ATX,violet
2251777,2026,2026-01-22T01:00:00.000Z,2344601,Zoe Jarvis,Zoe,Jarvis,10,1,active,False,False,False,False,False,,False,,False,,False,,False,,LOVB Austin,ATX,ATX,violet
2251777,2026,2026-01-22T01:00:00.000Z,2494716,Isabella Bergmark,Isabella,Bergmark,11,4,active,False,False,False,False,True,3.0,True,1.0,True,5.0,False,,False,,LOVB Austin,ATX,ATX,violet
2251777,2026,2026-01-22T01:00:00.000Z,2344606,Juliann Faucette,Juliann,Faucette,13,3,active,False,False,False,False,False,,False,,False,,False,,False,,LOVB Austin,ATX,ATX,violet
2251777,2026,2026-01-22T01:00:00.000Z,2344602,Kotoe Inoue,Kotoe,Inoue,15,1,active,False,False,False,True,False,,False,,False,,False,,False,,LOVB Austin,ATX,ATX,violet
2251777,2026,2026-01-22T01:00:00.000Z,2494714,Brie O'Reilly,Brie,O'Reilly,17,5,active,False,False,False,False,True,1.0,True,5.0,True,3.0,False,,False,,LOVB Austin,ATX,ATX,violet
2251777,2026,2026-01-22T01:00:00.000Z,2547939,Bailey Miller,Bailey,Miller,22,2,active,False,False,False,False,False,,False,,False,,False,,False,,LOVB Austin,ATX,ATX,violet
2251777,2026,2026-01-22T01:00:00.000Z,2344599,Logan Eggleston,Logan,Eggleston,33,2,active,False,False,False,False,True,2.0,True,6.0,True,4.0,True,2.0,True,2.0,LOVB Austin,ATX,ATX,violet
2251777,2026,2026-01-22T01:00:00.000Z,2336999,Magdalena Jurczyk,Magdalena,Jurczyk,95,4,active,False,False,False,False,False,,False,,False,,True,3.0,True,3.0,LOVB Austin,ATX,ATX,violet
2251778,2026,2026-01-23T02:00:00.000Z,2336969,Jordyn Poulter,Jordyn,Poulter,1,5,active,False,False,True,False,True,2.0,True,2.0,True,2.0,,,,,LOVB Salt Lake,SLC,SLC,brightYellow
2251778,2026,2026-01-23T02:00:00.000Z,2549041,Ifenna Cos-Okpalla,Ifenna,Cos-Okpalla,2,4,active,False,False,False,False,False,,False,,False,,,,,,LOVB Salt Lake,SLC,SLC,brightYellow
2251778,2026,2026-01-23T02:00:00.000Z,2344545,Dani Drews,Dani,Drews,3,2,active,False,False,False,False,False,,False,,False,,,,,,LOVB Salt Lake,SLC,SLC,brightYellow
2251778,2026,2026-01-23T02:00:00.000Z,2344547,Maddie Haynes,Maddie,Haynes,4,2,active,False,False,False,False,False,,False,,False,,,,,,LOVB Salt Lake,SLC,SLC,brightYellow
2251778,2026,2026-01-23T02:00:00.000Z,2344554,Skylar Fields,Skylar,Fields,5,3,active,False,False,False,False,False,,False,,False,,,,,,LOVB Salt Lake,SLC,SLC,brightYellow
2251778,2026,2026-01-23T02:00:00.000Z,2344551,Tori Dixon,Tori,Dixon,6,4,active,False,False,False,False,True,1.0,True,1.0,True,1.0,,,,,LOVB Salt Lake,SLC,SLC,brightYellow
2251778,2026,2026-01-23T02:00:00.000Z,2349080,Sophie Fischer,Sophie,Fischer,7,4,active,False,False,False,False,False,,False,,False,,,,,,LOVB Salt Lake,SLC,SLC,brightYellow
2251778,2026,2026-01-23T02:00:00.000Z,2494734,Alexa Gray,Alexa,Gray,9,2,active,False,False,False,False,True,3.0,True,3.0,True,3.0,,,,,LOVB Salt Lake,SLC,SLC,brightYellow
2251778,2026,2026-01-23T02:00:00.000Z,2344427,Madi Bugg,Madi,Bugg,10,5,active,False,False,False,False,False,,False,,False,,,,,,LOVB Salt Lake,SLC,SLC,brightYellow
2251778,2026,2026-01-23T02:00:00.000Z,2344550,Serena Gray,Serena,Gray,11,4,active,False,False,False,False,True,4.0,True,4.0,True,4.0,,,,,LOVB Salt Lake,SLC,SLC,brightYellow
2251778,2026,2026-01-23T02:00:00.000Z,2344546,Roni Jones-Perry,Roni,Jones-Perry,12,2,active,False,False,False,False,False,,False,,False,,,,,,LOVB Salt Lake,SLC,SLC,brightYellow
2251778,2026,2026-01-23T02:00:00.000Z,2336979,Haleigh Washington,Haleigh,Washington,15,4,active,False,False,False,False,False,,False,,False,,,,,,LOVB Salt Lake,SLC,SLC,brightYellow
2251778,2026,2026-01-23T02:00:00.000Z,2342469,Manami Kojima,Manami,Kojima,16,1,active,False,False,False,True,False,,False,,False,,,,,,LOVB Salt Lake,SLC,SLC,brightYellow
2251778,2026,2026-01-23T02:00:00.000Z,2344544,Mary Lake,Mary,Lake,18,1,active,False,False,False,False,False,,False,,False,,,,,,LOVB Salt Lake,SLC,SLC,brightYellow
2251778,2026,2026-01-23T02:00:00.000Z,2344548,Claire Hoffman,Claire,Hoffman,21,2,active,False,False,False,False,True,6.0,True,6.0,True,6.0,,,,,LOVB Salt Lake,SLC,SLC,brightYellow
2251778,2026,2026-01-23T02:00:00.000Z,2344553,Heidy Casanova,Heidy,Casanova,33,3,active,False,False,False,False,True,5.0,True,5.0,True,5.0,,,,,LOVB Salt Lake,SLC,SLC,brightYellow
2251778,2026,2026-01-23T02:00:00.000Z,2344621,Grace Frohling,Grace,Frohling,1,3,active,False,False,False,False,False,,False,,False,,,,,,LOVB Houston,HTX,HTX,babyBlue
2251778,2026,2026-01-23T02:00:00.000Z,2344616,Karin Palgutova,Karin,Palgutova,2,2,active,False,False,False,False,False,,True,5.0,False,,,,,,LOVB Houston,HTX,HTX,babyBlue
2251778,2026,2026-01-23T02:00:00.000Z,2344618,Amber Igiede,Amber,Igiede,3,4,active,False,False,False,False,True,2.0,True,6.0,True,6.0,,,,,LOVB Houston,HTX,HTX,babyBlue
2251778,2026,2026-01-23T02:00:00.000Z,2336972,Justine Wong-Orantes,Justine,Wong-Orantes,4,1,active,False,False,False,False,False,,False,,False,,,,,,LOVB Houston,HTX,HTX,babyBlue
2251778,2026,2026-01-23T02:00:00.000Z,2494722,Lauren Briseño,Lauren,Briseño,5,1,active,False,False,False,True,False,,False,,False,,,,,,LOVB Houston,HTX,HTX,babyBlue
2251778,2026,2026-01-23T02:00:00.000Z,2494723,Jazmine White,Jazmine,White,6,4,active,False,False,False,False,False,,False,,False,,,,,,LOVB Houston,HTX,HTX,babyBlue
2251778,2026,2026-01-23T02:00:00.000Z,2344617,Raphaela Folie,Raphaela,Folie,7,4,active,False,False,False,False,True,5.0,True,3.0,True,3.0,,,,,LOVB Houston,HTX,HTX,babyBlue
2251778,2026,2026-01-23T02:00:00.000Z,2344611,Kaisa Alanko,Kaisa,Alanko,8,5,active,False,False,False,False,False,,False,,False,,,,,,LOVB Houston,HTX,HTX,babyBlue
2251778,2026,2026-01-23T02:00:00.000Z,2344614,Madi Rishel,Madi,Rishel,9,2,active,False,False,False,False,True,4.0,True,2.0,True,5.0,,,,,LOVB Houston,HTX,HTX,babyBlue
2251778,2026,2026-01-23T02:00:00.000Z,2539857,Maya Sands,Maya,Sands,10,1,active,False,False,False,False,False,,False,,False,,,,,,LOVB Houston,HTX,HTX,babyBlue
2251778,2026,2026-01-23T02:00:00.000Z,2344620,Anita Anwusi,Anita,Anwusi,11,4,active,False,False,False,False,False,,False,,False,,,,,,LOVB Houston,HTX,HTX,babyBlue
2251778,2026,2026-01-23T02:00:00.000Z,2336967,Micha Hancock,Micha,Hancock,12,5,active,False,False,True,False,True,3.0,True,1.0,True,1.0,,,,,LOVB Houston,HTX,HTX,babyBlue
2251778,2026,2026-01-23T02:00:00.000Z,2344622,Julia Brown,Julia,Brown,14,2,active,False,False,False,False,False,,False,,False,,,,,,LOVB Houston,HTX,HTX,babyBlue
2251778,2026,2026-01-23T02:00:00.000Z,2344615,Sara Loda,Sara,Loda,17,2,active,False,False,False,False,False,,False,,False,,,,,,LOVB Houston,HTX,HTX,babyBlue
2251778,2026,2026-01-23T02:00:00.000Z,2549003,Logan Lednicky,Logan,Lednicky,18,3,active,False,False,False,False,False,,False,,False,,,,,,LOVB Houston,HTX,HTX,babyBlue
2251778,2026,2026-01-23T02:00:00.000Z,2349315,Jess Mruzik,Jess,Mruzik,19,2,active,False,False,False,False,True,1.0,False,,True,2.0,,,,,LOVB Houston,HTX,HTX,babyBlue
2251778,2026,2026-01-23T02:00:00.000Z,2336977,Jordan Thompson,Jordan,Thompson,23,3,active,False,False,False,False,True,6.0,True,4.0,True,4.0,,,,,LOVB Houston,HTX,HTX,babyBlue
2251779,2026,2026-01-24T19:00:00.000Z,2344609,Khat Bell,Khat,Bell,1,3,active,False,False,False,False,False,,False,,False,,,,,,LOVB Austin,ATX,ATX,violet
2251779,2026,2026-01-24T19:00:00.000Z,2344604,Leah Hardeman,Leah,Hardeman,2,2,active,False,False,False,False,False,,False,,False,,,,,,LOVB Austin,ATX,ATX,violet
2251779,2026,2026-01-24T19:00:00.000Z,2344598,Carli Lloyd,Carli,Lloyd,3,5,active,False,False,False,False,False,,True,1.0,True,6.0,,,,,LOVB Austin,ATX,ATX,violet
2251779,2026,2026-01-24T19:00:00.000Z,2344588,Madi Banks,Madi,Banks,4,2,active,False,False,False,False,True,6.0,True,5.0,True,4.0,,,,,LOVB Austin,ATX,ATX,violet
2251779,2026,2026-01-24T19:00:00.000Z,2344608,Molly McCage,Molly,McCage,5,4,active,False,False,False,False,False,,False,,False,,,,,,LOVB Austin,ATX,ATX,violet
2251779,2026,2026-01-24T19:00:00.000Z,2349176,Madisen Skinner,Madisen,Skinner,6,3,active,False,False,False,False,True,5.0,True,4.0,True,3.0,,,,,LOVB Austin,ATX,ATX,violet
2251779,2026,2026-01-24T19:00:00.000Z,2344607,Asjia O'Neal,Asjia,O'Neal,7,4,active,False,False,False,False,True,1.0,True,6.0,True,5.0,,,,,LOVB Austin,ATX,ATX,violet
2251779,2026,2026-01-24T19:00:00.000Z,2344601,Zoe Jarvis,Zoe,Jarvis,10,1,active,False,False,False,False,False,,False,,False,,,,,,LOVB Austin,ATX,ATX,violet
2251779,2026,2026-01-24T19:00:00.000Z,2494716,Isabella Bergmark,Isabella,Bergmark,11,4,active,False,False,False,False,False,,False,,False,,,,,,LOVB Austin,ATX,ATX,violet
2251779,2026,2026-01-24T19:00:00.000Z,2344606,Juliann Faucette,Juliann,Faucette,13,3,active,False,False,True,False,False,,False,,False,,,,,,LOVB Austin,ATX,ATX,violet
2251779,2026,2026-01-24T19:00:00.000Z,2344602,Kotoe Inoue,Kotoe,Inoue,15,1,active,False,False,False,True,False,,False,,False,,,,,,LOVB Austin,ATX,ATX,violet
2251779,2026,2026-01-24T19:00:00.000Z,2494714,Brie O'Reilly,Brie,O'Reilly,17,5,active,False,False,False,False,True,2.0,False,,False,,,,,,LOVB Austin,ATX,ATX,violet
2251779,2026,2026-01-24T19:00:00.000Z,2547939,Bailey Miller,Bailey,Miller,22,2,active,False,False,False,False,False,,False,,False,,,,,,LOVB Austin,ATX,ATX,violet
2251779,2026,2026-01-24T19:00:00.000Z,2344599,Logan Eggleston,Logan,Eggleston,33,2,active,False,False,False,False,True,3.0,True,2.0,True,1.0,,,,,LOVB Austin,ATX,ATX,violet
2251779,2026,2026-01-24T19:00:00.000Z,2336999,Magdalena Jurczyk,Magdalena,Jurczyk,95,4,active,False,False,False,False,True,4.0,True,3.0,True,2.0,,,,,LOVB Austin,ATX,ATX,violet
2251779,2026,2026-01-24T19:00:00.000Z,2344621,Grace Frohling,Grace,Frohling,1,3,active,False,False,False,False,False,,False,,False,,,,,,LOVB Houston,HTX,HTX,brightBlue
2251779,2026,2026-01-24T19:00:00.000Z,2344616,Karin Palgutova,Karin,Palgutova,2,2,active,False,False,False,False,False,,False,,False,,,,,,LOVB Houston,HTX,HTX,brightBlue
2251779,2026,2026-01-24T19:00:00.000Z,2344618,Amber Igiede,Amber,Igiede,3,4,active,False,False,False,False,True,6.0,True,1.0,True,6.0,,,,,LOVB Houston,HTX,HTX,brightBlue
2251779,2026,2026-01-24T19:00:00.000Z,2336972,Justine Wong-Orantes,Justine,Wong-Orantes,4,1,active,False,False,False,False,False,,False,,False,,,,,,LOVB Houston,HTX,HTX,brightBlue
2251779,2026,2026-01-24T19:00:00.000Z,2494722,Lauren Briseño,Lauren,Briseño,5,1,active,False,False,False,True,False,,False,,False,,,,,,LOVB Houston,HTX,HTX,brightBlue
2251779,2026,2026-01-24T19:00:00.000Z,2494723,Jazmine White,Jazmine,White,6,4,active,False,False,False,False,False,,False,,False,,,,,,LOVB Houston,HTX,HTX,brightBlue
2251779,2026,2026-01-24T19:00:00.000Z,2344617,Raphaela Folie,Raphaela,Folie,7,4,active,False,False,False,False,True,3.0,True,4.0,True,3.0,,,,,LOVB Houston,HTX,HTX,brightBlue
2251779,2026,2026-01-24T19:00:00.000Z,2344611,Kaisa Alanko,Kaisa,Alanko,8,5,active,False,False,False,False,True,1.0,True,2.0,True,1.0,,,,,LOVB Houston,HTX,HTX,brightBlue
2251779,2026,2026-01-24T19:00:00.000Z,2344614,Madi Rishel,Madi,Rishel,9,2,active,False,False,False,False,True,5.0,True,6.0,True,5.0,,,,,LOVB Houston,HTX,HTX,brightBlue
2251779,2026,2026-01-24T19:00:00.000Z,2539857,Maya Sands,Maya,Sands,10,1,active,False,False,False,False,False,,False,,False,,,,,,LOVB Houston,HTX,HTX,brightBlue
2251779,2026,2026-01-24T19:00:00.000Z,2344620,Anita Anwusi,Anita,Anwusi,11,4,active,False,False,False,False,False,,False,,False,,,,,,LOVB Houston,HTX,HTX,brightBlue
2251779,2026,2026-01-24T19:00:00.000Z,2336967,Micha Hancock,Micha,Hancock,12,5,active,False,False,True,False,False,,False,,False,,,,,,LOVB Houston,HTX,HTX,brightBlue
2251779,2026,2026-01-24T19:00:00.000Z,2344622,Julia Brown,Julia,Brown,14,2,active,False,False,False,False,False,,False,,False,,,,,,LOVB Houston,HTX,HTX,brightBlue
2251779,2026,2026-01-24T19:00:00.000Z,2344615,Sara Loda,Sara,Loda,17,2,active,False,False,False,False,False,,False,,False,,,,,,LOVB Houston,HTX,HTX,brightBlue
2251779,2026,2026-01-24T19:00:00.000Z,2549003,Logan Lednicky,Logan,Lednicky,18,3,active,False,False,False,False,False,,False,,False,,,,,,LOVB Houston,HTX,HTX,brightBlue
2251779,2026,2026-01-24T19:00:00.000Z,2349315,Jess Mruzik,Jess,Mruzik,19,2,active,False,False,False,False,True,2.0,True,3.0,True,2.0,,,,,LOVB Houston,HTX,HTX,brightBlue
2251779,2026,2026-01-24T19:00:00.000Z,2336977,Jordan Thompson,Jordan,Thompson,23,3,active,False,False,False,False,True,4.0,True,5.0,True,4.0,,,,,LOVB Houston,HTX,HTX,brightBlue
2251780,2026,2026-01-25T02:00:00.000Z,2336969,Jordyn Poulter,Jordyn,Poulter,1,5,active,False,False,True,False,True,3.0,True,3.0,True,3.0,True,6.0,True,6.0,LOVB Salt Lake,SLC,SLC,brightYellow
2251780,2026,2026-01-25T02:00:00.000Z,2549041,Ifenna Cos-Okpalla,Ifenna,Cos-Okpalla,2,4,active,False,False,False,False,False,,False,,False,,False,,False,,LOVB Salt Lake,SLC,SLC,brightYellow
2251780,2026,2026-01-25T02:00:00.000Z,2344545,Dani Drews,Dani,Drews,3,2,active,False,False,False,False,False,,False,,False,,False,,False,,LOVB Salt Lake,SLC,SLC,brightYellow
2251780,2026,2026-01-25T02:00:00.000Z,2344547,Maddie Haynes,Maddie,Haynes,4,2,active,False,False,False,False,False,,False,,False,,False,,False,,LOVB Salt Lake,SLC,SLC,brightYellow
2251780,2026,2026-01-25T02:00:00.000Z,2344554,Skylar Fields,Skylar,Fields,5,3,active,False,False,False,False,False,,False,,False,,False,,False,,LOVB Salt Lake,SLC,SLC,brightYellow
2251780,2026,2026-01-25T02:00:00.000Z,2344551,Tori Dixon,Tori,Dixon,6,4,active,False,False,False,False,True,2.0,True,2.0,True,2.0,True,5.0,True,5.0,LOVB Salt Lake,SLC,SLC,brightYellow
2251780,2026,2026-01-25T02:00:00.000Z,2349080,Sophie Fischer,Sophie,Fischer,7,4,active,False,False,False,False,True,5.0,True,5.0,True,5.0,True,2.0,True,2.0,LOVB Salt Lake,SLC,SLC,brightYellow
2251780,2026,2026-01-25T02:00:00.000Z,2494734,Alexa Gray,Alexa,Gray,9,2,active,False,False,False,False,True,4.0,True,4.0,True,4.0,True,1.0,True,1.0,LOVB Salt Lake,SLC,SLC,brightYellow
2251780,2026,2026-01-25T02:00:00.000Z,2344427,Madi Bugg,Madi,Bugg,10,5,active,False,False,False,False,False,,False,,False,,False,,False,,LOVB Salt Lake,SLC,SLC,brightYellow
2251780,2026,2026-01-25T02:00:00.000Z,2344550,Serena Gray,Serena,Gray,11,4,active,False,False,False,False,False,,False,,False,,False,,False,,LOVB Salt Lake,SLC,SLC,brightYellow
2251780,2026,2026-01-25T02:00:00.000Z,2344546,Roni Jones-Perry,Roni,Jones-Perry,12,2,active,False,False,False,False,False,,False,,False,,True,4.0,True,4.0,LOVB Salt Lake,SLC,SLC,brightYellow
2251780,2026,2026-01-25T02:00:00.000Z,2336979,Haleigh Washington,Haleigh,Washington,15,4,active,False,False,False,False,False,,False,,False,,False,,False,,LOVB Salt Lake,SLC,SLC,brightYellow
2251780,2026,2026-01-25T02:00:00.000Z,2342469,Manami Kojima,Manami,Kojima,16,1,active,False,False,False,True,False,,False,,False,,False,,False,,LOVB Salt Lake,SLC,SLC,brightYellow
2251780,2026,2026-01-25T02:00:00.000Z,2344544,Mary Lake,Mary,Lake,18,1,active,False,False,False,False,False,,False,,False,,False,,False,,LOVB Salt Lake,SLC,SLC,brightYellow
2251780,2026,2026-01-25T02:00:00.000Z,2344548,Claire Hoffman,Claire,Hoffman,21,2,active,False,False,False,False,True,1.0,True,1.0,True,1.0,False,,False,,LOVB Salt Lake,SLC,SLC,brightYellow
2251780,2026,2026-01-25T02:00:00.000Z,2344553,Heidy Casanova,Heidy,Casanova,33,3,active,False,False,False,False,True,6.0,True,6.0,True,6.0,True,3.0,True,3.0,LOVB Salt Lake,SLC,SLC,brightYellow
2251780,2026,2026-01-25T02:00:00.000Z,2494725,Indre Sorokaite,Indre,Sorokaite,1,2,active,False,False,False,False,False,,False,,False,,False,,False,,LOVB Madison,MAD,MAD,brightBlue
2251780,2026,2026-01-25T02:00:00.000Z,2342510,Anna Hall,Anna,Hall,2,4,active,False,False,False,False,False,,False,,False,,False,,False,,LOVB Madison,MAD,MAD,brightBlue
2251780,2026,2026-01-25T02:00:00.000Z,2344581,Mariena Hayden,Mariena,Hayden,3,2,active,False,False,False,False,False,,False,,False,,False,,False,,LOVB Madison,MAD,MAD,brightBlue
2251780,2026,2026-01-25T02:00:00.000Z,2344577,Milica Medved,Milica,Medved,4,1,active,False,False,False,True,False,,False,,False,,False,,False,,LOVB Madison,MAD,MAD,brightBlue
2251780,2026,2026-01-25T02:00:00.000Z,2547943,Rebekah Allick,Rebekah,Allick,5,4,active,False,False,False,False,True,1.0,True,4.0,True,3.0,True,1.0,True,4.0,LOVB Madison,MAD,MAD,brightBlue
2251780,2026,2026-01-25T02:00:00.000Z,2494729,Gong Xiangyu,Gong,Xiangyu,6,3,active,False,False,False,False,True,2.0,True,5.0,True,4.0,True,2.0,True,5.0,LOVB Madison,MAD,MAD,brightBlue
2251780,2026,2026-01-25T02:00:00.000Z,2342508,Lauren Carlini,Lauren,Carlini,7,5,active,False,False,True,False,True,5.0,True,2.0,True,1.0,True,5.0,True,2.0,LOVB Madison,MAD,MAD,brightBlue
2251780,2026,2026-01-25T02:00:00.000Z,2494724,Argentina Ung,Argentina,Ung,8,5,active,False,False,False,False,False,,False,,False,,False,,False,,LOVB Madison,MAD,MAD,brightBlue
2251780,2026,2026-01-25T02:00:00.000Z,2344580,Claire Chaussee,Claire,Chaussee,9,2,active,False,False,False,False,True,6.0,True,3.0,True,2.0,True,6.0,True,3.0,LOVB Madison,MAD,MAD,brightBlue
2251780,2026,2026-01-25T02:00:00.000Z,2494727,Annayka Legros,Annayka,Legros,10,4,active,False,False,False,False,False,,False,,False,,False,,False,,LOVB Madison,MAD,MAD,brightBlue
2251780,2026,2026-01-25T02:00:00.000Z,2344612,Anna Pogany,Anna,Pogany,11,1,active,False,False,False,False,False,,False,,False,,False,,False,,LOVB Madison,MAD,MAD,brightBlue
2251780,2026,2026-01-25T02:00:00.000Z,2344582,Temi Thomas-Ailara,Temi,Thomas-Ailara,12,3,active,False,False,False,False,True,3.0,True,6.0,True,5.0,True,3.0,True,6.0,LOVB Madison,MAD,MAD,brightBlue
2251780,2026,2026-01-25T02:00:00.000Z,2344605,Anna Haak,Anna,Haak,17,2,active,False,False,False,False,False,,False,,False,,False,,False,,LOVB Madison,MAD,MAD,brightBlue
2251780,2026,2026-01-25T02:00:00.000Z,2494726,Andrea Mitrovic,Andrea,Mitrovic,21,2,active,False,False,False,False,False,,False,,False,,False,,False,,LOVB Madison,MAD,MAD,brightBlue
2251780,2026,2026-01-25T02:00:00.000Z,2494728,Callie Schwarzenbach,Callie,Schwarzenbach,25,4,active,False,False,False,False,True,4.0,True,1.0,True,6.0,True,4.0,True,1.0,LOVB Madison,MAD,MAD,brightBlue
2251780,2026,2026-01-25T02:00:00.000Z,2349077,Ana B Correa,Ana B,Correa,27,4,active,False,False,False,False,False,,False,,False,,False,,False,,LOVB Madison,MAD,MAD,brightBlue
2251782,2026,2026-01-29T01:00:00.000Z,2344566,Piyanut Pannoy,Piyanut,Pannoy,2,1,active,False,False,False,True,False,,False,,False,,False,,,,LOVB Atlanta,ATL,ATL,hotPink
2251782,2026,2026-01-29T01:00:00.000Z,2494718,Miroslava Paskova,Miroslava,Paskova,6,2,active,False,False,False,False,True,2.0,True,5.0,True,4.0,False,,,,LOVB Atlanta,ATL,ATL,hotPink
2251782,2026,2026-01-29T01:00:00.000Z,2494717,Ella May Powell,Ella May,Powell,7,5,active,False,False,False,False,False,,False,,False,,False,,,,LOVB Atlanta,ATL,ATL,hotPink
2251782,2026,2026-01-29T01:00:00.000Z,2351343,Rachel Fairbanks,Rachel,Fairbanks,10,5,active,False,False,False,False,True,1.0,True,1.0,True,6.0,True,6.0,,,LOVB Atlanta,ATL,ATL,hotPink
2251782,2026,2026-01-29T01:00:00.000Z,2349081,Onye Ofoegbu,Onye,Ofoegbu,11,4,active,False,False,False,False,False,,False,,False,,False,,,,LOVB Atlanta,ATL,ATL,hotPink
2251782,2026,2026-01-29T01:00:00.000Z,2344610,Carly DeHoog,Carly,DeHoog,12,3,active,False,False,False,False,False,,False,,False,,False,,,,LOVB Atlanta,ATL,ATL,hotPink
2251782,2026,2026-01-29T01:00:00.000Z,2344425,McKenzie Adams,McKenzie,Adams,13,2,active,False,False,True,False,True,5.0,True,2.0,True,1.0,True,1.0,,,LOVB Atlanta,ATL,ATL,hotPink
2251782,2026,2026-01-29T01:00:00.000Z,2344570,Tia Jimerson,Tia,Jimerson,14,4,active,False,False,False,False,True,6.0,True,3.0,True,2.0,True,2.0,,,LOVB Atlanta,ATL,ATL,hotPink
2251782,2026,2026-01-29T01:00:00.000Z,2344573,Magdalena Jehlarova,Magdalena,Jehlarova,15,4,active,False,False,False,False,True,3.0,True,6.0,True,5.0,True,5.0,,,LOVB Atlanta,ATL,ATL,hotPink
2251782,2026,2026-01-29T01:00:00.000Z,2344567,Beatrice Negretti,Beatrice,Negretti,16,1,active,False,False,False,False,False,,False,,False,,False,,,,LOVB Atlanta,ATL,ATL,hotPink
2251782,2026,2026-01-29T01:00:00.000Z,2344574,Tessa Grubbs,Tessa,Grubbs,17,3,active,False,False,False,False,True,4.0,True,4.0,True,3.0,True,3.0,,,LOVB Atlanta,ATL,ATL,hotPink
2251782,2026,2026-01-29T01:00:00.000Z,2494721,Ivonee Montaño,Ivonee,Montaño,18,3,active,False,False,False,False,False,,False,,False,,False,,,,LOVB Atlanta,ATL,ATL,hotPink
2251782,2026,2026-01-29T01:00:00.000Z,2494720,Jess Robinson,Jess,Robinson,19,4,active,False,False,False,False,False,,False,,False,,False,,,,LOVB Atlanta,ATL,ATL,hotPink
2251782,2026,2026-01-29T01:00:00.000Z,2494719,Julia Sangiacomo,Julia,Sangiacomo,22,2,active,False,False,False,False,False,,False,,False,,True,4.0,,,LOVB Atlanta,ATL,ATL,hotPink
2251782,2026,2026-01-29T01:00:00.000Z,2342511,Kelsey Cook,Kelsey,Cook,23,2,active,False,False,False,False,False,,False,,False,,False,,,,LOVB Atlanta,ATL,ATL,hotPink
2251782,2026,2026-01-29T01:00:00.000Z,2548999,Eva Hudson,Eva,Hudson,27,2,active,False,False,False,False,False,,False,,False,,False,,,,LOVB Atlanta,ATL,ATL,hotPink
2251782,2026,2026-01-29T01:00:00.000Z,2344621,Grace Frohling,Grace,Frohling,1,3,active,False,False,False,False,False,,False,,False,,False,,,,LOVB Houston,HTX,HTX,sapphire
2251782,2026,2026-01-29T01:00:00.000Z,2344616,Karin Palgutova,Karin,Palgutova,2,2,active,False,False,False,False,False,,False,,True,2.0,True,2.0,,,LOVB Houston,HTX,HTX,sapphire
2251782,2026,2026-01-29T01:00:00.000Z,2344618,Amber Igiede,Amber,Igiede,3,4,active,False,False,False,False,True,6.0,True,6.0,True,6.0,True,6.0,,,LOVB Houston,HTX,HTX,sapphire
2251782,2026,2026-01-29T01:00:00.000Z,2336972,Justine Wong-Orantes,Justine,Wong-Orantes,4,1,active,False,False,False,False,False,,False,,False,,False,,,,LOVB Houston,HTX,HTX,sapphire
2251782,2026,2026-01-29T01:00:00.000Z,2494722,Lauren Briseño,Lauren,Briseño,5,1,active,False,False,False,True,False,,False,,False,,False,,,,LOVB Houston,HTX,HTX,sapphire
2251782,2026,2026-01-29T01:00:00.000Z,2494723,Jazmine White,Jazmine,White,6,4,active,False,False,False,False,False,,False,,False,,False,,,,LOVB Houston,HTX,HTX,sapphire
2251782,2026,2026-01-29T01:00:00.000Z,2344617,Raphaela Folie,Raphaela,Folie,7,4,active,False,False,False,False,True,3.0,True,3.0,True,3.0,True,3.0,,,LOVB Houston,HTX,HTX,sapphire
2251782,2026,2026-01-29T01:00:00.000Z,2344611,Kaisa Alanko,Kaisa,Alanko,8,5,active,False,False,False,False,True,1.0,True,1.0,True,1.0,True,1.0,,,LOVB Houston,HTX,HTX,sapphire
2251782,2026,2026-01-29T01:00:00.000Z,2344614,Madi Rishel,Madi,Rishel,9,2,active,False,False,False,False,True,5.0,True,5.0,True,5.0,True,5.0,,,LOVB Houston,HTX,HTX,sapphire
2251782,2026,2026-01-29T01:00:00.000Z,2539857,Maya Sands,Maya,Sands,10,1,active,False,False,False,False,False,,False,,False,,False,,,,LOVB Houston,HTX,HTX,sapphire
2251782,2026,2026-01-29T01:00:00.000Z,2344620,Anita Anwusi,Anita,Anwusi,11,4,active,False,False,False,False,False,,False,,False,,False,,,,LOVB Houston,HTX,HTX,sapphire
2251782,2026,2026-01-29T01:00:00.000Z,2336967,Micha Hancock,Micha,Hancock,12,5,active,False,False,False,False,False,,False,,False,,False,,,,LOVB Houston,HTX,HTX,sapphire
2251782,2026,2026-01-29T01:00:00.000Z,2344622,Julia Brown,Julia,Brown,14,2,active,False,False,False,False,False,,False,,False,,False,,,,LOVB Houston,HTX,HTX,sapphire
2251782,2026,2026-01-29T01:00:00.000Z,2623251,Maddie Waak,Maddie,Waak,16,5,active,False,False,False,False,False,,False,,False,,False,,,,LOVB Houston,HTX,HTX,sapphire
2251782,2026,2026-01-29T01:00:00.000Z,2344615,Sara Loda,Sara,Loda,17,2,active,False,False,False,False,False,,False,,False,,False,,,,LOVB Houston,HTX,HTX,sapphire
2251782,2026,2026-01-29T01:00:00.000Z,2549003,Logan Lednicky,Logan,Lednicky,18,3,active,False,False,False,False,False,,False,,False,,False,,,,LOVB Houston,HTX,HTX,sapphire
2251782,2026,2026-01-29T01:00:00.000Z,2349315,Jess Mruzik,Jess,Mruzik,19,2,active,False,False,False,False,True,2.0,True,2.0,False,,False,,,,LOVB Houston,HTX,HTX,sapphire
2251782,2026,2026-01-29T01:00:00.000Z,2336977,Jordan Thompson,Jordan,Thompson,23,3,active,False,False,True,False,True,4.0,True,4.0,True,4.0,True,4.0,,,LOVB Houston,HTX,HTX,sapphire
2251772,2026,2026-01-12T00:30:00.000Z,2344609,Khat Bell,Khat,Bell,1,3,active,False,False,False,False,False,,False,,False,,False,,False,,LOVB Austin,ATX,ATX,violet
2251772,2026,2026-01-12T00:30:00.000Z,2344604,Leah Hardeman,Leah,Hardeman,2,2,active,False,False,False,False,False,,False,,False,,False,,False,,LOVB Austin,ATX,ATX,violet
2251772,2026,2026-01-12T00:30:00.000Z,2344598,Carli Lloyd,Carli,Lloyd,3,5,active,False,False,False,False,False,,False,,False,,False,,False,,LOVB Austin,ATX,ATX,violet
2251772,2026,2026-01-12T00:30:00.000Z,2344588,Madi Banks,Madi,Banks,4,2,active,False,False,False,False,True,6.0,True,5.0,True,6.0,True,5.0,True,6.0,LOVB Austin,ATX,ATX,violet
2251772,2026,2026-01-12T00:30:00.000Z,2344608,Molly McCage,Molly,McCage,5,4,active,False,False,False,False,True,4.0,True,3.0,True,4.0,False,,False,,LOVB Austin,ATX,ATX,violet
2251772,2026,2026-01-12T00:30:00.000Z,2349176,Madisen Skinner,Madisen,Skinner,6,3,active,False,False,False,False,True,5.0,True,4.0,True,5.0,True,4.0,True,5.0,LOVB Austin,ATX,ATX,violet
2251772,2026,2026-01-12T00:30:00.000Z,2344607,Asjia O'Neal,Asjia,O'Neal,7,4,active,False,False,False,False,True,1.0,True,6.0,True,1.0,True,6.0,True,1.0,LOVB Austin,ATX,ATX,violet
2251772,2026,2026-01-12T00:30:00.000Z,2344601,Zoe Jarvis,Zoe,Jarvis,10,1,active,False,False,False,False,False,,False,,False,,False,,False,,LOVB Austin,ATX,ATX,violet
2251772,2026,2026-01-12T00:30:00.000Z,2494716,Isabella Bergmark,Isabella,Bergmark,11,4,active,False,False,False,False,False,,False,,False,,True,3.0,True,4.0,LOVB Austin,ATX,ATX,violet
2251772,2026,2026-01-12T00:30:00.000Z,2344606,Juliann Faucette,Juliann,Faucette,13,3,active,False,False,True,False,False,,False,,False,,False,,False,,LOVB Austin,ATX,ATX,violet
2251772,2026,2026-01-12T00:30:00.000Z,2344602,Kotoe Inoue,Kotoe,Inoue,15,1,active,False,False,False,True,False,,False,,False,,False,,False,,LOVB Austin,ATX,ATX,violet
2251772,2026,2026-01-12T00:30:00.000Z,2494714,Brie O'Reilly,Brie,O'Reilly,17,5,active,False,False,False,False,True,2.0,True,1.0,True,2.0,True,1.0,True,2.0,LOVB Austin,ATX,ATX,violet
2251772,2026,2026-01-12T00:30:00.000Z,2547939,Bailey Miller,Bailey,Miller,22,2,active,False,False,False,False,False,,False,,False,,False,,False,,LOVB Austin,ATX,ATX,violet
2251772,2026,2026-01-12T00:30:00.000Z,2344599,Logan Eggleston,Logan,Eggleston,33,2,active,False,False,False,False,True,3.0,True,2.0,True,3.0,True,2.0,True,3.0,LOVB Austin,ATX,ATX,violet
2251772,2026,2026-01-12T00:30:00.000Z,2336999,Magdalena Jurczyk,Magdalena,Jurczyk,95,4,active,False,False,False,False,False,,False,,False,,False,,False,,LOVB Austin,ATX,ATX,violet
2251772,2026,2026-01-12T00:30:00.000Z,2344566,Piyanut Pannoy,Piyanut,Pannoy,2,1,active,False,False,False,True,False,,False,,False,,False,,False,,LOVB Atlanta,ATL,ATL,hotPink
2251772,2026,2026-01-12T00:30:00.000Z,2494718,Miroslava Paskova,Miroslava,Paskova,6,2,active,False,False,False,False,True,1.0,True,1.0,True,1.0,False,,True,5.0,LOVB Atlanta,ATL,ATL,hotPink
2251772,2026,2026-01-12T00:30:00.000Z,2494717,Ella May Powell,Ella May,Powell,7,5,active,False,False,False,False,False,,False,,False,,True,6.0,True,1.0,LOVB Atlanta,ATL,ATL,hotPink
2251772,2026,2026-01-12T00:30:00.000Z,2351343,Rachel Fairbanks,Rachel,Fairbanks,10,5,active,False,False,False,False,True,6.0,True,6.0,True,6.0,False,,False,,LOVB Atlanta,ATL,ATL,hotPink
2251772,2026,2026-01-12T00:30:00.000Z,2349081,Onye Ofoegbu,Onye,Ofoegbu,11,4,active,False,False,False,False,False,,False,,False,,False,,False,,LOVB Atlanta,ATL,ATL,hotPink
2251772,2026,2026-01-12T00:30:00.000Z,2344610,Carly DeHoog,Carly,DeHoog,12,3,active,False,False,False,False,False,,False,,False,,False,,False,,LOVB Atlanta,ATL,ATL,hotPink
2251772,2026,2026-01-12T00:30:00.000Z,2344425,McKenzie Adams,McKenzie,Adams,13,2,active,False,False,True,False,True,4.0,True,4.0,True,4.0,False,,False,,LOVB Atlanta,ATL,ATL,hotPink
2251772,2026,2026-01-12T00:30:00.000Z,2344570,Tia Jimerson,Tia,Jimerson,14,4,active,False,False,False,False,True,5.0,True,5.0,True,5.0,True,5.0,True,6.0,LOVB Atlanta,ATL,ATL,hotPink
2251772,2026,2026-01-12T00:30:00.000Z,2344573,Magdalena Jehlarova,Magdalena,Jehlarova,15,4,active,False,False,False,False,True,2.0,True,2.0,True,2.0,True,2.0,True,3.0,LOVB Atlanta,ATL,ATL,hotPink
2251772,2026,2026-01-12T00:30:00.000Z,2344567,Beatrice Negretti,Beatrice,Negretti,16,1,active,False,False,False,True,False,,False,,False,,False,,False,,LOVB Atlanta,ATL,ATL,hotPink
2251772,2026,2026-01-12T00:30:00.000Z,2344574,Tessa Grubbs,Tessa,Grubbs,17,3,active,False,False,False,False,True,3.0,True,3.0,True,3.0,True,3.0,True,4.0,LOVB Atlanta,ATL,ATL,hotPink
2251772,2026,2026-01-12T00:30:00.000Z,2494721,Ivonee Montaño,Ivonee,Montaño,18,3,active,False,False,False,False,False,,False,,False,,False,,False,,LOVB Atlanta,ATL,ATL,hotPink
2251772,2026,2026-01-12T00:30:00.000Z,2494720,Jess Robinson,Jess,Robinson,19,4,active,False,False,False,False,False,,False,,False,,False,,False,,LOVB Atlanta,ATL,ATL,hotPink
2251772,2026,2026-01-12T00:30:00.000Z,2494719,Julia Sangiacomo,Julia,Sangiacomo,22,2,active,False,False,False,False,False,,False,,False,,True,4.0,False,,LOVB Atlanta,ATL,ATL,hotPink
2251772,2026,2026-01-12T00:30:00.000Z,2342511,Kelsey Cook,Kelsey,Cook,23,2,active,False,False,False,False,False,,False,,False,,False,,False,,LOVB Atlanta,ATL,ATL,hotPink
2251772,2026,2026-01-12T00:30:00.000Z,2548999,Eva Hudson,Eva,Hudson,27,2,active,False,False,False,False,False,,False,,False,,True,1.0,True,2.0,LOVB Atlanta,ATL,ATL,hotPink
2251783,2026,2026-01-30T02:00:00.000Z,2336969,Jordyn Poulter,Jordyn,Poulter,1,5,active,False,False,True,False,True,1.0,True,1.0,True,1.0,True,1.0,True,1.0,LOVB Salt Lake,SLC,SLC,brightYellow
2251783,2026,2026-01-30T02:00:00.000Z,2549041,Ifenna Cos-Okpalla,Ifenna,Cos-Okpalla,2,4,active,False,False,False,False,False,,False,,False,,False,,False,,LOVB Salt Lake,SLC,SLC,brightYellow
2251783,2026,2026-01-30T02:00:00.000Z,2344545,Dani Drews,Dani,Drews,3,2,active,False,False,False,False,False,,False,,False,,False,,False,,LOVB Salt Lake,SLC,SLC,brightYellow
2251783,2026,2026-01-30T02:00:00.000Z,2344547,Maddie Haynes,Maddie,Haynes,4,2,active,False,False,False,False,False,,False,,False,,False,,False,,LOVB Salt Lake,SLC,SLC,brightYellow
2251783,2026,2026-01-30T02:00:00.000Z,2344554,Skylar Fields,Skylar,Fields,5,3,active,False,False,False,False,False,,False,,True,4.0,True,4.0,True,4.0,LOVB Salt Lake,SLC,SLC,brightYellow
2251783,2026,2026-01-30T02:00:00.000Z,2344551,Tori Dixon,Tori,Dixon,6,4,active,False,False,False,False,True,6.0,True,6.0,True,6.0,True,6.0,True,6.0,LOVB Salt Lake,SLC,SLC,brightYellow
2251783,2026,2026-01-30T02:00:00.000Z,2349080,Sophie Fischer,Sophie,Fischer,7,4,active,False,False,False,False,True,3.0,True,3.0,True,3.0,True,3.0,True,3.0,LOVB Salt Lake,SLC,SLC,brightYellow
2251783,2026,2026-01-30T02:00:00.000Z,2494734,Alexa Gray,Alexa,Gray,9,2,active,False,False,False,False,True,2.0,True,2.0,True,2.0,True,2.0,True,2.0,LOVB Salt Lake,SLC,SLC,brightYellow
2251783,2026,2026-01-30T02:00:00.000Z,2344427,Madi Bugg,Madi,Bugg,10,5,active,False,False,False,False,False,,False,,False,,False,,False,,LOVB Salt Lake,SLC,SLC,brightYellow
2251783,2026,2026-01-30T02:00:00.000Z,2344550,Serena Gray,Serena,Gray,11,4,active,False,False,False,False,False,,False,,False,,False,,False,,LOVB Salt Lake,SLC,SLC,brightYellow
2251783,2026,2026-01-30T02:00:00.000Z,2344546,Roni Jones-Perry,Roni,Jones-Perry,12,2,active,False,False,False,False,True,5.0,True,5.0,True,5.0,True,5.0,True,5.0,LOVB Salt Lake,SLC,SLC,brightYellow
2251783,2026,2026-01-30T02:00:00.000Z,2336979,Haleigh Washington,Haleigh,Washington,15,4,active,False,False,False,False,False,,False,,False,,False,,False,,LOVB Salt Lake,SLC,SLC,brightYellow
2251783,2026,2026-01-30T02:00:00.000Z,2342469,Manami Kojima,Manami,Kojima,16,1,active,False,False,False,True,False,,False,,False,,False,,False,,LOVB Salt Lake,SLC,SLC,brightYellow
2251783,2026,2026-01-30T02:00:00.000Z,2344544,Mary Lake,Mary,Lake,18,1,active,False,False,False,False,False,,False,,False,,False,,False,,LOVB Salt Lake,SLC,SLC,brightYellow
2251783,2026,2026-01-30T02:00:00.000Z,2344548,Claire Hoffman,Claire,Hoffman,21,2,active,False,False,False,False,False,,False,,False,,False,,False,,LOVB Salt Lake,SLC,SLC,brightYellow
2251783,2026,2026-01-30T02:00:00.000Z,2344553,Heidy Casanova,Heidy,Casanova,33,3,active,False,False,False,False,True,4.0,True,4.0,False,,False,,False,,LOVB Salt Lake,SLC,SLC,brightYellow
2251783,2026,2026-01-30T02:00:00.000Z,2344609,Khat Bell,Khat,Bell,1,3,active,False,False,False,False,False,,False,,True,3.0,True,6.0,True,6.0,LOVB Austin,ATX,ATX,violet
2251783,2026,2026-01-30T02:00:00.000Z,2344604,Leah Hardeman,Leah,Hardeman,2,2,active,False,False,False,False,False,,False,,False,,False,,True,1.0,LOVB Austin,ATX,ATX,violet
2251783,2026,2026-01-30T02:00:00.000Z,2344598,Carli Lloyd,Carli,Lloyd,3,5,active,False,False,False,False,False,,False,,False,,False,,False,,LOVB Austin,ATX,ATX,violet
2251783,2026,2026-01-30T02:00:00.000Z,2344588,Madi Banks,Madi,Banks,4,2,active,False,False,False,False,True,5.0,True,4.0,True,4.0,True,1.0,False,,LOVB Austin,ATX,ATX,violet
2251783,2026,2026-01-30T02:00:00.000Z,2344608,Molly McCage,Molly,McCage,5,4,active,False,False,False,False,True,3.0,True,2.0,True,2.0,True,5.0,True,5.0,LOVB Austin,ATX,ATX,violet
2251783,2026,2026-01-30T02:00:00.000Z,2349176,Madisen Skinner,Madisen,Skinner,6,3,active,False,False,False,False,True,4.0,True,3.0,False,,False,,False,,LOVB Austin,ATX,ATX,violet
2251783,2026,2026-01-30T02:00:00.000Z,2344607,Asjia O'Neal,Asjia,O'Neal,7,4,active,False,False,False,False,True,6.0,True,5.0,True,5.0,True,2.0,True,2.0,LOVB Austin,ATX,ATX,violet
2251783,2026,2026-01-30T02:00:00.000Z,2344601,Zoe Jarvis,Zoe,Jarvis,10,1,active,False,False,False,False,False,,False,,False,,False,,False,,LOVB Austin,ATX,ATX,violet
2251783,2026,2026-01-30T02:00:00.000Z,2494716,Isabella Bergmark,Isabella,Bergmark,11,4,active,False,False,False,False,False,,False,,False,,False,,False,,LOVB Austin,ATX,ATX,violet
2251783,2026,2026-01-30T02:00:00.000Z,2344606,Juliann Faucette,Juliann,Faucette,13,3,active,False,False,True,False,False,,False,,False,,False,,False,,LOVB Austin,ATX,ATX,violet
2251783,2026,2026-01-30T02:00:00.000Z,2344602,Kotoe Inoue,Kotoe,Inoue,15,1,active,False,False,False,True,False,,False,,False,,False,,False,,LOVB Austin,ATX,ATX,violet
2251783,2026,2026-01-30T02:00:00.000Z,2494714,Brie O'Reilly,Brie,O'Reilly,17,5,active,False,False,False,False,True,1.0,True,6.0,True,6.0,True,3.0,True,3.0,LOVB Austin,ATX,ATX,violet
2251783,2026,2026-01-30T02:00:00.000Z,2547939,Bailey Miller,Bailey,Miller,22,2,active,False,False,False,False,False,,False,,False,,False,,False,,LOVB Austin,ATX,ATX,violet
2251783,2026,2026-01-30T02:00:00.000Z,2344599,Logan Eggleston,Logan,Eggleston,33,2,active,False,False,False,False,True,2.0,True,1.0,True,1.0,True,4.0,True,4.0,LOVB Austin,ATX,ATX,violet
2251783,2026,2026-01-30T02:00:00.000Z,2336999,Magdalena Jurczyk,Magdalena,Jurczyk,95,4,active,False,False,False,False,False,,False,,False,,False,,False,,LOVB Austin,ATX,ATX,violet
2251784,2026,2026-01-31T01:00:00.000Z,2349314,Lexi Rodriguez,Lexi,Rodriguez,1,1,active,False,False,False,False,False,,False,,False,,False,,False,,LOVB Nebraska,NEB,NEB,apple
2251784,2026,2026-01-31T01:00:00.000Z,2344593,Emily Thater,Emily,Thater,2,4,active,False,False,False,False,True,6.0,True,5.0,True,6.0,True,5.0,True,6.0,LOVB Nebraska,NEB,NEB,apple
2251784,2026,2026-01-31T01:00:00.000Z,2344587,Annie Cesar,Annie,Cesar,3,1,active,False,False,False,False,False,,False,,False,,False,,False,,LOVB Nebraska,NEB,NEB,apple
2251784,2026,2026-01-31T01:00:00.000Z,2344590,Vicky Savard,Vicky,Savard,4,2,active,False,False,False,False,False,,False,,False,,False,,False,,LOVB Nebraska,NEB,NEB,apple
2251784,2026,2026-01-31T01:00:00.000Z,2344589,Jaali Winters,Jaali,Winters,5,2,active,False,False,False,False,True,2.0,True,1.0,True,2.0,True,1.0,True,2.0,LOVB Nebraska,NEB,NEB,apple
2251784,2026,2026-01-31T01:00:00.000Z,2344596,Kimberly Drewniok,Kimberly,Drewniok,8,3,active,False,False,False,False,True,4.0,True,3.0,False,,False,,False,,LOVB Nebraska,NEB,NEB,apple
2251784,2026,2026-01-31T01:00:00.000Z,2344564,Iga Wasilewska,Iga,Wasilewska,9,4,active,False,False,False,False,False,,False,,False,,False,,False,,LOVB Nebraska,NEB,NEB,apple
2251784,2026,2026-01-31T01:00:00.000Z,2336975,Jordan Larson,Jordan,Larson,10,2,active,False,False,True,False,True,5.0,True,4.0,True,5.0,True,4.0,True,5.0,LOVB Nebraska,NEB,NEB,apple
2251784,2026,2026-01-31T01:00:00.000Z,2494731,Anne Buijs,Anne,Buijs,11,2,active,False,False,False,False,False,,False,,True,4.0,True,3.0,True,4.0,LOVB Nebraska,NEB,NEB,apple
2251784,2026,2026-01-31T01:00:00.000Z,2344597,Audriana Fitzmorris,Audriana,Fitzmorris,12,3,active,False,False,False,False,False,,False,,False,,False,,False,,LOVB Nebraska,NEB,NEB,apple
2251784,2026,2026-01-31T01:00:00.000Z,2344586,Gabby Blossom,Gabby,Blossom,13,5,active,False,False,False,False,False,,False,,False,,False,,False,,LOVB Nebraska,NEB,NEB,apple
2251784,2026,2026-01-31T01:00:00.000Z,2344585,Laura Dijkema,Laura,Dijkema,14,5,active,False,False,False,False,True,1.0,True,6.0,True,1.0,True,6.0,True,1.0,LOVB Nebraska,NEB,NEB,apple
2251784,2026,2026-01-31T01:00:00.000Z,2494733,Ana Carolina Da Silva,Ana Carolina,Da Silva,15,4,active,False,False,False,False,True,3.0,True,2.0,True,3.0,True,2.0,True,3.0,LOVB Nebraska,NEB,NEB,apple
2251784,2026,2026-01-31T01:00:00.000Z,2344592,Candelaria Herrera,Candelaria,Herrera,17,4,active,False,False,False,False,False,,False,,False,,False,,False,,LOVB Nebraska,NEB,NEB,apple
2251784,2026,2026-01-31T01:00:00.000Z,2494732,Alexis Hart,Alexis,Hart,19,2,active,False,False,False,False,False,,False,,False,,False,,False,,LOVB Nebraska,NEB,NEB,apple
2251784,2026,2026-01-31T01:00:00.000Z,2547881,Julia Hanson,Julia,Hanson,22,2,active,False,False,False,False,False,,False,,False,,False,,False,,LOVB Nebraska,NEB,NEB,apple
2251784,2026,2026-01-31T01:00:00.000Z,2494725,Indre Sorokaite,Indre,Sorokaite,1,2,active,False,False,False,False,False,,False,,False,,False,,False,,LOVB Madison,MAD,MAD,babyBlue
2251784,2026,2026-01-31T01:00:00.000Z,2342510,Anna Hall,Anna,Hall,2,4,active,False,False,False,False,False,,False,,False,,False,,False,,LOVB Madison,MAD,MAD,babyBlue
2251784,2026,2026-01-31T01:00:00.000Z,2344581,Mariena Hayden,Mariena,Hayden,3,2,active,False,False,False,False,False,,False,,True,1.0,True,1.0,True,1.0,LOVB Madison,MAD,MAD,babyBlue
2251784,2026,2026-01-31T01:00:00.000Z,2344577,Milica Medved,Milica,Medved,4,1,active,False,False,False,True,False,,False,,False,,False,,False,,LOVB Madison,MAD,MAD,babyBlue
2251784,2026,2026-01-31T01:00:00.000Z,2547943,Rebekah Allick,Rebekah,Allick,5,4,active,False,False,False,False,True,3.0,True,3.0,False,,False,,True,2.0,LOVB Madison,MAD,MAD,babyBlue
2251784,2026,2026-01-31T01:00:00.000Z,2494729,Gong Xiangyu,Gong,Xiangyu,6,3,active,False,False,False,False,True,4.0,True,4.0,True,3.0,True,3.0,True,3.0,LOVB Madison,MAD,MAD,babyBlue
2251784,2026,2026-01-31T01:00:00.000Z,2342508,Lauren Carlini,Lauren,Carlini,7,5,active,False,False,True,False,True,1.0,True,1.0,True,6.0,True,6.0,True,6.0,LOVB Madison,MAD,MAD,babyBlue
2251784,2026,2026-01-31T01:00:00.000Z,2494724,Argentina Ung,Argentina,Ung,8,5,active,False,False,False,False,False,,False,,False,,False,,False,,LOVB Madison,MAD,MAD,babyBlue
2251784,2026,2026-01-31T01:00:00.000Z,2344580,Claire Chaussee,Claire,Chaussee,9,2,active,False,False,False,False,False,,False,,False,,False,,False,,LOVB Madison,MAD,MAD,babyBlue
2251784,2026,2026-01-31T01:00:00.000Z,2494727,Annayka Legros,Annayka,Legros,10,4,active,False,False,False,False,False,,False,,True,2.0,True,2.0,False,,LOVB Madison,MAD,MAD,babyBlue
2251784,2026,2026-01-31T01:00:00.000Z,2344612,Anna Pogany,Anna,Pogany,11,1,active,False,False,False,False,False,,False,,False,,False,,False,,LOVB Madison,MAD,MAD,babyBlue
2251784,2026,2026-01-31T01:00:00.000Z,2344582,Temi Thomas-Ailara,Temi,Thomas-Ailara,12,3,active,False,False,False,False,True,5.0,True,5.0,True,4.0,False,,False,,LOVB Madison,MAD,MAD,babyBlue
2251784,2026,2026-01-31T01:00:00.000Z,2344605,Anna Haak,Anna,Haak,17,2,active,False,False,False,False,True,2.0,True,2.0,False,,False,,False,,LOVB Madison,MAD,MAD,babyBlue
2251784,2026,2026-01-31T01:00:00.000Z,2494726,Andrea Mitrovic,Andrea,Mitrovic,21,2,active,False,False,False,False,False,,False,,False,,True,4.0,True,4.0,LOVB Madison,MAD,MAD,babyBlue
2251784,2026,2026-01-31T01:00:00.000Z,2623252,Gillian Grimes,Gillian,Grimes,23,1,active,False,False,False,True,False,,False,,False,,False,,False,,LOVB Madison,MAD,MAD,babyBlue
2251784,2026,2026-01-31T01:00:00.000Z,2494728,Callie Schwarzenbach,Callie,Schwarzenbach,25,4,active,False,False,False,False,True,6.0,True,6.0,True,5.0,True,5.0,True,5.0,LOVB Madison,MAD,MAD,babyBlue
2251784,2026,2026-01-31T01:00:00.000Z,2349077,Ana B Correa,Ana B,Correa,27,4,active,False,False,False,False,False,,False,,False,,False,,False,,LOVB Madison,MAD,MAD,babyBlue
2251785,2026,2026-02-01T02:00:00.000Z,2336969,Jordyn Poulter,Jordyn,Poulter,1,5,active,False,False,True,False,True,1.0,True,1.0,True,1.0,,,,,LOVB Salt Lake,SLC,SLC,brightYellow
2251785,2026,2026-02-01T02:00:00.000Z,2549041,Ifenna Cos-Okpalla,Ifenna,Cos-Okpalla,2,4,active,False,False,False,False,False,,False,,False,,,,,,LOVB Salt Lake,SLC,SLC,brightYellow
2251785,2026,2026-02-01T02:00:00.000Z,2344545,Dani Drews,Dani,Drews,3,2,active,False,False,False,False,False,,False,,False,,,,,,LOVB Salt Lake,SLC,SLC,brightYellow
2251785,2026,2026-02-01T02:00:00.000Z,2344547,Maddie Haynes,Maddie,Haynes,4,2,active,False,False,False,False,False,,False,,False,,,,,,LOVB Salt Lake,SLC,SLC,brightYellow
2251785,2026,2026-02-01T02:00:00.000Z,2344554,Skylar Fields,Skylar,Fields,5,3,active,False,False,False,False,False,,False,,False,,,,,,LOVB Salt Lake,SLC,SLC,brightYellow
2251785,2026,2026-02-01T02:00:00.000Z,2344551,Tori Dixon,Tori,Dixon,6,4,active,False,False,False,False,True,6.0,True,6.0,True,6.0,,,,,LOVB Salt Lake,SLC,SLC,brightYellow
2251785,2026,2026-02-01T02:00:00.000Z,2349080,Sophie Fischer,Sophie,Fischer,7,4,active,False,False,False,False,True,3.0,True,3.0,True,3.0,,,,,LOVB Salt Lake,SLC,SLC,brightYellow
2251785,2026,2026-02-01T02:00:00.000Z,2494734,Alexa Gray,Alexa,Gray,9,2,active,False,False,False,False,True,2.0,True,2.0,True,2.0,,,,,LOVB Salt Lake,SLC,SLC,brightYellow
2251785,2026,2026-02-01T02:00:00.000Z,2344427,Madi Bugg,Madi,Bugg,10,5,active,False,False,False,False,False,,False,,False,,,,,,LOVB Salt Lake,SLC,SLC,brightYellow
2251785,2026,2026-02-01T02:00:00.000Z,2344550,Serena Gray,Serena,Gray,11,4,active,False,False,False,False,False,,False,,False,,,,,,LOVB Salt Lake,SLC,SLC,brightYellow
2251785,2026,2026-02-01T02:00:00.000Z,2344546,Roni Jones-Perry,Roni,Jones-Perry,12,2,active,False,False,False,False,True,5.0,True,5.0,True,5.0,,,,,LOVB Salt Lake,SLC,SLC,brightYellow
2251785,2026,2026-02-01T02:00:00.000Z,2336979,Haleigh Washington,Haleigh,Washington,15,4,active,False,False,False,False,False,,False,,False,,,,,,LOVB Salt Lake,SLC,SLC,brightYellow
2251785,2026,2026-02-01T02:00:00.000Z,2342469,Manami Kojima,Manami,Kojima,16,1,active,False,False,False,True,False,,False,,False,,,,,,LOVB Salt Lake,SLC,SLC,brightYellow
2251785,2026,2026-02-01T02:00:00.000Z,2344544,Mary Lake,Mary,Lake,18,1,active,False,False,False,False,False,,False,,False,,,,,,LOVB Salt Lake,SLC,SLC,brightYellow
2251785,2026,2026-02-01T02:00:00.000Z,2344548,Claire Hoffman,Claire,Hoffman,21,2,active,False,False,False,False,False,,False,,False,,,,,,LOVB Salt Lake,SLC,SLC,brightYellow
2251785,2026,2026-02-01T02:00:00.000Z,2344553,Heidy Casanova,Heidy,Casanova,33,3,active,False,False,False,False,True,4.0,True,4.0,True,4.0,,,,,LOVB Salt Lake,SLC,SLC,brightYellow
2251785,2026,2026-02-01T02:00:00.000Z,2344566,Piyanut Pannoy,Piyanut,Pannoy,2,1,active,False,False,False,True,False,,False,,False,,,,,,LOVB Atlanta,ATL,ATL,hotPink
2251785,2026,2026-02-01T02:00:00.000Z,2494718,Miroslava Paskova,Miroslava,Paskova,6,2,active,False,False,False,False,False,,False,,False,,,,,,LOVB Atlanta,ATL,ATL,hotPink
2251785,2026,2026-02-01T02:00:00.000Z,2494717,Ella May Powell,Ella May,Powell,7,5,active,False,False,False,False,False,,False,,False,,,,,,LOVB Atlanta,ATL,ATL,hotPink
2251785,2026,2026-02-01T02:00:00.000Z,2351343,Rachel Fairbanks,Rachel,Fairbanks,10,5,active,False,False,False,False,True,6.0,True,1.0,True,3.0,,,,,LOVB Atlanta,ATL,ATL,hotPink
2251785,2026,2026-02-01T02:00:00.000Z,2349081,Onye Ofoegbu,Onye,Ofoegbu,11,4,active,False,False,False,False,True,2.0,True,3.0,True,5.0,,,,,LOVB Atlanta,ATL,ATL,hotPink
2251785,2026,2026-02-01T02:00:00.000Z,2344610,Carly DeHoog,Carly,DeHoog,12,3,active,False,False,False,False,False,,False,,False,,,,,,LOVB Atlanta,ATL,ATL,hotPink
2251785,2026,2026-02-01T02:00:00.000Z,2344425,McKenzie Adams,McKenzie,Adams,13,2,active,False,False,True,False,True,1.0,True,2.0,True,1.0,,,,,LOVB Atlanta,ATL,ATL,hotPink
2251785,2026,2026-02-01T02:00:00.000Z,2344570,Tia Jimerson,Tia,Jimerson,14,4,active,False,False,False,False,True,5.0,True,6.0,False,,,,,,LOVB Atlanta,ATL,ATL,hotPink
2251785,2026,2026-02-01T02:00:00.000Z,2344573,Magdalena Jehlarova,Magdalena,Jehlarova,15,4,active,False,False,False,False,False,,False,,True,2.0,,,,,LOVB Atlanta,ATL,ATL,hotPink
2251785,2026,2026-02-01T02:00:00.000Z,2344567,Beatrice Negretti,Beatrice,Negretti,16,1,active,False,False,False,False,False,,False,,False,,,,,,LOVB Atlanta,ATL,ATL,hotPink
2251785,2026,2026-02-01T02:00:00.000Z,2344574,Tessa Grubbs,Tessa,Grubbs,17,3,active,False,False,False,False,True,3.0,True,4.0,True,6.0,,,,,LOVB Atlanta,ATL,ATL,hotPink
2251785,2026,2026-02-01T02:00:00.000Z,2494721,Ivonee Montaño,Ivonee,Montaño,18,3,active,False,False,False,False,False,,False,,True,4.0,,,,,LOVB Atlanta,ATL,ATL,hotPink
2251785,2026,2026-02-01T02:00:00.000Z,2494720,Jess Robinson,Jess,Robinson,19,4,active,False,False,False,False,False,,False,,False,,,,,,LOVB Atlanta,ATL,ATL,hotPink
2251785,2026,2026-02-01T02:00:00.000Z,2494719,Julia Sangiacomo,Julia,Sangiacomo,22,2,active,False,False,False,False,True,4.0,True,5.0,False,,,,,,LOVB Atlanta,ATL,ATL,hotPink
2251785,2026,2026-02-01T02:00:00.000Z,2342511,Kelsey Cook,Kelsey,Cook,23,2,active,False,False,False,False,False,,False,,False,,,,,,LOVB Atlanta,ATL,ATL,hotPink
2251785,2026,2026-02-01T02:00:00.000Z,2548999,Eva Hudson,Eva,Hudson,27,2,active,False,False,False,False,False,,False,,False,,,,,,LOVB Atlanta,ATL,ATL,hotPink
2251786,2026,2026-02-01T23:30:00.000Z,2344616,Karin Palgutova,Karin,Palgutova,2,2,active,False,False,False,False,True,2.0,True,2.0,True,2.0,,,,,LOVB Houston,HTX,HTX,brightBlue
2251786,2026,2026-02-01T23:30:00.000Z,2344618,Amber Igiede,Amber,Igiede,3,4,active,False,False,False,False,True,6.0,True,6.0,True,6.0,,,,,LOVB Houston,HTX,HTX,brightBlue
2251786,2026,2026-02-01T23:30:00.000Z,2494722,Lauren Briseño,Lauren,Briseño,5,1,active,False,False,False,True,False,,False,,False,,,,,,LOVB Houston,HTX,HTX,brightBlue
2251786,2026,2026-02-01T23:30:00.000Z,2494723,Jazmine White,Jazmine,White,6,4,active,False,False,False,False,False,,False,,False,,,,,,LOVB Houston,HTX,HTX,brightBlue
2251786,2026,2026-02-01T23:30:00.000Z,2344617,Raphaela Folie,Raphaela,Folie,7,4,active,False,False,False,False,True,3.0,True,3.0,True,3.0,,,,,LOVB Houston,HTX,HTX,brightBlue
2251786,2026,2026-02-01T23:30:00.000Z,2344611,Kaisa Alanko,Kaisa,Alanko,8,5,active,False,False,False,False,True,1.0,True,1.0,True,1.0,,,,,LOVB Houston,HTX,HTX,brightBlue
2251786,2026,2026-02-01T23:30:00.000Z,2344614,Madi Rishel,Madi,Rishel,9,2,active,False,False,False,False,True,5.0,True,5.0,True,5.0,,,,,LOVB Houston,HTX,HTX,brightBlue
2251786,2026,2026-02-01T23:30:00.000Z,2539857,Maya Sands,Maya,Sands,10,1,active,False,False,False,False,False,,False,,False,,,,,,LOVB Houston,HTX,HTX,brightBlue
2251786,2026,2026-02-01T23:30:00.000Z,2344620,Anita Anwusi,Anita,Anwusi,11,4,active,False,False,False,False,False,,False,,False,,,,,,LOVB Houston,HTX,HTX,brightBlue
2251786,2026,2026-02-01T23:30:00.000Z,2336967,Micha Hancock,Micha,Hancock,12,5,active,False,False,True,False,False,,False,,False,,,,,,LOVB Houston,HTX,HTX,brightBlue
2251786,2026,2026-02-01T23:30:00.000Z,2344622,Julia Brown,Julia,Brown,14,2,active,False,False,False,False,False,,False,,False,,,,,,LOVB Houston,HTX,HTX,brightBlue
2251786,2026,2026-02-01T23:30:00.000Z,2623251,Maddie Waak,Maddie,Waak,16,5,active,False,False,False,False,False,,False,,False,,,,,,LOVB Houston,HTX,HTX,brightBlue
2251786,2026,2026-02-01T23:30:00.000Z,2344615,Sara Loda,Sara,Loda,17,2,active,False,False,False,False,False,,False,,False,,,,,,LOVB Houston,HTX,HTX,brightBlue
2251786,2026,2026-02-01T23:30:00.000Z,2549003,Logan Lednicky,Logan,Lednicky,18,3,active,False,False,False,False,False,,False,,False,,,,,,LOVB Houston,HTX,HTX,brightBlue
2251786,2026,2026-02-01T23:30:00.000Z,2349315,Jess Mruzik,Jess,Mruzik,19,2,active,False,False,False,False,False,,False,,False,,,,,,LOVB Houston,HTX,HTX,brightBlue
2251786,2026,2026-02-01T23:30:00.000Z,2336977,Jordan Thompson,Jordan,Thompson,23,3,active,False,False,False,False,True,4.0,True,4.0,True,4.0,,,,,LOVB Houston,HTX,HTX,brightBlue
2251786,2026,2026-02-01T23:30:00.000Z,2344621,Grace Frohling,Grace,Frohling,1,3,reserve,False,False,False,False,False,,False,,False,,,,,,LOVB Houston,HTX,HTX,brightBlue
2251786,2026,2026-02-01T23:30:00.000Z,2336972,Justine Wong-Orantes,Justine,Wong-Orantes,4,1,reserve,False,False,False,False,False,,False,,False,,,,,,LOVB Houston,HTX,HTX,brightBlue
2251786,2026,2026-02-01T23:30:00.000Z,2494725,Indre Sorokaite,Indre,Sorokaite,1,2,active,False,False,False,False,False,,False,,False,,,,,,LOVB Madison,MAD,MAD,babyBlue
2251786,2026,2026-02-01T23:30:00.000Z,2344581,Mariena Hayden,Mariena,Hayden,3,2,active,False,False,False,False,False,,False,,False,,,,,,LOVB Madison,MAD,MAD,babyBlue
2251786,2026,2026-02-01T23:30:00.000Z,2344577,Milica Medved,Milica,Medved,4,1,active,False,False,False,True,False,,False,,False,,,,,,LOVB Madison,MAD,MAD,babyBlue
2251786,2026,2026-02-01T23:30:00.000Z,2547943,Rebekah Allick,Rebekah,Allick,5,4,active,False,False,False,False,False,,False,,True,2.0,,,,,LOVB Madison,MAD,MAD,babyBlue
2251786,2026,2026-02-01T23:30:00.000Z,2494729,Gong Xiangyu,Gong,Xiangyu,6,3,active,False,False,False,False,True,2.0,True,1.0,True,3.0,,,,,LOVB Madison,MAD,MAD,babyBlue
2251786,2026,2026-02-01T23:30:00.000Z,2342508,Lauren Carlini,Lauren,Carlini,7,5,active,False,False,True,False,True,5.0,True,4.0,True,6.0,,,,,LOVB Madison,MAD,MAD,babyBlue
2251786,2026,2026-02-01T23:30:00.000Z,2494724,Argentina Ung,Argentina,Ung,8,5,active,False,False,False,False,False,,False,,False,,,,,,LOVB Madison,MAD,MAD,babyBlue
2251786,2026,2026-02-01T23:30:00.000Z,2344580,Claire Chaussee,Claire,Chaussee,9,2,active,False,False,False,False,False,,False,,False,,,,,,LOVB Madison,MAD,MAD,babyBlue
2251786,2026,2026-02-01T23:30:00.000Z,2494727,Annayka Legros,Annayka,Legros,10,4,active,False,False,False,False,True,1.0,True,6.0,False,,,,,,LOVB Madison,MAD,MAD,babyBlue
2251786,2026,2026-02-01T23:30:00.000Z,2344582,Temi Thomas-Ailara,Temi,Thomas-Ailara,12,3,active,False,False,False,False,True,3.0,True,2.0,True,4.0,,,,,LOVB Madison,MAD,MAD,babyBlue
2251786,2026,2026-02-01T23:30:00.000Z,2344605,Anna Haak,Anna,Haak,17,2,active,False,False,False,False,True,6.0,True,5.0,True,1.0,,,,,LOVB Madison,MAD,MAD,babyBlue
2251786,2026,2026-02-01T23:30:00.000Z,2494726,Andrea Mitrovic,Andrea,Mitrovic,21,2,active,False,False,False,False,False,,False,,False,,,,,,LOVB Madison,MAD,MAD,babyBlue
2251786,2026,2026-02-01T23:30:00.000Z,2623252,Gillian Grimes,Gillian,Grimes,23,1,active,False,False,False,True,False,,False,,False,,,,,,LOVB Madison,MAD,MAD,babyBlue
2251786,2026,2026-02-01T23:30:00.000Z,2494728,Callie Schwarzenbach,Callie,Schwarzenbach,25,4,active,False,False,False,False,True,4.0,True,3.0,True,5.0,,,,,LOVB Madison,MAD,MAD,babyBlue
2251786,2026,2026-02-01T23:30:00.000Z,2349077,Ana B Correa,Ana B,Correa,27,4,active,False,False,False,False,False,,False,,False,,,,,,LOVB Madison,MAD,MAD,babyBlue
2251786,2026,2026-02-01T23:30:00.000Z,2342510,Anna Hall,Anna,Hall,2,4,reserve,False,False,False,False,False,,False,,False,,,,,,LOVB Madison,MAD,MAD,babyBlue
2251786,2026,2026-02-01T23:30:00.000Z,2344612,Anna Pogany,Anna,Pogany,11,1,reserve,False,False,False,False,False,,False,,False,,,,,,LOVB Madison,MAD,MAD,babyBlue
2251787,2026,2026-02-01T21:00:00.000Z,2349314,Lexi Rodriguez,Lexi,Rodriguez,1,1,active,False,False,False,False,False,,False,,False,,False,,,,LOVB Nebraska,NEB,NEB,apple
2251787,2026,2026-02-01T21:00:00.000Z,2344593,Emily Thater,Emily,Thater,2,4,active,False,False,False,False,True,6.0,True,6.0,True,6.0,True,6.0,,,LOVB Nebraska,NEB,NEB,apple
2251787,2026,2026-02-01T21:00:00.000Z,2344587,Annie Cesar,Annie,Cesar,3,1,active,False,False,False,False,False,,False,,False,,False,,,,LOVB Nebraska,NEB,NEB,apple
2251787,2026,2026-02-01T21:00:00.000Z,2344590,Vicky Savard,Vicky,Savard,4,2,active,False,False,False,False,False,,False,,False,,False,,,,LOVB Nebraska,NEB,NEB,apple
2251787,2026,2026-02-01T21:00:00.000Z,2344589,Jaali Winters,Jaali,Winters,5,2,active,False,False,False,False,True,2.0,True,2.0,True,2.0,False,,,,LOVB Nebraska,NEB,NEB,apple
2251787,2026,2026-02-01T21:00:00.000Z,2344596,Kimberly Drewniok,Kimberly,Drewniok,8,3,active,False,False,False,False,True,4.0,True,4.0,True,4.0,True,4.0,,,LOVB Nebraska,NEB,NEB,apple
2251787,2026,2026-02-01T21:00:00.000Z,2344564,Iga Wasilewska,Iga,Wasilewska,9,4,active,False,False,False,False,False,,False,,False,,False,,,,LOVB Nebraska,NEB,NEB,apple
2251787,2026,2026-02-01T21:00:00.000Z,2336975,Jordan Larson,Jordan,Larson,10,2,active,False,False,True,False,True,5.0,True,5.0,True,5.0,True,5.0,,,LOVB Nebraska,NEB,NEB,apple
2251787,2026,2026-02-01T21:00:00.000Z,2494731,Anne Buijs,Anne,Buijs,11,2,active,False,False,False,False,False,,False,,False,,True,2.0,,,LOVB Nebraska,NEB,NEB,apple
2251787,2026,2026-02-01T21:00:00.000Z,2344597,Audriana Fitzmorris,Audriana,Fitzmorris,12,3,active,False,False,False,False,False,,False,,False,,False,,,,LOVB Nebraska,NEB,NEB,apple
2251787,2026,2026-02-01T21:00:00.000Z,2344586,Gabby Blossom,Gabby,Blossom,13,5,active,False,False,False,False,False,,False,,False,,False,,,,LOVB Nebraska,NEB,NEB,apple
2251787,2026,2026-02-01T21:00:00.000Z,2344585,Laura Dijkema,Laura,Dijkema,14,5,active,False,False,False,False,True,1.0,True,1.0,True,1.0,True,1.0,,,LOVB Nebraska,NEB,NEB,apple
2251787,2026,2026-02-01T21:00:00.000Z,2494733,Ana Carolina Da Silva,Ana Carolina,Da Silva,15,4,active,False,False,False,False,True,3.0,True,3.0,True,3.0,False,,,,LOVB Nebraska,NEB,NEB,apple
2251787,2026,2026-02-01T21:00:00.000Z,2344592,Candelaria Herrera,Candelaria,Herrera,17,4,active,False,False,False,False,False,,False,,False,,True,3.0,,,LOVB Nebraska,NEB,NEB,apple
2251787,2026,2026-02-01T21:00:00.000Z,2494732,Alexis Hart,Alexis,Hart,19,2,active,False,False,False,False,False,,False,,False,,False,,,,LOVB Nebraska,NEB,NEB,apple
2251787,2026,2026-02-01T21:00:00.000Z,2547881,Julia Hanson,Julia,Hanson,22,2,active,False,False,False,False,False,,False,,False,,False,,,,LOVB Nebraska,NEB,NEB,apple
2251787,2026,2026-02-01T21:00:00.000Z,2344609,Khat Bell,Khat,Bell,1,3,active,False,False,False,False,False,,False,,False,,False,,,,LOVB Austin,ATX,ATX,violet
2251787,2026,2026-02-01T21:00:00.000Z,2344604,Leah Hardeman,Leah,Hardeman,2,2,active,False,False,False,False,False,,False,,False,,False,,,,LOVB Austin,ATX,ATX,violet
2251787,2026,2026-02-01T21:00:00.000Z,2344598,Carli Lloyd,Carli,Lloyd,3,5,active,False,False,False,False,False,,False,,False,,False,,,,LOVB Austin,ATX,ATX,violet
2251787,2026,2026-02-01T21:00:00.000Z,2344588,Madi Banks,Madi,Banks,4,2,active,False,False,False,False,True,3.0,True,2.0,True,1.0,True,1.0,,,LOVB Austin,ATX,ATX,violet
2251787,2026,2026-02-01T21:00:00.000Z,2344608,Molly McCage,Molly,McCage,5,4,active,False,False,False,False,True,1.0,True,6.0,True,5.0,True,5.0,,,LOVB Austin,ATX,ATX,violet
2251787,2026,2026-02-01T21:00:00.000Z,2349176,Madisen Skinner,Madisen,Skinner,6,3,active,False,False,False,False,True,2.0,True,1.0,True,6.0,True,6.0,,,LOVB Austin,ATX,ATX,violet
2251787,2026,2026-02-01T21:00:00.000Z,2344607,Asjia O'Neal,Asjia,O'Neal,7,4,active,False,False,False,False,True,4.0,True,3.0,True,2.0,True,2.0,,,LOVB Austin,ATX,ATX,violet
2251787,2026,2026-02-01T21:00:00.000Z,2344601,Zoe Jarvis,Zoe,Jarvis,10,1,active,False,False,False,False,False,,False,,False,,False,,,,LOVB Austin,ATX,ATX,violet
2251787,2026,2026-02-01T21:00:00.000Z,2494716,Isabella Bergmark,Isabella,Bergmark,11,4,active,False,False,False,False,False,,False,,False,,False,,,,LOVB Austin,ATX,ATX,violet
2251787,2026,2026-02-01T21:00:00.000Z,2344606,Juliann Faucette,Juliann,Faucette,13,3,active,False,False,True,False,False,,False,,False,,False,,,,LOVB Austin,ATX,ATX,violet
2251787,2026,2026-02-01T21:00:00.000Z,2344602,Kotoe Inoue,Kotoe,Inoue,15,1,active,False,False,False,False,False,,False,,False,,False,,,,LOVB Austin,ATX,ATX,violet
2251787,2026,2026-02-01T21:00:00.000Z,2494714,Brie O'Reilly,Brie,O'Reilly,17,5,active,False,False,False,False,True,5.0,True,4.0,True,3.0,True,3.0,,,LOVB Austin,ATX,ATX,violet
2251787,2026,2026-02-01T21:00:00.000Z,2547939,Bailey Miller,Bailey,Miller,22,2,active,False,False,False,False,False,,False,,False,,False,,,,LOVB Austin,ATX,ATX,violet
2251787,2026,2026-02-01T21:00:00.000Z,2344599,Logan Eggleston,Logan,Eggleston,33,2,active,False,False,False,False,True,6.0,True,5.0,True,4.0,True,4.0,,,LOVB Austin,ATX,ATX,violet
2251787,2026,2026-02-01T21:00:00.000Z,2336999,Magdalena Jurczyk,Magdalena,Jurczyk,95,4,active,False,False,False,False,False,,False,,False,,False,,,,LOVB Austin,ATX,ATX,violet
2251788,2026,2026-02-05T01:00:00.000Z,2344609,Khat Bell,Khat,Bell,1,3,active,False,False,False,False,False,,False,,False,,False,,False,,LOVB Austin,ATX,ATX,violet
2251788,2026,2026-02-05T01:00:00.000Z,2344604,Leah Hardeman,Leah,Hardeman,2,2,active,False,False,False,False,False,,False,,False,,False,,False,,LOVB Austin,ATX,ATX,violet
2251788,2026,2026-02-05T01:00:00.000Z,2344598,Carli Lloyd,Carli,Lloyd,3,5,active,False,False,False,False,False,,False,,False,,False,,False,,LOVB Austin,ATX,ATX,violet
2251788,2026,2026-02-05T01:00:00.000Z,2344588,Madi Banks,Madi,Banks,4,2,active,False,False,False,False,True,6.0,True,5.0,True,5.0,True,5.0,True,2.0,LOVB Austin,ATX,ATX,violet
2251788,2026,2026-02-05T01:00:00.000Z,2344608,Molly McCage,Molly,McCage,5,4,active,False,False,False,False,True,4.0,True,3.0,True,3.0,True,3.0,True,6.0,LOVB Austin,ATX,ATX,violet
2251788,2026,2026-02-05T01:00:00.000Z,2349176,Madisen Skinner,Madisen,Skinner,6,3,active,False,False,False,False,True,5.0,True,4.0,True,4.0,True,4.0,True,1.0,LOVB Austin,ATX,ATX,violet
2251788,2026,2026-02-05T01:00:00.000Z,2344607,Asjia O'Neal,Asjia,O'Neal,7,4,active,False,False,False,False,True,1.0,True,6.0,True,6.0,True,6.0,True,3.0,LOVB Austin,ATX,ATX,violet
2251788,2026,2026-02-05T01:00:00.000Z,2344601,Zoe Jarvis,Zoe,Jarvis,10,1,active,False,False,False,True,False,,False,,False,,False,,False,,LOVB Austin,ATX,ATX,violet
2251788,2026,2026-02-05T01:00:00.000Z,2494716,Isabella Bergmark,Isabella,Bergmark,11,4,active,False,False,False,False,False,,False,,False,,False,,False,,LOVB Austin,ATX,ATX,violet
2251788,2026,2026-02-05T01:00:00.000Z,2344606,Juliann Faucette,Juliann,Faucette,13,3,active,False,False,True,False,False,,False,,False,,False,,False,,LOVB Austin,ATX,ATX,violet
2251788,2026,2026-02-05T01:00:00.000Z,2344602,Kotoe Inoue,Kotoe,Inoue,15,1,active,False,False,False,True,False,,False,,False,,False,,False,,LOVB Austin,ATX,ATX,violet
2251788,2026,2026-02-05T01:00:00.000Z,2494714,Brie O'Reilly,Brie,O'Reilly,17,5,active,False,False,False,False,True,2.0,True,1.0,True,1.0,True,1.0,True,4.0,LOVB Austin,ATX,ATX,violet
2251788,2026,2026-02-05T01:00:00.000Z,2547939,Bailey Miller,Bailey,Miller,22,2,active,False,False,False,False,False,,False,,False,,False,,False,,LOVB Austin,ATX,ATX,violet
2251788,2026,2026-02-05T01:00:00.000Z,2344599,Logan Eggleston,Logan,Eggleston,33,2,active,False,False,False,False,True,3.0,True,2.0,True,2.0,True,2.0,True,5.0,LOVB Austin,ATX,ATX,violet
2251788,2026,2026-02-05T01:00:00.000Z,2336999,Magdalena Jurczyk,Magdalena,Jurczyk,95,4,active,False,False,False,False,False,,False,,False,,False,,False,,LOVB Austin,ATX,ATX,violet
2251788,2026,2026-02-05T01:00:00.000Z,2344566,Piyanut Pannoy,Piyanut,Pannoy,2,1,active,False,False,False,True,False,,False,,False,,False,,False,,LOVB Atlanta,ATL,ATL,hotPink
2251788,2026,2026-02-05T01:00:00.000Z,2494718,Miroslava Paskova,Miroslava,Paskova,6,2,active,False,False,False,False,False,,False,,False,,False,,False,,LOVB Atlanta,ATL,ATL,hotPink
2251788,2026,2026-02-05T01:00:00.000Z,2494717,Ella May Powell,Ella May,Powell,7,5,active,False,False,False,False,False,,False,,False,,False,,False,,LOVB Atlanta,ATL,ATL,hotPink
2251788,2026,2026-02-05T01:00:00.000Z,2351343,Rachel Fairbanks,Rachel,Fairbanks,10,5,active,False,False,False,False,True,3.0,True,6.0,True,6.0,True,6.0,True,1.0,LOVB Atlanta,ATL,ATL,hotPink
2251788,2026,2026-02-05T01:00:00.000Z,2349081,Onye Ofoegbu,Onye,Ofoegbu,11,4,active,False,False,False,False,True,5.0,True,2.0,True,2.0,True,2.0,True,3.0,LOVB Atlanta,ATL,ATL,hotPink
2251788,2026,2026-02-05T01:00:00.000Z,2344610,Carly DeHoog,Carly,DeHoog,12,3,active,False,False,False,False,False,,False,,False,,False,,False,,LOVB Atlanta,ATL,ATL,hotPink
2251788,2026,2026-02-05T01:00:00.000Z,2344425,McKenzie Adams,McKenzie,Adams,13,2,active,False,False,False,False,True,1.0,True,4.0,True,4.0,True,4.0,True,5.0,LOVB Atlanta,ATL,ATL,hotPink
2251788,2026,2026-02-05T01:00:00.000Z,2344570,Tia Jimerson,Tia,Jimerson,14,4,active,False,False,False,False,True,2.0,False,,False,,False,,False,,LOVB Atlanta,ATL,ATL,hotPink
2251788,2026,2026-02-05T01:00:00.000Z,2344573,Magdalena Jehlarova,Magdalena,Jehlarova,15,4,active,False,False,False,False,False,,True,5.0,True,5.0,True,5.0,True,6.0,LOVB Atlanta,ATL,ATL,hotPink
2251788,2026,2026-02-05T01:00:00.000Z,2344567,Beatrice Negretti,Beatrice,Negretti,16,1,active,False,False,False,False,False,,False,,False,,False,,False,,LOVB Atlanta,ATL,ATL,hotPink
2251788,2026,2026-02-05T01:00:00.000Z,2344574,Tessa Grubbs,Tessa,Grubbs,17,3,active,False,False,False,False,True,6.0,True,3.0,True,3.0,True,3.0,True,4.0,LOVB Atlanta,ATL,ATL,hotPink
2251788,2026,2026-02-05T01:00:00.000Z,2494721,Ivonee Montaño,Ivonee,Montaño,18,3,active,False,False,False,False,False,,False,,False,,False,,False,,LOVB Atlanta,ATL,ATL,hotPink
2251788,2026,2026-02-05T01:00:00.000Z,2494720,Jess Robinson,Jess,Robinson,19,4,active,False,False,False,False,False,,False,,False,,False,,False,,LOVB Atlanta,ATL,ATL,hotPink
2251788,2026,2026-02-05T01:00:00.000Z,2494719,Julia Sangiacomo,Julia,Sangiacomo,22,2,active,False,False,False,False,False,,False,,False,,False,,False,,LOVB Atlanta,ATL,ATL,hotPink
2251788,2026,2026-02-05T01:00:00.000Z,2342511,Kelsey Cook,Kelsey,Cook,23,2,active,False,False,True,False,False,,False,,False,,False,,False,,LOVB Atlanta,ATL,ATL,hotPink
2251788,2026,2026-02-05T01:00:00.000Z,2548999,Eva Hudson,Eva,Hudson,27,2,active,False,False,False,False,True,4.0,True,1.0,True,1.0,True,1.0,True,2.0,LOVB Atlanta,ATL,ATL,hotPink
2251789,2026,2026-02-06T01:00:00.000Z,2494725,Indre Sorokaite,Indre,Sorokaite,1,2,active,False,False,False,False,False,,False,,False,,False,,,,LOVB Madison,MAD,MAD,babyBlue
2251789,2026,2026-02-06T01:00:00.000Z,2342510,Anna Hall,Anna,Hall,2,4,active,False,False,False,False,False,,False,,False,,False,,,,LOVB Madison,MAD,MAD,babyBlue
2251789,2026,2026-02-06T01:00:00.000Z,2344581,Mariena Hayden,Mariena,Hayden,3,2,active,False,False,False,False,False,,False,,False,,False,,,,LOVB Madison,MAD,MAD,babyBlue
2251789,2026,2026-02-06T01:00:00.000Z,2344577,Milica Medved,Milica,Medved,4,1,active,False,False,False,True,False,,False,,False,,False,,,,LOVB Madison,MAD,MAD,babyBlue
2251789,2026,2026-02-06T01:00:00.000Z,2547943,Rebekah Allick,Rebekah,Allick,5,4,active,False,False,False,False,False,,True,3.0,True,4.0,True,3.0,,,LOVB Madison,MAD,MAD,babyBlue
2251789,2026,2026-02-06T01:00:00.000Z,2494729,Gong Xiangyu,Gong,Xiangyu,6,3,active,False,False,False,False,True,2.0,True,1.0,True,2.0,True,1.0,,,LOVB Madison,MAD,MAD,babyBlue
2251789,2026,2026-02-06T01:00:00.000Z,2342508,Lauren Carlini,Lauren,Carlini,7,5,active,False,False,True,False,True,5.0,True,4.0,True,5.0,True,4.0,,,LOVB Madison,MAD,MAD,babyBlue
2251789,2026,2026-02-06T01:00:00.000Z,2494724,Argentina Ung,Argentina,Ung,8,5,active,False,False,False,False,False,,False,,False,,False,,,,LOVB Madison,MAD,MAD,babyBlue
2251789,2026,2026-02-06T01:00:00.000Z,2344580,Claire Chaussee,Claire,Chaussee,9,2,active,False,False,False,False,False,,False,,False,,False,,,,LOVB Madison,MAD,MAD,babyBlue
2251789,2026,2026-02-06T01:00:00.000Z,2494727,Annayka Legros,Annayka,Legros,10,4,active,False,False,False,False,True,1.0,True,6.0,True,1.0,True,6.0,,,LOVB Madison,MAD,MAD,babyBlue
2251789,2026,2026-02-06T01:00:00.000Z,2344612,Anna Pogany,Anna,Pogany,11,1,active,False,False,False,False,False,,False,,False,,False,,,,LOVB Madison,MAD,MAD,babyBlue
2251789,2026,2026-02-06T01:00:00.000Z,2344582,Temi Thomas-Ailara,Temi,Thomas-Ailara,12,3,active,False,False,False,False,True,3.0,True,2.0,True,3.0,True,2.0,,,LOVB Madison,MAD,MAD,babyBlue
2251789,2026,2026-02-06T01:00:00.000Z,2344605,Anna Haak,Anna,Haak,17,2,active,False,False,False,False,True,6.0,True,5.0,True,6.0,True,5.0,,,LOVB Madison,MAD,MAD,babyBlue
2251789,2026,2026-02-06T01:00:00.000Z,2494726,Andrea Mitrovic,Andrea,Mitrovic,21,2,active,False,False,False,False,False,,False,,False,,False,,,,LOVB Madison,MAD,MAD,babyBlue
2251789,2026,2026-02-06T01:00:00.000Z,2623252,Gillian Grimes,Gillian,Grimes,23,1,active,False,False,False,True,False,,False,,False,,False,,,,LOVB Madison,MAD,MAD,babyBlue
2251789,2026,2026-02-06T01:00:00.000Z,2494728,Callie Schwarzenbach,Callie,Schwarzenbach,25,4,active,False,False,False,False,True,4.0,False,,False,,False,,,,LOVB Madison,MAD,MAD,babyBlue
2251789,2026,2026-02-06T01:00:00.000Z,2349077,Ana B Correa,Ana B,Correa,27,4,active,False,False,False,False,False,,False,,False,,False,,,,LOVB Madison,MAD,MAD,babyBlue
2251789,2026,2026-02-06T01:00:00.000Z,2336969,Jordyn Poulter,Jordyn,Poulter,1,5,active,False,False,True,False,True,1.0,True,2.0,True,1.0,True,2.0,,,LOVB Salt Lake,SLC,SLC,brightYellow
2251789,2026,2026-02-06T01:00:00.000Z,2549041,Ifenna Cos-Okpalla,Ifenna,Cos-Okpalla,2,4,active,False,False,False,False,False,,False,,False,,False,,,,LOVB Salt Lake,SLC,SLC,brightYellow
2251789,2026,2026-02-06T01:00:00.000Z,2344545,Dani Drews,Dani,Drews,3,2,active,False,False,False,False,False,,False,,False,,False,,,,LOVB Salt Lake,SLC,SLC,brightYellow
2251789,2026,2026-02-06T01:00:00.000Z,2344547,Maddie Haynes,Maddie,Haynes,4,2,active,False,False,False,False,False,,False,,False,,False,,,,LOVB Salt Lake,SLC,SLC,brightYellow
2251789,2026,2026-02-06T01:00:00.000Z,2344554,Skylar Fields,Skylar,Fields,5,3,active,False,False,False,False,False,,False,,False,,False,,,,LOVB Salt Lake,SLC,SLC,brightYellow
2251789,2026,2026-02-06T01:00:00.000Z,2344551,Tori Dixon,Tori,Dixon,6,4,active,False,False,False,False,True,6.0,True,1.0,True,6.0,True,1.0,,,LOVB Salt Lake,SLC,SLC,brightYellow
2251789,2026,2026-02-06T01:00:00.000Z,2349080,Sophie Fischer,Sophie,Fischer,7,4,active,False,False,False,False,False,,False,,False,,False,,,,LOVB Salt Lake,SLC,SLC,brightYellow
2251789,2026,2026-02-06T01:00:00.000Z,2494734,Alexa Gray,Alexa,Gray,9,2,active,False,False,False,False,True,2.0,True,3.0,True,2.0,True,3.0,,,LOVB Salt Lake,SLC,SLC,brightYellow
2251789,2026,2026-02-06T01:00:00.000Z,2344427,Madi Bugg,Madi,Bugg,10,5,active,False,False,False,False,False,,False,,False,,False,,,,LOVB Salt Lake,SLC,SLC,brightYellow
2251789,2026,2026-02-06T01:00:00.000Z,2344550,Serena Gray,Serena,Gray,11,4,active,False,False,False,False,True,3.0,True,4.0,True,3.0,True,4.0,,,LOVB Salt Lake,SLC,SLC,brightYellow
2251789,2026,2026-02-06T01:00:00.000Z,2344546,Roni Jones-Perry,Roni,Jones-Perry,12,2,active,False,False,False,False,False,,False,,False,,False,,,,LOVB Salt Lake,SLC,SLC,brightYellow
2251789,2026,2026-02-06T01:00:00.000Z,2336979,Haleigh Washington,Haleigh,Washington,15,4,active,False,False,False,False,False,,False,,False,,False,,,,LOVB Salt Lake,SLC,SLC,brightYellow
2251789,2026,2026-02-06T01:00:00.000Z,2342469,Manami Kojima,Manami,Kojima,16,1,active,False,False,False,True,False,,False,,False,,False,,,,LOVB Salt Lake,SLC,SLC,brightYellow
2251789,2026,2026-02-06T01:00:00.000Z,2344544,Mary Lake,Mary,Lake,18,1,active,False,False,False,True,False,,False,,False,,False,,,,LOVB Salt Lake,SLC,SLC,brightYellow
2251789,2026,2026-02-06T01:00:00.000Z,2344548,Claire Hoffman,Claire,Hoffman,21,2,active,False,False,False,False,True,5.0,True,6.0,True,5.0,True,6.0,,,LOVB Salt Lake,SLC,SLC,brightYellow
2251789,2026,2026-02-06T01:00:00.000Z,2344553,Heidy Casanova,Heidy,Casanova,33,3,active,False,False,False,False,True,4.0,True,5.0,True,4.0,True,5.0,,,LOVB Salt Lake,SLC,SLC,brightYellow
2251792,2026,2026-02-07T19:00:00.000Z,2494725,Indre Sorokaite,Indre,Sorokaite,1,2,active,False,False,False,False,False,,False,,False,,,,,,LOVB Madison,MAD,MAD,brightBlue
2251792,2026,2026-02-07T19:00:00.000Z,2342510,Anna Hall,Anna,Hall,2,4,active,False,False,False,False,False,,False,,False,,,,,,LOVB Madison,MAD,MAD,brightBlue
2251792,2026,2026-02-07T19:00:00.000Z,2344581,Mariena Hayden,Mariena,Hayden,3,2,active,False,False,False,False,False,,False,,False,,,,,,LOVB Madison,MAD,MAD,brightBlue
2251792,2026,2026-02-07T19:00:00.000Z,2344577,Milica Medved,Milica,Medved,4,1,active,False,False,False,True,False,,False,,False,,,,,,LOVB Madison,MAD,MAD,brightBlue
2251792,2026,2026-02-07T19:00:00.000Z,2547943,Rebekah Allick,Rebekah,Allick,5,4,active,False,False,False,False,False,,False,,True,2.0,,,,,LOVB Madison,MAD,MAD,brightBlue
2251792,2026,2026-02-07T19:00:00.000Z,2494729,Gong Xiangyu,Gong,Xiangyu,6,3,active,False,False,False,False,False,,False,,False,,,,,,LOVB Madison,MAD,MAD,brightBlue
2251792,2026,2026-02-07T19:00:00.000Z,2342508,Lauren Carlini,Lauren,Carlini,7,5,active,False,False,True,False,True,6.0,True,1.0,True,6.0,,,,,LOVB Madison,MAD,MAD,brightBlue
2251792,2026,2026-02-07T19:00:00.000Z,2494724,Argentina Ung,Argentina,Ung,8,5,active,False,False,False,False,False,,False,,False,,,,,,LOVB Madison,MAD,MAD,brightBlue
2251792,2026,2026-02-07T19:00:00.000Z,2344580,Claire Chaussee,Claire,Chaussee,9,2,active,False,False,False,False,True,1.0,True,2.0,False,,,,,,LOVB Madison,MAD,MAD,brightBlue
2251792,2026,2026-02-07T19:00:00.000Z,2494727,Annayka Legros,Annayka,Legros,10,4,active,False,False,False,False,True,2.0,True,3.0,False,,,,,,LOVB Madison,MAD,MAD,brightBlue
2251792,2026,2026-02-07T19:00:00.000Z,2344612,Anna Pogany,Anna,Pogany,11,1,active,False,False,False,False,False,,False,,False,,,,,,LOVB Madison,MAD,MAD,brightBlue
2251792,2026,2026-02-07T19:00:00.000Z,2344582,Temi Thomas-Ailara,Temi,Thomas-Ailara,12,3,active,False,False,False,False,True,3.0,True,4.0,True,3.0,,,,,LOVB Madison,MAD,MAD,brightBlue
2251792,2026,2026-02-07T19:00:00.000Z,2344605,Anna Haak,Anna,Haak,17,2,active,False,False,False,False,True,4.0,True,5.0,True,1.0,,,,,LOVB Madison,MAD,MAD,brightBlue
2251792,2026,2026-02-07T19:00:00.000Z,2494726,Andrea Mitrovic,Andrea,Mitrovic,21,2,active,False,False,False,False,False,,False,,True,4.0,,,,,LOVB Madison,MAD,MAD,brightBlue
2251792,2026,2026-02-07T19:00:00.000Z,2623252,Gillian Grimes,Gillian,Grimes,23,1,active,False,False,False,True,False,,False,,False,,,,,,LOVB Madison,MAD,MAD,brightBlue
2251792,2026,2026-02-07T19:00:00.000Z,2494728,Callie Schwarzenbach,Callie,Schwarzenbach,25,4,active,False,False,False,False,True,5.0,True,6.0,True,5.0,,,,,LOVB Madison,MAD,MAD,brightBlue
2251792,2026,2026-02-07T19:00:00.000Z,2349077,Ana B Correa,Ana B,Correa,27,4,active,False,False,False,False,False,,False,,False,,,,,,LOVB Madison,MAD,MAD,brightBlue
2251792,2026,2026-02-07T19:00:00.000Z,2344566,Piyanut Pannoy,Piyanut,Pannoy,2,1,active,False,False,False,True,False,,False,,False,,,,,,LOVB Atlanta,ATL,ATL,hotPink
2251792,2026,2026-02-07T19:00:00.000Z,2494718,Miroslava Paskova,Miroslava,Paskova,6,2,active,False,False,False,False,False,,False,,False,,,,,,LOVB Atlanta,ATL,ATL,hotPink
2251792,2026,2026-02-07T19:00:00.000Z,2494717,Ella May Powell,Ella May,Powell,7,5,active,False,False,False,False,False,,False,,False,,,,,,LOVB Atlanta,ATL,ATL,hotPink
2251792,2026,2026-02-07T19:00:00.000Z,2351343,Rachel Fairbanks,Rachel,Fairbanks,10,5,active,False,False,False,False,True,1.0,True,6.0,True,1.0,,,,,LOVB Atlanta,ATL,ATL,hotPink
2251792,2026,2026-02-07T19:00:00.000Z,2349081,Onye Ofoegbu,Onye,Ofoegbu,11,4,active,False,False,False,False,True,3.0,True,2.0,True,3.0,,,,,LOVB Atlanta,ATL,ATL,hotPink
2251792,2026,2026-02-07T19:00:00.000Z,2344610,Carly DeHoog,Carly,DeHoog,12,3,active,False,False,False,False,False,,False,,False,,,,,,LOVB Atlanta,ATL,ATL,hotPink
2251792,2026,2026-02-07T19:00:00.000Z,2344425,McKenzie Adams,McKenzie,Adams,13,2,active,False,False,True,False,True,5.0,True,4.0,True,5.0,,,,,LOVB Atlanta,ATL,ATL,hotPink
2251792,2026,2026-02-07T19:00:00.000Z,2344570,Tia Jimerson,Tia,Jimerson,14,4,active,False,False,False,False,False,,False,,False,,,,,,LOVB Atlanta,ATL,ATL,hotPink
2251792,2026,2026-02-07T19:00:00.000Z,2344573,Magdalena Jehlarova,Magdalena,Jehlarova,15,4,active,False,False,False,False,True,6.0,True,5.0,True,6.0,,,,,LOVB Atlanta,ATL,ATL,hotPink
2251792,2026,2026-02-07T19:00:00.000Z,2344567,Beatrice Negretti,Beatrice,Negretti,16,1,active,False,False,False,False,False,,False,,False,,,,,,LOVB Atlanta,ATL,ATL,hotPink
2251792,2026,2026-02-07T19:00:00.000Z,2344574,Tessa Grubbs,Tessa,Grubbs,17,3,active,False,False,False,False,True,4.0,True,3.0,True,4.0,,,,,LOVB Atlanta,ATL,ATL,hotPink
2251792,2026,2026-02-07T19:00:00.000Z,2494721,Ivonee Montaño,Ivonee,Montaño,18,3,active,False,False,False,False,False,,False,,False,,,,,,LOVB Atlanta,ATL,ATL,hotPink
2251792,2026,2026-02-07T19:00:00.000Z,2494720,Jess Robinson,Jess,Robinson,19,4,active,False,False,False,False,False,,False,,False,,,,,,LOVB Atlanta,ATL,ATL,hotPink
2251792,2026,2026-02-07T19:00:00.000Z,2494719,Julia Sangiacomo,Julia,Sangiacomo,22,2,active,False,False,False,False,False,,False,,False,,,,,,LOVB Atlanta,ATL,ATL,hotPink
2251792,2026,2026-02-07T19:00:00.000Z,2342511,Kelsey Cook,Kelsey,Cook,23,2,active,False,False,False,False,False,,False,,False,,,,,,LOVB Atlanta,ATL,ATL,hotPink
2251792,2026,2026-02-07T19:00:00.000Z,2548999,Eva Hudson,Eva,Hudson,27,2,active,False,False,False,False,True,2.0,True,1.0,True,2.0,,,,,LOVB Atlanta,ATL,ATL,hotPink
2251790,2026,2026-02-08T01:00:00.000Z,2344621,Grace Frohling,Grace,Frohling,1,3,active,False,False,False,False,False,,False,,False,,False,,False,,LOVB Houston,HTX,HTX,brightBlue
2251790,2026,2026-02-08T01:00:00.000Z,2344616,Karin Palgutova,Karin,Palgutova,2,2,active,False,False,False,False,True,2.0,True,2.0,False,,False,,False,,LOVB Houston,HTX,HTX,brightBlue
2251790,2026,2026-02-08T01:00:00.000Z,2344618,Amber Igiede,Amber,Igiede,3,4,active,False,False,False,False,True,6.0,True,6.0,True,6.0,True,6.0,True,5.0,LOVB Houston,HTX,HTX,brightBlue
2251790,2026,2026-02-08T01:00:00.000Z,2494722,Lauren Briseño,Lauren,Briseño,5,1,active,False,False,False,True,False,,False,,False,,False,,False,,LOVB Houston,HTX,HTX,brightBlue
2251790,2026,2026-02-08T01:00:00.000Z,2494723,Jazmine White,Jazmine,White,6,4,active,False,False,False,False,False,,False,,False,,False,,False,,LOVB Houston,HTX,HTX,brightBlue
2251790,2026,2026-02-08T01:00:00.000Z,2344617,Raphaela Folie,Raphaela,Folie,7,4,active,False,False,False,False,True,3.0,True,3.0,True,3.0,True,3.0,True,2.0,LOVB Houston,HTX,HTX,brightBlue
2251790,2026,2026-02-08T01:00:00.000Z,2344611,Kaisa Alanko,Kaisa,Alanko,8,5,active,False,False,False,False,True,1.0,True,1.0,True,1.0,True,1.0,True,6.0,LOVB Houston,HTX,HTX,brightBlue
2251790,2026,2026-02-08T01:00:00.000Z,2344614,Madi Rishel,Madi,Rishel,9,2,active,False,False,False,False,True,5.0,True,5.0,True,5.0,True,5.0,True,4.0,LOVB Houston,HTX,HTX,brightBlue
2251790,2026,2026-02-08T01:00:00.000Z,2539857,Maya Sands,Maya,Sands,10,1,active,False,False,False,False,False,,False,,False,,False,,False,,LOVB Houston,HTX,HTX,brightBlue
2251790,2026,2026-02-08T01:00:00.000Z,2344620,Anita Anwusi,Anita,Anwusi,11,4,active,False,False,False,False,False,,False,,False,,False,,False,,LOVB Houston,HTX,HTX,brightBlue
2251790,2026,2026-02-08T01:00:00.000Z,2336967,Micha Hancock,Micha,Hancock,12,5,active,False,False,False,False,False,,False,,False,,False,,False,,LOVB Houston,HTX,HTX,brightBlue
2251790,2026,2026-02-08T01:00:00.000Z,2344622,Julia Brown,Julia,Brown,14,2,active,False,False,False,False,False,,False,,False,,False,,False,,LOVB Houston,HTX,HTX,brightBlue
2251790,2026,2026-02-08T01:00:00.000Z,2623251,Maddie Waak,Maddie,Waak,16,5,active,False,False,False,False,False,,False,,False,,False,,False,,LOVB Houston,HTX,HTX,brightBlue
2251790,2026,2026-02-08T01:00:00.000Z,2344615,Sara Loda,Sara,Loda,17,2,active,False,False,False,False,False,,False,,False,,False,,False,,LOVB Houston,HTX,HTX,brightBlue
2251790,2026,2026-02-08T01:00:00.000Z,2549003,Logan Lednicky,Logan,Lednicky,18,3,active,False,False,False,False,False,,False,,False,,False,,False,,LOVB Houston,HTX,HTX,brightBlue
2251790,2026,2026-02-08T01:00:00.000Z,2349315,Jess Mruzik,Jess,Mruzik,19,2,active,False,False,False,False,False,,False,,True,2.0,True,2.0,True,1.0,LOVB Houston,HTX,HTX,brightBlue
2251790,2026,2026-02-08T01:00:00.000Z,2336977,Jordan Thompson,Jordan,Thompson,23,3,active,False,False,True,False,True,4.0,True,4.0,True,4.0,True,4.0,True,3.0,LOVB Houston,HTX,HTX,brightBlue
2251790,2026,2026-02-08T01:00:00.000Z,2336972,Justine Wong-Orantes,Justine,Wong-Orantes,4,1,reserve,False,False,False,False,False,,False,,False,,False,,False,,LOVB Houston,HTX,HTX,brightBlue
2251790,2026,2026-02-08T01:00:00.000Z,2344609,Khat Bell,Khat,Bell,1,3,active,False,False,False,False,False,,False,,False,,False,,False,,LOVB Austin,ATX,ATX,violet
2251790,2026,2026-02-08T01:00:00.000Z,2344604,Leah Hardeman,Leah,Hardeman,2,2,active,False,False,False,False,False,,False,,False,,False,,False,,LOVB Austin,ATX,ATX,violet
2251790,2026,2026-02-08T01:00:00.000Z,2344598,Carli Lloyd,Carli,Lloyd,3,5,active,False,False,False,False,False,,False,,False,,False,,False,,LOVB Austin,ATX,ATX,violet
2251790,2026,2026-02-08T01:00:00.000Z,2344588,Madi Banks,Madi,Banks,4,2,active,False,False,False,False,True,2.0,True,2.0,True,2.0,True,2.0,True,2.0,LOVB Austin,ATX,ATX,violet
2251790,2026,2026-02-08T01:00:00.000Z,2344608,Molly McCage,Molly,McCage,5,4,active,False,False,False,False,True,6.0,True,6.0,True,6.0,True,6.0,True,6.0,LOVB Austin,ATX,ATX,violet
2251790,2026,2026-02-08T01:00:00.000Z,2349176,Madisen Skinner,Madisen,Skinner,6,3,active,False,False,False,False,True,1.0,True,1.0,True,1.0,True,1.0,True,1.0,LOVB Austin,ATX,ATX,violet
2251790,2026,2026-02-08T01:00:00.000Z,2344607,Asjia O'Neal,Asjia,O'Neal,7,4,active,False,False,False,False,True,3.0,True,3.0,True,3.0,True,3.0,True,3.0,LOVB Austin,ATX,ATX,violet
2251790,2026,2026-02-08T01:00:00.000Z,2344601,Zoe Jarvis,Zoe,Jarvis,10,1,active,False,False,False,True,False,,False,,False,,False,,False,,LOVB Austin,ATX,ATX,violet
2251790,2026,2026-02-08T01:00:00.000Z,2494716,Isabella Bergmark,Isabella,Bergmark,11,4,active,False,False,False,False,False,,False,,False,,False,,False,,LOVB Austin,ATX,ATX,violet
2251790,2026,2026-02-08T01:00:00.000Z,2344606,Juliann Faucette,Juliann,Faucette,13,3,active,False,False,True,False,False,,False,,False,,False,,False,,LOVB Austin,ATX,ATX,violet
2251790,2026,2026-02-08T01:00:00.000Z,2344602,Kotoe Inoue,Kotoe,Inoue,15,1,active,False,False,False,True,False,,False,,False,,False,,False,,LOVB Austin,ATX,ATX,violet
2251790,2026,2026-02-08T01:00:00.000Z,2494714,Brie O'Reilly,Brie,O'Reilly,17,5,active,False,False,False,False,True,4.0,True,4.0,True,4.0,True,4.0,True,4.0,LOVB Austin,ATX,ATX,violet
2251790,2026,2026-02-08T01:00:00.000Z,2547939,Bailey Miller,Bailey,Miller,22,2,active,False,False,False,False,False,,False,,False,,False,,False,,LOVB Austin,ATX,ATX,violet
2251790,2026,2026-02-08T01:00:00.000Z,2344599,Logan Eggleston,Logan,Eggleston,33,2,active,False,False,False,False,True,5.0,True,5.0,True,5.0,True,5.0,True,5.0,LOVB Austin,ATX,ATX,violet
2251790,2026,2026-02-08T01:00:00.000Z,2336999,Magdalena Jurczyk,Magdalena,Jurczyk,95,4,active,False,False,False,False,False,,False,,False,,False,,False,,LOVB Austin,ATX,ATX,violet
2251791,2026,2026-02-07T22:00:00.000Z,2336969,Jordyn Poulter,Jordyn,Poulter,1,5,active,False,False,True,False,True,1.0,True,1.0,False,,False,,,,LOVB Salt Lake,SLC,SLC,brightYellow
2251791,2026,2026-02-07T22:00:00.000Z,2549041,Ifenna Cos-Okpalla,Ifenna,Cos-Okpalla,2,4,active,False,False,False,False,False,,False,,False,,False,,,,LOVB Salt Lake,SLC,SLC,brightYellow
2251791,2026,2026-02-07T22:00:00.000Z,2344545,Dani Drews,Dani,Drews,3,2,active,False,False,False,False,False,,False,,False,,False,,,,LOVB Salt Lake,SLC,SLC,brightYellow
2251791,2026,2026-02-07T22:00:00.000Z,2344547,Maddie Haynes,Maddie,Haynes,4,2,active,False,False,False,False,False,,False,,False,,False,,,,LOVB Salt Lake,SLC,SLC,brightYellow
2251791,2026,2026-02-07T22:00:00.000Z,2344554,Skylar Fields,Skylar,Fields,5,3,active,False,False,False,False,True,4.0,True,4.0,True,4.0,True,5.0,,,LOVB Salt Lake,SLC,SLC,brightYellow
2251791,2026,2026-02-07T22:00:00.000Z,2344551,Tori Dixon,Tori,Dixon,6,4,active,False,False,False,False,True,6.0,True,6.0,True,6.0,False,,,,LOVB Salt Lake,SLC,SLC,brightYellow
2251791,2026,2026-02-07T22:00:00.000Z,2349080,Sophie Fischer,Sophie,Fischer,7,4,active,False,False,False,False,False,,False,,False,,True,1.0,,,LOVB Salt Lake,SLC,SLC,brightYellow
2251791,2026,2026-02-07T22:00:00.000Z,2494734,Alexa Gray,Alexa,Gray,9,2,active,False,False,False,False,False,,False,,False,,False,,,,LOVB Salt Lake,SLC,SLC,brightYellow
2251791,2026,2026-02-07T22:00:00.000Z,2344427,Madi Bugg,Madi,Bugg,10,5,active,False,False,False,False,False,,False,,True,1.0,True,2.0,,,LOVB Salt Lake,SLC,SLC,brightYellow
2251791,2026,2026-02-07T22:00:00.000Z,2344550,Serena Gray,Serena,Gray,11,4,active,False,False,False,False,True,3.0,True,3.0,True,3.0,True,4.0,,,LOVB Salt Lake,SLC,SLC,brightYellow
2251791,2026,2026-02-07T22:00:00.000Z,2344546,Roni Jones-Perry,Roni,Jones-Perry,12,2,active,False,False,False,False,True,2.0,True,2.0,True,2.0,True,3.0,,,LOVB Salt Lake,SLC,SLC,brightYellow
2251791,2026,2026-02-07T22:00:00.000Z,2336979,Haleigh Washington,Haleigh,Washington,15,4,active,False,False,False,False,False,,False,,False,,False,,,,LOVB Salt Lake,SLC,SLC,brightYellow
2251791,2026,2026-02-07T22:00:00.000Z,2342469,Manami Kojima,Manami,Kojima,16,1,active,False,False,False,True,False,,False,,False,,False,,,,LOVB Salt Lake,SLC,SLC,brightYellow
2251791,2026,2026-02-07T22:00:00.000Z,2344544,Mary Lake,Mary,Lake,18,1,active,False,False,False,False,False,,False,,False,,False,,,,LOVB Salt Lake,SLC,SLC,brightYellow
2251791,2026,2026-02-07T22:00:00.000Z,2344548,Claire Hoffman,Claire,Hoffman,21,2,active,False,False,False,False,True,5.0,True,5.0,True,5.0,True,6.0,,,LOVB Salt Lake,SLC,SLC,brightYellow
2251791,2026,2026-02-07T22:00:00.000Z,2344553,Heidy Casanova,Heidy,Casanova,33,3,active,False,False,False,False,False,,False,,False,,False,,,,LOVB Salt Lake,SLC,SLC,brightYellow
2251791,2026,2026-02-07T22:00:00.000Z,2349314,Lexi Rodriguez,Lexi,Rodriguez,1,1,active,False,False,False,True,False,,False,,False,,False,,,,LOVB Nebraska,NEB,NEB,apple
2251791,2026,2026-02-07T22:00:00.000Z,2344593,Emily Thater,Emily,Thater,2,4,active,False,False,False,False,True,6.0,True,6.0,True,6.0,True,6.0,,,LOVB Nebraska,NEB,NEB,apple
2251791,2026,2026-02-07T22:00:00.000Z,2344587,Annie Cesar,Annie,Cesar,3,1,active,False,False,False,False,False,,False,,False,,False,,,,LOVB Nebraska,NEB,NEB,apple
2251791,2026,2026-02-07T22:00:00.000Z,2344590,Vicky Savard,Vicky,Savard,4,2,active,False,False,False,False,False,,False,,False,,False,,,,LOVB Nebraska,NEB,NEB,apple
2251791,2026,2026-02-07T22:00:00.000Z,2344589,Jaali Winters,Jaali,Winters,5,2,active,False,False,False,False,True,2.0,True,2.0,True,2.0,True,2.0,,,LOVB Nebraska,NEB,NEB,apple
2251791,2026,2026-02-07T22:00:00.000Z,2344596,Kimberly Drewniok,Kimberly,Drewniok,8,3,active,False,False,False,False,True,4.0,True,4.0,True,4.0,True,4.0,,,LOVB Nebraska,NEB,NEB,apple
2251791,2026,2026-02-07T22:00:00.000Z,2344564,Iga Wasilewska,Iga,Wasilewska,9,4,active,False,False,False,False,False,,False,,False,,False,,,,LOVB Nebraska,NEB,NEB,apple
2251791,2026,2026-02-07T22:00:00.000Z,2336975,Jordan Larson,Jordan,Larson,10,2,active,False,False,True,False,True,5.0,True,5.0,False,,False,,,,LOVB Nebraska,NEB,NEB,apple
2251791,2026,2026-02-07T22:00:00.000Z,2494731,Anne Buijs,Anne,Buijs,11,2,active,False,False,False,False,False,,False,,True,5.0,True,5.0,,,LOVB Nebraska,NEB,NEB,apple
2251791,2026,2026-02-07T22:00:00.000Z,2344597,Audriana Fitzmorris,Audriana,Fitzmorris,12,3,active,False,False,False,False,False,,False,,False,,False,,,,LOVB Nebraska,NEB,NEB,apple
2251791,2026,2026-02-07T22:00:00.000Z,2344586,Gabby Blossom,Gabby,Blossom,13,5,active,False,False,False,False,True,1.0,True,1.0,True,1.0,True,1.0,,,LOVB Nebraska,NEB,NEB,apple
2251791,2026,2026-02-07T22:00:00.000Z,2344585,Laura Dijkema,Laura,Dijkema,14,5,active,False,False,False,False,False,,False,,False,,False,,,,LOVB Nebraska,NEB,NEB,apple
2251791,2026,2026-02-07T22:00:00.000Z,2494733,Ana Carolina Da Silva,Ana Carolina,Da Silva,15,4,active,False,False,False,False,True,3.0,True,3.0,True,3.0,True,3.0,,,LOVB Nebraska,NEB,NEB,apple
2251791,2026,2026-02-07T22:00:00.000Z,2344592,Candelaria Herrera,Candelaria,Herrera,17,4,active,False,False,False,False,False,,False,,False,,False,,,,LOVB Nebraska,NEB,NEB,apple
2251791,2026,2026-02-07T22:00:00.000Z,2494732,Alexis Hart,Alexis,Hart,19,2,active,False,False,False,False,False,,False,,False,,False,,,,LOVB Nebraska,NEB,NEB,apple
2251791,2026,2026-02-07T22:00:00.000Z,2547881,Julia Hanson,Julia,Hanson,22,2,active,False,False,False,False,False,,False,,False,,False,,,,LOVB Nebraska,NEB,NEB,apple
2251793,2026,2026-02-12T01:00:00.000Z,2344621,Grace Frohling,Grace,Frohling,1,3,active,False,False,False,False,False,,False,,False,,,,,,LOVB Houston,HTX,HTX,brightBlue
2251793,2026,2026-02-12T01:00:00.000Z,2344616,Karin Palgutova,Karin,Palgutova,2,2,active,False,False,False,False,False,,False,,False,,,,,,LOVB Houston,HTX,HTX,brightBlue
2251793,2026,2026-02-12T01:00:00.000Z,2344618,Amber Igiede,Amber,Igiede,3,4,active,False,False,False,False,True,6.0,True,6.0,True,6.0,,,,,LOVB Houston,HTX,HTX,brightBlue
2251793,2026,2026-02-12T01:00:00.000Z,2336972,Justine Wong-Orantes,Justine,Wong-Orantes,4,1,active,False,False,False,False,False,,False,,False,,,,,,LOVB Houston,HTX,HTX,brightBlue
2251793,2026,2026-02-12T01:00:00.000Z,2494722,Lauren Briseño,Lauren,Briseño,5,1,active,False,False,False,True,False,,False,,False,,,,,,LOVB Houston,HTX,HTX,brightBlue
2251793,2026,2026-02-12T01:00:00.000Z,2494723,Jazmine White,Jazmine,White,6,4,active,False,False,False,False,False,,False,,False,,,,,,LOVB Houston,HTX,HTX,brightBlue
2251793,2026,2026-02-12T01:00:00.000Z,2344617,Raphaela Folie,Raphaela,Folie,7,4,active,False,False,False,False,True,3.0,True,3.0,True,3.0,,,,,LOVB Houston,HTX,HTX,brightBlue
2251793,2026,2026-02-12T01:00:00.000Z,2344611,Kaisa Alanko,Kaisa,Alanko,8,5,active,False,False,False,False,True,1.0,True,1.0,True,1.0,,,,,LOVB Houston,HTX,HTX,brightBlue
2251793,2026,2026-02-12T01:00:00.000Z,2344614,Madi Rishel,Madi,Rishel,9,2,active,False,False,False,False,True,5.0,True,5.0,True,5.0,,,,,LOVB Houston,HTX,HTX,brightBlue
2251793,2026,2026-02-12T01:00:00.000Z,2539857,Maya Sands,Maya,Sands,10,1,active,False,False,False,False,False,,False,,False,,,,,,LOVB Houston,HTX,HTX,brightBlue
2251793,2026,2026-02-12T01:00:00.000Z,2344620,Anita Anwusi,Anita,Anwusi,11,4,active,False,False,False,False,False,,False,,False,,,,,,LOVB Houston,HTX,HTX,brightBlue
2251793,2026,2026-02-12T01:00:00.000Z,2336967,Micha Hancock,Micha,Hancock,12,5,active,False,False,True,False,False,,False,,False,,,,,,LOVB Houston,HTX,HTX,brightBlue
2251793,2026,2026-02-12T01:00:00.000Z,2344622,Julia Brown,Julia,Brown,14,2,active,False,False,False,False,False,,False,,False,,,,,,LOVB Houston,HTX,HTX,brightBlue
2251793,2026,2026-02-12T01:00:00.000Z,2623251,Maddie Waak,Maddie,Waak,16,5,active,False,False,False,False,False,,False,,False,,,,,,LOVB Houston,HTX,HTX,brightBlue
2251793,2026,2026-02-12T01:00:00.000Z,2344615,Sara Loda,Sara,Loda,17,2,active,False,False,False,False,False,,False,,False,,,,,,LOVB Houston,HTX,HTX,brightBlue
2251793,2026,2026-02-12T01:00:00.000Z,2549003,Logan Lednicky,Logan,Lednicky,18,3,active,False,False,False,False,False,,False,,False,,,,,,LOVB Houston,HTX,HTX,brightBlue
2251793,2026,2026-02-12T01:00:00.000Z,2349315,Jess Mruzik,Jess,Mruzik,19,2,active,False,False,False,False,True,2.0,True,2.0,True,2.0,,,,,LOVB Houston,HTX,HTX,brightBlue
2251793,2026,2026-02-12T01:00:00.000Z,2336977,Jordan Thompson,Jordan,Thompson,23,3,active,False,False,False,False,True,4.0,True,4.0,True,4.0,,,,,LOVB Houston,HTX,HTX,brightBlue
2251793,2026,2026-02-12T01:00:00.000Z,2349314,Lexi Rodriguez,Lexi,Rodriguez,1,1,active,False,False,False,True,False,,False,,False,,,,,,LOVB Nebraska,NEB,NEB,apple
2251793,2026,2026-02-12T01:00:00.000Z,2344593,Emily Thater,Emily,Thater,2,4,active,False,False,False,False,True,6.0,True,6.0,False,,,,,,LOVB Nebraska,NEB,NEB,apple
2251793,2026,2026-02-12T01:00:00.000Z,2344587,Annie Cesar,Annie,Cesar,3,1,active,False,False,False,False,False,,False,,False,,,,,,LOVB Nebraska,NEB,NEB,apple
2251793,2026,2026-02-12T01:00:00.000Z,2344590,Vicky Savard,Vicky,Savard,4,2,active,False,False,False,False,False,,False,,False,,,,,,LOVB Nebraska,NEB,NEB,apple
2251793,2026,2026-02-12T01:00:00.000Z,2344589,Jaali Winters,Jaali,Winters,5,2,active,False,False,False,False,False,,False,,True,2.0,,,,,LOVB Nebraska,NEB,NEB,apple
2251793,2026,2026-02-12T01:00:00.000Z,2344596,Kimberly Drewniok,Kimberly,Drewniok,8,3,active,False,False,False,False,True,4.0,True,4.0,True,4.0,,,,,LOVB Nebraska,NEB,NEB,apple
2251793,2026,2026-02-12T01:00:00.000Z,2344564,Iga Wasilewska,Iga,Wasilewska,9,4,active,False,False,False,False,False,,False,,False,,,,,,LOVB Nebraska,NEB,NEB,apple
2251793,2026,2026-02-12T01:00:00.000Z,2336975,Jordan Larson,Jordan,Larson,10,2,active,False,False,True,False,True,5.0,True,2.0,False,,,,,,LOVB Nebraska,NEB,NEB,apple
2251793,2026,2026-02-12T01:00:00.000Z,2494731,Anne Buijs,Anne,Buijs,11,2,active,False,False,False,False,True,2.0,True,5.0,False,,,,,,LOVB Nebraska,NEB,NEB,apple
2251793,2026,2026-02-12T01:00:00.000Z,2344597,Audriana Fitzmorris,Audriana,Fitzmorris,12,3,active,False,False,False,False,False,,False,,False,,,,,,LOVB Nebraska,NEB,NEB,apple
2251793,2026,2026-02-12T01:00:00.000Z,2344586,Gabby Blossom,Gabby,Blossom,13,5,active,False,False,False,False,True,1.0,True,1.0,True,1.0,,,,,LOVB Nebraska,NEB,NEB,apple
2251793,2026,2026-02-12T01:00:00.000Z,2344585,Laura Dijkema,Laura,Dijkema,14,5,active,False,False,False,False,False,,False,,False,,,,,,LOVB Nebraska,NEB,NEB,apple
2251793,2026,2026-02-12T01:00:00.000Z,2494733,Ana Carolina Da Silva,Ana Carolina,Da Silva,15,4,active,False,False,False,False,True,3.0,False,,True,6.0,,,,,LOVB Nebraska,NEB,NEB,apple
2251793,2026,2026-02-12T01:00:00.000Z,2344592,Candelaria Herrera,Candelaria,Herrera,17,4,active,False,False,False,False,False,,True,3.0,True,3.0,,,,,LOVB Nebraska,NEB,NEB,apple
2251793,2026,2026-02-12T01:00:00.000Z,2494732,Alexis Hart,Alexis,Hart,19,2,active,False,False,False,False,False,,False,,False,,,,,,LOVB Nebraska,NEB,NEB,apple
2251793,2026,2026-02-12T01:00:00.000Z,2547881,Julia Hanson,Julia,Hanson,22,2,active,False,False,False,False,False,,False,,True,5.0,,,,,LOVB Nebraska,NEB,NEB,apple
2251794,2026,2026-02-14T00:30:00.000Z,2336969,Jordyn Poulter,Jordyn,Poulter,1,5,active,False,False,False,False,False,,False,,False,,,,,,LOVB Salt Lake,SLC,SLC,brightYellow
2251794,2026,2026-02-14T00:30:00.000Z,2549041,Ifenna Cos-Okpalla,Ifenna,Cos-Okpalla,2,4,active,False,False,False,False,False,,False,,False,,,,,,LOVB Salt Lake,SLC,SLC,brightYellow
2251794,2026,2026-02-14T00:30:00.000Z,2344545,Dani Drews,Dani,Drews,3,2,active,False,False,False,False,False,,False,,False,,,,,,LOVB Salt Lake,SLC,SLC,brightYellow
2251794,2026,2026-02-14T00:30:00.000Z,2344547,Maddie Haynes,Maddie,Haynes,4,2,active,False,False,False,False,False,,False,,False,,,,,,LOVB Salt Lake,SLC,SLC,brightYellow
2251794,2026,2026-02-14T00:30:00.000Z,2344554,Skylar Fields,Skylar,Fields,5,3,active,False,False,False,False,False,,False,,False,,,,,,LOVB Salt Lake,SLC,SLC,brightYellow
2251794,2026,2026-02-14T00:30:00.000Z,2344551,Tori Dixon,Tori,Dixon,6,4,active,False,False,False,False,True,6.0,True,6.0,True,6.0,,,,,LOVB Salt Lake,SLC,SLC,brightYellow
2251794,2026,2026-02-14T00:30:00.000Z,2349080,Sophie Fischer,Sophie,Fischer,7,4,active,False,False,False,False,True,3.0,True,3.0,True,3.0,,,,,LOVB Salt Lake,SLC,SLC,brightYellow
2251794,2026,2026-02-14T00:30:00.000Z,2494734,Alexa Gray,Alexa,Gray,9,2,active,False,False,False,False,True,2.0,True,2.0,True,2.0,,,,,LOVB Salt Lake,SLC,SLC,brightYellow
2251794,2026,2026-02-14T00:30:00.000Z,2344427,Madi Bugg,Madi,Bugg,10,5,active,False,False,True,False,True,1.0,True,1.0,True,1.0,,,,,LOVB Salt Lake,SLC,SLC,brightYellow
2251794,2026,2026-02-14T00:30:00.000Z,2344550,Serena Gray,Serena,Gray,11,4,active,False,False,False,False,False,,False,,False,,,,,,LOVB Salt Lake,SLC,SLC,brightYellow
2251794,2026,2026-02-14T00:30:00.000Z,2344546,Roni Jones-Perry,Roni,Jones-Perry,12,2,active,False,False,False,False,False,,False,,False,,,,,,LOVB Salt Lake,SLC,SLC,brightYellow
2251794,2026,2026-02-14T00:30:00.000Z,2336979,Haleigh Washington,Haleigh,Washington,15,4,active,False,False,False,False,False,,False,,False,,,,,,LOVB Salt Lake,SLC,SLC,brightYellow
2251794,2026,2026-02-14T00:30:00.000Z,2342469,Manami Kojima,Manami,Kojima,16,1,active,False,False,False,False,False,,False,,False,,,,,,LOVB Salt Lake,SLC,SLC,brightYellow
2251794,2026,2026-02-14T00:30:00.000Z,2344544,Mary Lake,Mary,Lake,18,1,active,False,False,False,False,False,,False,,False,,,,,,LOVB Salt Lake,SLC,SLC,brightYellow
2251794,2026,2026-02-14T00:30:00.000Z,2344548,Claire Hoffman,Claire,Hoffman,21,2,active,False,False,False,False,True,5.0,True,5.0,True,5.0,,,,,LOVB Salt Lake,SLC,SLC,brightYellow
2251794,2026,2026-02-14T00:30:00.000Z,2344553,Heidy Casanova,Heidy,Casanova,33,3,active,False,False,False,False,True,4.0,True,4.0,True,4.0,,,,,LOVB Salt Lake,SLC,SLC,brightYellow
2251794,2026,2026-02-14T00:30:00.000Z,2344609,Khat Bell,Khat,Bell,1,3,active,False,False,False,False,False,,False,,False,,,,,,LOVB Austin,ATX,ATX,violet
2251794,2026,2026-02-14T00:30:00.000Z,2344604,Leah Hardeman,Leah,Hardeman,2,2,active,False,False,False,False,False,,False,,False,,,,,,LOVB Austin,ATX,ATX,violet
2251794,2026,2026-02-14T00:30:00.000Z,2344598,Carli Lloyd,Carli,Lloyd,3,5,active,False,False,False,False,False,,False,,False,,,,,,LOVB Austin,ATX,ATX,violet
2251794,2026,2026-02-14T00:30:00.000Z,2344588,Madi Banks,Madi,Banks,4,2,active,False,False,False,False,True,2.0,True,5.0,True,2.0,,,,,LOVB Austin,ATX,ATX,violet
2251794,2026,2026-02-14T00:30:00.000Z,2344608,Molly McCage,Molly,McCage,5,4,active,False,False,False,False,True,3.0,True,6.0,True,3.0,,,,,LOVB Austin,ATX,ATX,violet
2251794,2026,2026-02-14T00:30:00.000Z,2349176,Madisen Skinner,Madisen,Skinner,6,3,active,False,False,False,False,True,1.0,True,4.0,True,1.0,,,,,LOVB Austin,ATX,ATX,violet
2251794,2026,2026-02-14T00:30:00.000Z,2344607,Asjia O'Neal,Asjia,O'Neal,7,4,active,False,False,False,False,False,,False,,False,,,,,,LOVB Austin,ATX,ATX,violet
2251794,2026,2026-02-14T00:30:00.000Z,2344601,Zoe Jarvis,Zoe,Jarvis,10,1,active,False,False,False,True,False,,False,,False,,,,,,LOVB Austin,ATX,ATX,violet
2251794,2026,2026-02-14T00:30:00.000Z,2494716,Isabella Bergmark,Isabella,Bergmark,11,4,active,False,False,False,False,True,6.0,True,3.0,True,6.0,,,,,LOVB Austin,ATX,ATX,violet
2251794,2026,2026-02-14T00:30:00.000Z,2344606,Juliann Faucette,Juliann,Faucette,13,3,active,False,False,True,False,False,,False,,False,,,,,,LOVB Austin,ATX,ATX,violet
2251794,2026,2026-02-14T00:30:00.000Z,2344602,Kotoe Inoue,Kotoe,Inoue,15,1,active,False,False,False,True,False,,False,,False,,,,,,LOVB Austin,ATX,ATX,violet
2251794,2026,2026-02-14T00:30:00.000Z,2494714,Brie O'Reilly,Brie,O'Reilly,17,5,active,False,False,False,False,True,4.0,True,1.0,True,4.0,,,,,LOVB Austin,ATX,ATX,violet
2251794,2026,2026-02-14T00:30:00.000Z,2547939,Bailey Miller,Bailey,Miller,22,2,active,False,False,False,False,False,,False,,False,,,,,,LOVB Austin,ATX,ATX,violet
2251794,2026,2026-02-14T00:30:00.000Z,2344599,Logan Eggleston,Logan,Eggleston,33,2,active,False,False,False,False,True,5.0,True,2.0,True,5.0,,,,,LOVB Austin,ATX,ATX,violet
2251794,2026,2026-02-14T00:30:00.000Z,2336999,Magdalena Jurczyk,Magdalena,Jurczyk,95,4,active,False,False,False,False,False,,False,,False,,,,,,LOVB Austin,ATX,ATX,violet
2251795,2026,2026-02-14T22:30:00.000Z,2344566,Piyanut Pannoy,Piyanut,Pannoy,2,1,active,False,False,False,False,False,,False,,False,,,,,,LOVB Atlanta,ATL,ATL,hotPink
2251795,2026,2026-02-14T22:30:00.000Z,2494718,Miroslava Paskova,Miroslava,Paskova,6,2,active,False,False,False,False,False,,False,,False,,,,,,LOVB Atlanta,ATL,ATL,hotPink
2251795,2026,2026-02-14T22:30:00.000Z,2494717,Ella May Powell,Ella May,Powell,7,5,active,False,False,False,False,False,,False,,False,,,,,,LOVB Atlanta,ATL,ATL,hotPink
2251795,2026,2026-02-14T22:30:00.000Z,2351343,Rachel Fairbanks,Rachel,Fairbanks,10,5,active,False,False,False,False,True,1.0,True,2.0,True,1.0,,,,,LOVB Atlanta,ATL,ATL,hotPink
2251795,2026,2026-02-14T22:30:00.000Z,2349081,Onye Ofoegbu,Onye,Ofoegbu,11,4,active,False,False,False,False,True,3.0,True,4.0,True,3.0,,,,,LOVB Atlanta,ATL,ATL,hotPink
2251795,2026,2026-02-14T22:30:00.000Z,2344610,Carly DeHoog,Carly,DeHoog,12,3,active,False,False,False,False,False,,False,,False,,,,,,LOVB Atlanta,ATL,ATL,hotPink
2251795,2026,2026-02-14T22:30:00.000Z,2344425,McKenzie Adams,McKenzie,Adams,13,2,active,False,False,True,False,True,5.0,True,6.0,True,5.0,,,,,LOVB Atlanta,ATL,ATL,hotPink
2251795,2026,2026-02-14T22:30:00.000Z,2344570,Tia Jimerson,Tia,Jimerson,14,4,active,False,False,False,False,False,,False,,False,,,,,,LOVB Atlanta,ATL,ATL,hotPink
2251795,2026,2026-02-14T22:30:00.000Z,2344573,Magdalena Jehlarova,Magdalena,Jehlarova,15,4,active,False,False,False,False,True,6.0,True,1.0,True,6.0,,,,,LOVB Atlanta,ATL,ATL,hotPink
2251795,2026,2026-02-14T22:30:00.000Z,2344567,Beatrice Negretti,Beatrice,Negretti,16,1,active,False,False,False,False,False,,False,,False,,,,,,LOVB Atlanta,ATL,ATL,hotPink
2251795,2026,2026-02-14T22:30:00.000Z,2344574,Tessa Grubbs,Tessa,Grubbs,17,3,active,False,False,False,False,False,,False,,False,,,,,,LOVB Atlanta,ATL,ATL,hotPink
2251795,2026,2026-02-14T22:30:00.000Z,2494721,Ivonee Montaño,Ivonee,Montaño,18,3,active,False,False,False,False,True,4.0,True,5.0,True,4.0,,,,,LOVB Atlanta,ATL,ATL,hotPink
2251795,2026,2026-02-14T22:30:00.000Z,2494720,Jess Robinson,Jess,Robinson,19,4,active,False,False,False,False,False,,False,,False,,,,,,LOVB Atlanta,ATL,ATL,hotPink
2251795,2026,2026-02-14T22:30:00.000Z,2494719,Julia Sangiacomo,Julia,Sangiacomo,22,2,active,False,False,False,False,False,,False,,False,,,,,,LOVB Atlanta,ATL,ATL,hotPink
2251795,2026,2026-02-14T22:30:00.000Z,2342511,Kelsey Cook,Kelsey,Cook,23,2,active,False,False,False,False,False,,False,,False,,,,,,LOVB Atlanta,ATL,ATL,hotPink
2251795,2026,2026-02-14T22:30:00.000Z,2548999,Eva Hudson,Eva,Hudson,27,2,active,False,False,False,False,True,2.0,True,3.0,True,2.0,,,,,LOVB Atlanta,ATL,ATL,hotPink
2251795,2026,2026-02-14T22:30:00.000Z,2349314,Lexi Rodriguez,Lexi,Rodriguez,1,1,active,False,False,False,False,False,,False,,False,,,,,,LOVB Nebraska,NEB,NEB,shamrock
2251795,2026,2026-02-14T22:30:00.000Z,2344593,Emily Thater,Emily,Thater,2,4,active,False,False,False,False,True,6.0,True,6.0,True,6.0,,,,,LOVB Nebraska,NEB,NEB,shamrock
2251795,2026,2026-02-14T22:30:00.000Z,2344587,Annie Cesar,Annie,Cesar,3,1,active,False,False,False,False,False,,False,,False,,,,,,LOVB Nebraska,NEB,NEB,shamrock
2251795,2026,2026-02-14T22:30:00.000Z,2344590,Vicky Savard,Vicky,Savard,4,2,active,False,False,False,False,False,,False,,False,,,,,,LOVB Nebraska,NEB,NEB,shamrock
2251795,2026,2026-02-14T22:30:00.000Z,2344589,Jaali Winters,Jaali,Winters,5,2,active,False,False,False,False,False,,False,,True,5.0,,,,,LOVB Nebraska,NEB,NEB,shamrock
2251795,2026,2026-02-14T22:30:00.000Z,2344596,Kimberly Drewniok,Kimberly,Drewniok,8,3,active,False,False,False,False,True,4.0,True,4.0,False,,,,,,LOVB Nebraska,NEB,NEB,shamrock
2251795,2026,2026-02-14T22:30:00.000Z,2344564,Iga Wasilewska,Iga,Wasilewska,9,4,active,False,False,False,False,False,,False,,False,,,,,,LOVB Nebraska,NEB,NEB,shamrock
2251795,2026,2026-02-14T22:30:00.000Z,2336975,Jordan Larson,Jordan,Larson,10,2,active,False,False,True,False,True,5.0,True,5.0,False,,,,,,LOVB Nebraska,NEB,NEB,shamrock
2251795,2026,2026-02-14T22:30:00.000Z,2494731,Anne Buijs,Anne,Buijs,11,2,active,False,False,False,False,True,2.0,True,2.0,True,2.0,,,,,LOVB Nebraska,NEB,NEB,shamrock
2251795,2026,2026-02-14T22:30:00.000Z,2344597,Audriana Fitzmorris,Audriana,Fitzmorris,12,3,active,False,False,False,False,False,,False,,False,,,,,,LOVB Nebraska,NEB,NEB,shamrock
2251795,2026,2026-02-14T22:30:00.000Z,2344586,Gabby Blossom,Gabby,Blossom,13,5,active,False,False,False,False,True,1.0,True,1.0,True,1.0,,,,,LOVB Nebraska,NEB,NEB,shamrock
2251795,2026,2026-02-14T22:30:00.000Z,2344585,Laura Dijkema,Laura,Dijkema,14,5,active,False,False,False,False,False,,False,,False,,,,,,LOVB Nebraska,NEB,NEB,shamrock
2251795,2026,2026-02-14T22:30:00.000Z,2494733,Ana Carolina Da Silva,Ana Carolina,Da Silva,15,4,active,False,False,False,False,True,3.0,True,3.0,True,3.0,,,,,LOVB Nebraska,NEB,NEB,shamrock
2251795,2026,2026-02-14T22:30:00.000Z,2344592,Candelaria Herrera,Candelaria,Herrera,17,4,active,False,False,False,False,False,,False,,False,,,,,,LOVB Nebraska,NEB,NEB,shamrock
2251795,2026,2026-02-14T22:30:00.000Z,2494732,Alexis Hart,Alexis,Hart,19,2,active,False,False,False,False,False,,False,,True,4.0,,,,,LOVB Nebraska,NEB,NEB,shamrock
2251795,2026,2026-02-14T22:30:00.000Z,2547881,Julia Hanson,Julia,Hanson,22,2,active,False,False,False,False,False,,False,,False,,,,,,LOVB Nebraska,NEB,NEB,shamrock
2251796,2026,2026-02-15T22:30:00.000Z,2344621,Grace Frohling,Grace,Frohling,1,3,active,False,False,False,False,False,,False,,False,,,,,,LOVB Houston,HTX,HTX,brightBlue
2251796,2026,2026-02-15T22:30:00.000Z,2344616,Karin Palgutova,Karin,Palgutova,2,2,active,False,False,False,False,False,,False,,False,,,,,,LOVB Houston,HTX,HTX,brightBlue
2251796,2026,2026-02-15T22:30:00.000Z,2344618,Amber Igiede,Amber,Igiede,3,4,active,False,False,False,False,True,6.0,True,6.0,True,6.0,,,,,LOVB Houston,HTX,HTX,brightBlue
2251796,2026,2026-02-15T22:30:00.000Z,2336972,Justine Wong-Orantes,Justine,Wong-Orantes,4,1,active,False,False,False,False,False,,False,,False,,,,,,LOVB Houston,HTX,HTX,brightBlue
2251796,2026,2026-02-15T22:30:00.000Z,2494722,Lauren Briseño,Lauren,Briseño,5,1,active,False,False,False,False,False,,False,,False,,,,,,LOVB Houston,HTX,HTX,brightBlue
2251796,2026,2026-02-15T22:30:00.000Z,2494723,Jazmine White,Jazmine,White,6,4,active,False,False,False,False,False,,False,,False,,,,,,LOVB Houston,HTX,HTX,brightBlue
2251796,2026,2026-02-15T22:30:00.000Z,2344617,Raphaela Folie,Raphaela,Folie,7,4,active,False,False,False,False,True,3.0,True,3.0,True,3.0,,,,,LOVB Houston,HTX,HTX,brightBlue
2251796,2026,2026-02-15T22:30:00.000Z,2344611,Kaisa Alanko,Kaisa,Alanko,8,5,active,False,False,False,False,True,1.0,True,1.0,True,1.0,,,,,LOVB Houston,HTX,HTX,brightBlue
2251796,2026,2026-02-15T22:30:00.000Z,2344614,Madi Rishel,Madi,Rishel,9,2,active,False,False,False,False,True,5.0,True,5.0,True,5.0,,,,,LOVB Houston,HTX,HTX,brightBlue
2251796,2026,2026-02-15T22:30:00.000Z,2539857,Maya Sands,Maya,Sands,10,1,active,False,False,False,False,False,,False,,False,,,,,,LOVB Houston,HTX,HTX,brightBlue
2251796,2026,2026-02-15T22:30:00.000Z,2344620,Anita Anwusi,Anita,Anwusi,11,4,active,False,False,False,False,False,,False,,False,,,,,,LOVB Houston,HTX,HTX,brightBlue
2251796,2026,2026-02-15T22:30:00.000Z,2336967,Micha Hancock,Micha,Hancock,12,5,active,False,False,False,False,False,,False,,False,,,,,,LOVB Houston,HTX,HTX,brightBlue
2251796,2026,2026-02-15T22:30:00.000Z,2344622,Julia Brown,Julia,Brown,14,2,active,False,False,False,False,False,,False,,False,,,,,,LOVB Houston,HTX,HTX,brightBlue
2251796,2026,2026-02-15T22:30:00.000Z,2623251,Maddie Waak,Maddie,Waak,16,5,active,False,False,False,False,False,,False,,False,,,,,,LOVB Houston,HTX,HTX,brightBlue
2251796,2026,2026-02-15T22:30:00.000Z,2344615,Sara Loda,Sara,Loda,17,2,active,False,False,False,False,False,,False,,False,,,,,,LOVB Houston,HTX,HTX,brightBlue
2251796,2026,2026-02-15T22:30:00.000Z,2549003,Logan Lednicky,Logan,Lednicky,18,3,active,False,False,False,False,False,,False,,False,,,,,,LOVB Houston,HTX,HTX,brightBlue
2251796,2026,2026-02-15T22:30:00.000Z,2349315,Jess Mruzik,Jess,Mruzik,19,2,active,False,False,False,False,True,2.0,True,2.0,True,2.0,,,,,LOVB Houston,HTX,HTX,brightBlue
2251796,2026,2026-02-15T22:30:00.000Z,2336977,Jordan Thompson,Jordan,Thompson,23,3,active,False,False,True,False,True,4.0,True,4.0,True,4.0,,,,,LOVB Houston,HTX,HTX,brightBlue
2251796,2026,2026-02-15T22:30:00.000Z,2494725,Indre Sorokaite,Indre,Sorokaite,1,2,active,False,False,False,False,False,,True,5.0,True,5.0,,,,,LOVB Madison,MAD,MAD,babyBlue
2251796,2026,2026-02-15T22:30:00.000Z,2342510,Anna Hall,Anna,Hall,2,4,active,False,False,False,False,False,,True,6.0,True,3.0,,,,,LOVB Madison,MAD,MAD,babyBlue
2251796,2026,2026-02-15T22:30:00.000Z,2344581,Mariena Hayden,Mariena,Hayden,3,2,active,False,False,False,False,False,,False,,False,,,,,,LOVB Madison,MAD,MAD,babyBlue
2251796,2026,2026-02-15T22:30:00.000Z,2344577,Milica Medved,Milica,Medved,4,1,active,False,False,False,False,False,,False,,False,,,,,,LOVB Madison,MAD,MAD,babyBlue
2251796,2026,2026-02-15T22:30:00.000Z,2547943,Rebekah Allick,Rebekah,Allick,5,4,active,False,False,False,False,True,3.0,True,3.0,False,,,,,,LOVB Madison,MAD,MAD,babyBlue
2251796,2026,2026-02-15T22:30:00.000Z,2494729,Gong Xiangyu,Gong,Xiangyu,6,3,active,False,False,False,False,True,4.0,True,4.0,True,4.0,,,,,LOVB Madison,MAD,MAD,babyBlue
2251796,2026,2026-02-15T22:30:00.000Z,2342508,Lauren Carlini,Lauren,Carlini,7,5,active,False,False,True,False,True,1.0,True,1.0,True,1.0,,,,,LOVB Madison,MAD,MAD,babyBlue
2251796,2026,2026-02-15T22:30:00.000Z,2494724,Argentina Ung,Argentina,Ung,8,5,active,False,False,False,False,False,,False,,False,,,,,,LOVB Madison,MAD,MAD,babyBlue
2251796,2026,2026-02-15T22:30:00.000Z,2344580,Claire Chaussee,Claire,Chaussee,9,2,active,False,False,False,False,False,,False,,False,,,,,,LOVB Madison,MAD,MAD,babyBlue
2251796,2026,2026-02-15T22:30:00.000Z,2494727,Annayka Legros,Annayka,Legros,10,4,active,False,False,False,False,False,,False,,False,,,,,,LOVB Madison,MAD,MAD,babyBlue
2251796,2026,2026-02-15T22:30:00.000Z,2344612,Anna Pogany,Anna,Pogany,11,1,active,False,False,False,False,False,,False,,False,,,,,,LOVB Madison,MAD,MAD,babyBlue
2251796,2026,2026-02-15T22:30:00.000Z,2344582,Temi Thomas-Ailara,Temi,Thomas-Ailara,12,3,active,False,False,False,False,True,5.0,False,,False,,,,,,LOVB Madison,MAD,MAD,babyBlue
2251796,2026,2026-02-15T22:30:00.000Z,2344605,Anna Haak,Anna,Haak,17,2,active,False,False,False,False,True,2.0,True,2.0,True,2.0,,,,,LOVB Madison,MAD,MAD,babyBlue
2251796,2026,2026-02-15T22:30:00.000Z,2494726,Andrea Mitrovic,Andrea,Mitrovic,21,2,active,False,False,False,False,False,,False,,False,,,,,,LOVB Madison,MAD,MAD,babyBlue
2251796,2026,2026-02-15T22:30:00.000Z,2623252,Gillian Grimes,Gillian,Grimes,23,1,active,False,False,False,False,False,,False,,False,,,,,,LOVB Madison,MAD,MAD,babyBlue
2251796,2026,2026-02-15T22:30:00.000Z,2494728,Callie Schwarzenbach,Callie,Schwarzenbach,25,4,active,False,False,False,False,True,6.0,False,,True,6.0,,,,,LOVB Madison,MAD,MAD,babyBlue
2251796,2026,2026-02-15T22:30:00.000Z,2349077,Ana B Correa,Ana B,Correa,27,4,active,False,False,False,False,False,,False,,False,,,,,,LOVB Madison,MAD,MAD,babyBlue
2251797,2026,2026-02-20T01:00:00.000Z,2344621,Grace Frohling,Grace,Frohling,1,3,active,False,False,False,False,False,,False,,False,,False,,,,LOVB Houston,HTX,HTX,brightBlue
2251797,2026,2026-02-20T01:00:00.000Z,2344616,Karin Palgutova,Karin,Palgutova,2,2,active,False,False,False,False,False,,False,,False,,False,,,,LOVB Houston,HTX,HTX,brightBlue
2251797,2026,2026-02-20T01:00:00.000Z,2344618,Amber Igiede,Amber,Igiede,3,4,active,False,False,False,False,True,6.0,True,6.0,True,6.0,True,6.0,,,LOVB Houston,HTX,HTX,brightBlue
2251797,2026,2026-02-20T01:00:00.000Z,2494722,Lauren Briseño,Lauren,Briseño,5,1,active,False,False,False,True,False,,False,,False,,False,,,,LOVB Houston,HTX,HTX,brightBlue
2251797,2026,2026-02-20T01:00:00.000Z,2494723,Jazmine White,Jazmine,White,6,4,active,False,False,False,False,True,3.0,True,3.0,True,3.0,False,,,,LOVB Houston,HTX,HTX,brightBlue
2251797,2026,2026-02-20T01:00:00.000Z,2344617,Raphaela Folie,Raphaela,Folie,7,4,active,False,False,False,False,False,,False,,False,,True,3.0,,,LOVB Houston,HTX,HTX,brightBlue
2251797,2026,2026-02-20T01:00:00.000Z,2344611,Kaisa Alanko,Kaisa,Alanko,8,5,active,False,False,False,False,True,1.0,True,1.0,True,1.0,True,1.0,,,LOVB Houston,HTX,HTX,brightBlue
2251797,2026,2026-02-20T01:00:00.000Z,2344614,Madi Rishel,Madi,Rishel,9,2,active,False,False,False,False,True,5.0,True,5.0,True,5.0,True,5.0,,,LOVB Houston,HTX,HTX,brightBlue
2251797,2026,2026-02-20T01:00:00.000Z,2539857,Maya Sands,Maya,Sands,10,1,active,False,False,False,False,False,,False,,False,,False,,,,LOVB Houston,HTX,HTX,brightBlue
2251797,2026,2026-02-20T01:00:00.000Z,2344620,Anita Anwusi,Anita,Anwusi,11,4,active,False,False,False,False,False,,False,,False,,False,,,,LOVB Houston,HTX,HTX,brightBlue
2251797,2026,2026-02-20T01:00:00.000Z,2336967,Micha Hancock,Micha,Hancock,12,5,active,False,False,True,False,False,,False,,False,,False,,,,LOVB Houston,HTX,HTX,brightBlue
2251797,2026,2026-02-20T01:00:00.000Z,2344622,Julia Brown,Julia,Brown,14,2,active,False,False,False,False,False,,False,,False,,False,,,,LOVB Houston,HTX,HTX,brightBlue
2251797,2026,2026-02-20T01:00:00.000Z,2623251,Maddie Waak,Maddie,Waak,16,5,active,False,False,False,False,False,,False,,False,,False,,,,LOVB Houston,HTX,HTX,brightBlue
2251797,2026,2026-02-20T01:00:00.000Z,2344615,Sara Loda,Sara,Loda,17,2,active,False,False,False,False,False,,False,,False,,False,,,,LOVB Houston,HTX,HTX,brightBlue
2251797,2026,2026-02-20T01:00:00.000Z,2549003,Logan Lednicky,Logan,Lednicky,18,3,active,False,False,False,False,False,,False,,False,,False,,,,LOVB Houston,HTX,HTX,brightBlue
2251797,2026,2026-02-20T01:00:00.000Z,2349315,Jess Mruzik,Jess,Mruzik,19,2,active,False,False,False,False,True,2.0,True,2.0,True,2.0,True,2.0,,,LOVB Houston,HTX,HTX,brightBlue
2251797,2026,2026-02-20T01:00:00.000Z,2336977,Jordan Thompson,Jordan,Thompson,23,3,active,False,False,False,False,True,4.0,True,4.0,True,4.0,True,4.0,,,LOVB Houston,HTX,HTX,brightBlue
2251797,2026,2026-02-20T01:00:00.000Z,2336972,Justine Wong-Orantes,Justine,Wong-Orantes,4,1,reserve,False,False,False,False,False,,False,,False,,False,,,,LOVB Houston,HTX,HTX,brightBlue
2251797,2026,2026-02-20T01:00:00.000Z,2344566,Piyanut Pannoy,Piyanut,Pannoy,2,1,active,False,False,False,True,False,,False,,False,,False,,,,LOVB Atlanta,ATL,ATL,hotPink
2251797,2026,2026-02-20T01:00:00.000Z,2494718,Miroslava Paskova,Miroslava,Paskova,6,2,active,False,False,False,False,False,,False,,False,,False,,,,LOVB Atlanta,ATL,ATL,hotPink
2251797,2026,2026-02-20T01:00:00.000Z,2494717,Ella May Powell,Ella May,Powell,7,5,active,False,False,False,False,False,,False,,False,,False,,,,LOVB Atlanta,ATL,ATL,hotPink
2251797,2026,2026-02-20T01:00:00.000Z,2351343,Rachel Fairbanks,Rachel,Fairbanks,10,5,active,False,False,False,False,True,6.0,True,1.0,True,6.0,True,6.0,,,LOVB Atlanta,ATL,ATL,hotPink
2251797,2026,2026-02-20T01:00:00.000Z,2349081,Onye Ofoegbu,Onye,Ofoegbu,11,4,active,False,False,False,False,True,2.0,True,3.0,True,2.0,True,2.0,,,LOVB Atlanta,ATL,ATL,hotPink
2251797,2026,2026-02-20T01:00:00.000Z,2344610,Carly DeHoog,Carly,DeHoog,12,3,active,False,False,False,False,False,,False,,False,,False,,,,LOVB Atlanta,ATL,ATL,hotPink
2251797,2026,2026-02-20T01:00:00.000Z,2344425,McKenzie Adams,McKenzie,Adams,13,2,active,False,False,True,False,True,4.0,True,5.0,True,1.0,True,1.0,,,LOVB Atlanta,ATL,ATL,hotPink
2251797,2026,2026-02-20T01:00:00.000Z,2344570,Tia Jimerson,Tia,Jimerson,14,4,active,False,False,False,False,False,,False,,True,5.0,True,5.0,,,LOVB Atlanta,ATL,ATL,hotPink
2251797,2026,2026-02-20T01:00:00.000Z,2344573,Magdalena Jehlarova,Magdalena,Jehlarova,15,4,active,False,False,False,False,True,5.0,True,6.0,False,,False,,,,LOVB Atlanta,ATL,ATL,hotPink
2251797,2026,2026-02-20T01:00:00.000Z,2344567,Beatrice Negretti,Beatrice,Negretti,16,1,active,False,False,False,False,False,,False,,False,,False,,,,LOVB Atlanta,ATL,ATL,hotPink
2251797,2026,2026-02-20T01:00:00.000Z,2344574,Tessa Grubbs,Tessa,Grubbs,17,3,active,False,False,False,False,False,,False,,False,,False,,,,LOVB Atlanta,ATL,ATL,hotPink
2251797,2026,2026-02-20T01:00:00.000Z,2494721,Ivonee Montaño,Ivonee,Montaño,18,3,active,False,False,False,False,True,3.0,True,4.0,True,3.0,True,3.0,,,LOVB Atlanta,ATL,ATL,hotPink
2251797,2026,2026-02-20T01:00:00.000Z,2494720,Jess Robinson,Jess,Robinson,19,4,active,False,False,False,False,False,,False,,False,,False,,,,LOVB Atlanta,ATL,ATL,hotPink
2251797,2026,2026-02-20T01:00:00.000Z,2494719,Julia Sangiacomo,Julia,Sangiacomo,22,2,active,False,False,False,False,False,,False,,False,,True,4.0,,,LOVB Atlanta,ATL,ATL,hotPink
2251797,2026,2026-02-20T01:00:00.000Z,2342511,Kelsey Cook,Kelsey,Cook,23,2,active,False,False,False,False,False,,False,,False,,False,,,,LOVB Atlanta,ATL,ATL,hotPink
2251797,2026,2026-02-20T01:00:00.000Z,2548999,Eva Hudson,Eva,Hudson,27,2,active,False,False,False,False,True,1.0,True,2.0,True,4.0,False,,,,LOVB Atlanta,ATL,ATL,hotPink
2251798,2026,2026-02-21T01:00:00.000Z,2344609,Khat Bell,Khat,Bell,1,3,active,False,False,False,False,False,,False,,False,,False,,False,,LOVB Austin,ATX,ATX,violet
2251798,2026,2026-02-21T01:00:00.000Z,2344604,Leah Hardeman,Leah,Hardeman,2,2,active,False,False,False,False,False,,False,,False,,False,,False,,LOVB Austin,ATX,ATX,violet
2251798,2026,2026-02-21T01:00:00.000Z,2344598,Carli Lloyd,Carli,Lloyd,3,5,active,False,False,False,False,False,,False,,False,,False,,False,,LOVB Austin,ATX,ATX,violet
2251798,2026,2026-02-21T01:00:00.000Z,2344588,Madi Banks,Madi,Banks,4,2,active,False,False,False,False,True,1.0,True,5.0,True,5.0,True,5.0,True,6.0,LOVB Austin,ATX,ATX,violet
2251798,2026,2026-02-21T01:00:00.000Z,2344608,Molly McCage,Molly,McCage,5,4,active,False,False,False,False,True,2.0,True,6.0,True,6.0,True,6.0,True,1.0,LOVB Austin,ATX,ATX,violet
2251798,2026,2026-02-21T01:00:00.000Z,2349176,Madisen Skinner,Madisen,Skinner,6,3,active,False,False,False,False,True,3.0,True,4.0,True,4.0,True,4.0,True,5.0,LOVB Austin,ATX,ATX,violet
2251798,2026,2026-02-21T01:00:00.000Z,2344607,Asjia O'Neal,Asjia,O'Neal,7,4,active,False,False,False,False,False,,False,,False,,False,,False,,LOVB Austin,ATX,ATX,violet
2251798,2026,2026-02-21T01:00:00.000Z,2344601,Zoe Jarvis,Zoe,Jarvis,10,1,active,False,False,False,True,False,,False,,False,,False,,False,,LOVB Austin,ATX,ATX,violet
2251798,2026,2026-02-21T01:00:00.000Z,2494716,Isabella Bergmark,Isabella,Bergmark,11,4,active,False,False,False,False,True,4.0,True,3.0,True,3.0,True,3.0,True,4.0,LOVB Austin,ATX,ATX,violet
2251798,2026,2026-02-21T01:00:00.000Z,2344606,Juliann Faucette,Juliann,Faucette,13,3,active,False,False,True,False,False,,False,,False,,False,,False,,LOVB Austin,ATX,ATX,violet
2251798,2026,2026-02-21T01:00:00.000Z,2344602,Kotoe Inoue,Kotoe,Inoue,15,1,active,False,False,False,False,False,,False,,False,,False,,False,,LOVB Austin,ATX,ATX,violet
2251798,2026,2026-02-21T01:00:00.000Z,2494714,Brie O'Reilly,Brie,O'Reilly,17,5,active,False,False,False,False,True,5.0,True,1.0,True,1.0,True,1.0,True,2.0,LOVB Austin,ATX,ATX,violet
2251798,2026,2026-02-21T01:00:00.000Z,2547939,Bailey Miller,Bailey,Miller,22,2,active,False,False,False,False,False,,False,,False,,False,,False,,LOVB Austin,ATX,ATX,violet
2251798,2026,2026-02-21T01:00:00.000Z,2344599,Logan Eggleston,Logan,Eggleston,33,2,active,False,False,False,False,True,6.0,True,2.0,True,2.0,True,2.0,True,3.0,LOVB Austin,ATX,ATX,violet
2251798,2026,2026-02-21T01:00:00.000Z,2336999,Magdalena Jurczyk,Magdalena,Jurczyk,95,4,active,False,False,False,False,False,,False,,False,,False,,False,,LOVB Austin,ATX,ATX,violet
2251798,2026,2026-02-21T01:00:00.000Z,2494725,Indre Sorokaite,Indre,Sorokaite,1,2,active,False,False,False,False,False,,False,,False,,False,,False,,LOVB Madison,MAD,MAD,babyBlue
2251798,2026,2026-02-21T01:00:00.000Z,2342510,Anna Hall,Anna,Hall,2,4,active,False,False,False,False,False,,False,,False,,False,,False,,LOVB Madison,MAD,MAD,babyBlue
2251798,2026,2026-02-21T01:00:00.000Z,2344581,Mariena Hayden,Mariena,Hayden,3,2,active,False,False,False,False,False,,False,,False,,False,,False,,LOVB Madison,MAD,MAD,babyBlue
2251798,2026,2026-02-21T01:00:00.000Z,2344577,Milica Medved,Milica,Medved,4,1,active,False,False,False,True,False,,False,,False,,False,,False,,LOVB Madison,MAD,MAD,babyBlue
2251798,2026,2026-02-21T01:00:00.000Z,2547943,Rebekah Allick,Rebekah,Allick,5,4,active,False,False,False,False,True,3.0,True,2.0,True,2.0,True,2.0,True,1.0,LOVB Madison,MAD,MAD,babyBlue
2251798,2026,2026-02-21T01:00:00.000Z,2494729,Gong Xiangyu,Gong,Xiangyu,6,3,active,False,False,False,False,True,4.0,True,3.0,True,3.0,True,3.0,True,2.0,LOVB Madison,MAD,MAD,babyBlue
2251798,2026,2026-02-21T01:00:00.000Z,2342508,Lauren Carlini,Lauren,Carlini,7,5,active,False,False,True,False,True,1.0,True,6.0,True,6.0,True,6.0,True,5.0,LOVB Madison,MAD,MAD,babyBlue
2251798,2026,2026-02-21T01:00:00.000Z,2494724,Argentina Ung,Argentina,Ung,8,5,active,False,False,False,False,False,,False,,False,,False,,False,,LOVB Madison,MAD,MAD,babyBlue
2251798,2026,2026-02-21T01:00:00.000Z,2344580,Claire Chaussee,Claire,Chaussee,9,2,active,False,False,False,False,False,,False,,False,,False,,False,,LOVB Madison,MAD,MAD,babyBlue
2251798,2026,2026-02-21T01:00:00.000Z,2494727,Annayka Legros,Annayka,Legros,10,4,active,False,False,False,False,False,,False,,False,,False,,False,,LOVB Madison,MAD,MAD,babyBlue
2251798,2026,2026-02-21T01:00:00.000Z,2344612,Anna Pogany,Anna,Pogany,11,1,active,False,False,False,False,False,,False,,False,,False,,False,,LOVB Madison,MAD,MAD,babyBlue
2251798,2026,2026-02-21T01:00:00.000Z,2344582,Temi Thomas-Ailara,Temi,Thomas-Ailara,12,3,active,False,False,False,False,True,5.0,True,4.0,True,4.0,True,4.0,True,3.0,LOVB Madison,MAD,MAD,babyBlue
2251798,2026,2026-02-21T01:00:00.000Z,2344605,Anna Haak,Anna,Haak,17,2,active,False,False,False,False,True,2.0,False,,False,,False,,False,,LOVB Madison,MAD,MAD,babyBlue
2251798,2026,2026-02-21T01:00:00.000Z,2494726,Andrea Mitrovic,Andrea,Mitrovic,21,2,active,False,False,False,False,False,,True,1.0,True,1.0,True,1.0,True,6.0,LOVB Madison,MAD,MAD,babyBlue
2251798,2026,2026-02-21T01:00:00.000Z,2623252,Gillian Grimes,Gillian,Grimes,23,1,active,False,False,False,True,False,,False,,False,,False,,False,,LOVB Madison,MAD,MAD,babyBlue
2251798,2026,2026-02-21T01:00:00.000Z,2494728,Callie Schwarzenbach,Callie,Schwarzenbach,25,4,active,False,False,False,False,True,6.0,True,5.0,True,5.0,True,5.0,True,4.0,LOVB Madison,MAD,MAD,babyBlue
2251798,2026,2026-02-21T01:00:00.000Z,2349077,Ana B Correa,Ana B,Correa,27,4,active,False,False,False,False,False,,False,,False,,False,,False,,LOVB Madison,MAD,MAD,babyBlue
2251799,2026,2026-02-22T01:00:00.000Z,2336969,Jordyn Poulter,Jordyn,Poulter,1,5,active,False,False,False,False,False,,False,,False,,False,,,,LOVB Salt Lake,SLC,SLC,brightYellow
2251799,2026,2026-02-22T01:00:00.000Z,2549041,Ifenna Cos-Okpalla,Ifenna,Cos-Okpalla,2,4,active,False,False,False,False,False,,False,,False,,False,,,,LOVB Salt Lake,SLC,SLC,brightYellow
2251799,2026,2026-02-22T01:00:00.000Z,2344545,Dani Drews,Dani,Drews,3,2,active,False,False,False,False,False,,False,,False,,False,,,,LOVB Salt Lake,SLC,SLC,brightYellow
2251799,2026,2026-02-22T01:00:00.000Z,2344547,Maddie Haynes,Maddie,Haynes,4,2,active,False,False,False,False,False,,False,,False,,False,,,,LOVB Salt Lake,SLC,SLC,brightYellow
2251799,2026,2026-02-22T01:00:00.000Z,2344554,Skylar Fields,Skylar,Fields,5,3,active,False,False,False,False,False,,False,,False,,False,,,,LOVB Salt Lake,SLC,SLC,brightYellow
2251799,2026,2026-02-22T01:00:00.000Z,2344551,Tori Dixon,Tori,Dixon,6,4,active,False,False,False,False,True,6.0,True,1.0,True,6.0,True,6.0,,,LOVB Salt Lake,SLC,SLC,brightYellow
2251799,2026,2026-02-22T01:00:00.000Z,2349080,Sophie Fischer,Sophie,Fischer,7,4,active,False,False,False,False,False,,False,,False,,False,,,,LOVB Salt Lake,SLC,SLC,brightYellow
2251799,2026,2026-02-22T01:00:00.000Z,2494734,Alexa Gray,Alexa,Gray,9,2,active,False,False,False,False,True,2.0,True,3.0,True,2.0,False,,,,LOVB Salt Lake,SLC,SLC,brightYellow
2251799,2026,2026-02-22T01:00:00.000Z,2344427,Madi Bugg,Madi,Bugg,10,5,active,False,False,True,False,True,1.0,True,2.0,True,1.0,True,1.0,,,LOVB Salt Lake,SLC,SLC,brightYellow
2251799,2026,2026-02-22T01:00:00.000Z,2344550,Serena Gray,Serena,Gray,11,4,active,False,False,False,False,True,3.0,True,4.0,True,3.0,True,3.0,,,LOVB Salt Lake,SLC,SLC,brightYellow
2251799,2026,2026-02-22T01:00:00.000Z,2344546,Roni Jones-Perry,Roni,Jones-Perry,12,2,active,False,False,False,False,False,,False,,False,,True,2.0,,,LOVB Salt Lake,SLC,SLC,brightYellow
2251799,2026,2026-02-22T01:00:00.000Z,2336979,Haleigh Washington,Haleigh,Washington,15,4,active,False,False,False,False,False,,False,,False,,False,,,,LOVB Salt Lake,SLC,SLC,brightYellow
2251799,2026,2026-02-22T01:00:00.000Z,2342469,Manami Kojima,Manami,Kojima,16,1,active,False,False,False,True,False,,False,,False,,False,,,,LOVB Salt Lake,SLC,SLC,brightYellow
2251799,2026,2026-02-22T01:00:00.000Z,2344544,Mary Lake,Mary,Lake,18,1,active,False,False,False,False,False,,False,,False,,False,,,,LOVB Salt Lake,SLC,SLC,brightYellow
2251799,2026,2026-02-22T01:00:00.000Z,2344548,Claire Hoffman,Claire,Hoffman,21,2,active,False,False,False,False,True,5.0,True,6.0,True,5.0,True,5.0,,,LOVB Salt Lake,SLC,SLC,brightYellow
2251799,2026,2026-02-22T01:00:00.000Z,2344553,Heidy Casanova,Heidy,Casanova,33,3,active,False,False,False,False,True,4.0,True,5.0,True,4.0,True,4.0,,,LOVB Salt Lake,SLC,SLC,brightYellow
2251799,2026,2026-02-22T01:00:00.000Z,2344621,Grace Frohling,Grace,Frohling,1,3,active,False,False,False,False,False,,False,,False,,False,,,,LOVB Houston,HTX,HTX,brightBlue
2251799,2026,2026-02-22T01:00:00.000Z,2344616,Karin Palgutova,Karin,Palgutova,2,2,active,False,False,False,False,False,,False,,False,,False,,,,LOVB Houston,HTX,HTX,brightBlue
2251799,2026,2026-02-22T01:00:00.000Z,2344618,Amber Igiede,Amber,Igiede,3,4,active,False,False,False,False,True,5.0,True,6.0,True,6.0,True,6.0,,,LOVB Houston,HTX,HTX,brightBlue
2251799,2026,2026-02-22T01:00:00.000Z,2336972,Justine Wong-Orantes,Justine,Wong-Orantes,4,1,active,False,False,False,False,False,,False,,False,,False,,,,LOVB Houston,HTX,HTX,brightBlue
2251799,2026,2026-02-22T01:00:00.000Z,2494722,Lauren Briseño,Lauren,Briseño,5,1,active,False,False,False,True,False,,False,,False,,False,,,,LOVB Houston,HTX,HTX,brightBlue
2251799,2026,2026-02-22T01:00:00.000Z,2494723,Jazmine White,Jazmine,White,6,4,active,False,False,False,False,True,2.0,True,3.0,True,3.0,True,3.0,,,LOVB Houston,HTX,HTX,brightBlue
2251799,2026,2026-02-22T01:00:00.000Z,2344617,Raphaela Folie,Raphaela,Folie,7,4,active,False,False,False,False,False,,False,,False,,False,,,,LOVB Houston,HTX,HTX,brightBlue
2251799,2026,2026-02-22T01:00:00.000Z,2344611,Kaisa Alanko,Kaisa,Alanko,8,5,active,False,False,False,False,True,6.0,True,1.0,True,1.0,True,1.0,,,LOVB Houston,HTX,HTX,brightBlue
2251799,2026,2026-02-22T01:00:00.000Z,2344614,Madi Rishel,Madi,Rishel,9,2,active,False,False,False,False,True,4.0,True,5.0,True,5.0,True,5.0,,,LOVB Houston,HTX,HTX,brightBlue
2251799,2026,2026-02-22T01:00:00.000Z,2539857,Maya Sands,Maya,Sands,10,1,active,False,False,False,False,False,,False,,False,,False,,,,LOVB Houston,HTX,HTX,brightBlue
2251799,2026,2026-02-22T01:00:00.000Z,2344620,Anita Anwusi,Anita,Anwusi,11,4,active,False,False,False,False,False,,False,,False,,False,,,,LOVB Houston,HTX,HTX,brightBlue
2251799,2026,2026-02-22T01:00:00.000Z,2336967,Micha Hancock,Micha,Hancock,12,5,active,False,False,True,False,False,,False,,False,,False,,,,LOVB Houston,HTX,HTX,brightBlue
2251799,2026,2026-02-22T01:00:00.000Z,2344622,Julia Brown,Julia,Brown,14,2,active,False,False,False,False,False,,False,,False,,False,,,,LOVB Houston,HTX,HTX,brightBlue
2251799,2026,2026-02-22T01:00:00.000Z,2623251,Maddie Waak,Maddie,Waak,16,5,active,False,False,False,False,False,,False,,False,,False,,,,LOVB Houston,HTX,HTX,brightBlue
2251799,2026,2026-02-22T01:00:00.000Z,2344615,Sara Loda,Sara,Loda,17,2,active,False,False,False,False,False,,False,,False,,False,,,,LOVB Houston,HTX,HTX,brightBlue
2251799,2026,2026-02-22T01:00:00.000Z,2549003,Logan Lednicky,Logan,Lednicky,18,3,active,False,False,False,False,False,,False,,False,,False,,,,LOVB Houston,HTX,HTX,brightBlue
2251799,2026,2026-02-22T01:00:00.000Z,2349315,Jess Mruzik,Jess,Mruzik,19,2,active,False,False,False,False,True,1.0,True,2.0,True,2.0,True,2.0,,,LOVB Houston,HTX,HTX,brightBlue
2251799,2026,2026-02-22T01:00:00.000Z,2336977,Jordan Thompson,Jordan,Thompson,23,3,active,False,False,False,False,True,3.0,True,4.0,True,4.0,True,4.0,,,LOVB Houston,HTX,HTX,brightBlue
2251800,2026,2026-02-22T19:00:00.000Z,2344566,Piyanut Pannoy,Piyanut,Pannoy,2,1,active,False,False,False,True,False,,False,,False,,False,,,,LOVB Atlanta,ATL,ATL,hotPink
2251800,2026,2026-02-22T19:00:00.000Z,2494718,Miroslava Paskova,Miroslava,Paskova,6,2,active,False,False,False,False,False,,False,,False,,False,,,,LOVB Atlanta,ATL,ATL,hotPink
2251800,2026,2026-02-22T19:00:00.000Z,2494717,Ella May Powell,Ella May,Powell,7,5,active,False,False,False,False,False,,False,,True,6.0,True,1.0,,,LOVB Atlanta,ATL,ATL,hotPink
2251800,2026,2026-02-22T19:00:00.000Z,2351343,Rachel Fairbanks,Rachel,Fairbanks,10,5,active,False,False,False,False,True,6.0,True,1.0,False,,False,,,,LOVB Atlanta,ATL,ATL,hotPink
2251800,2026,2026-02-22T19:00:00.000Z,2349081,Onye Ofoegbu,Onye,Ofoegbu,11,4,active,False,False,False,False,True,2.0,True,3.0,False,,False,,,,LOVB Atlanta,ATL,ATL,hotPink
2251800,2026,2026-02-22T19:00:00.000Z,2344610,Carly DeHoog,Carly,DeHoog,12,3,active,False,False,False,False,False,,False,,True,3.0,True,4.0,,,LOVB Atlanta,ATL,ATL,hotPink
2251800,2026,2026-02-22T19:00:00.000Z,2344425,McKenzie Adams,McKenzie,Adams,13,2,active,False,False,True,False,True,4.0,True,2.0,True,1.0,True,2.0,,,LOVB Atlanta,ATL,ATL,hotPink
2251800,2026,2026-02-22T19:00:00.000Z,2344570,Tia Jimerson,Tia,Jimerson,14,4,active,False,False,False,False,True,5.0,True,6.0,True,2.0,True,3.0,,,LOVB Atlanta,ATL,ATL,hotPink
2251800,2026,2026-02-22T19:00:00.000Z,2344573,Magdalena Jehlarova,Magdalena,Jehlarova,15,4,active,False,False,False,False,False,,False,,True,5.0,True,6.0,,,LOVB Atlanta,ATL,ATL,hotPink
2251800,2026,2026-02-22T19:00:00.000Z,2344567,Beatrice Negretti,Beatrice,Negretti,16,1,active,False,False,False,False,False,,False,,False,,False,,,,LOVB Atlanta,ATL,ATL,hotPink
2251800,2026,2026-02-22T19:00:00.000Z,2344574,Tessa Grubbs,Tessa,Grubbs,17,3,active,False,False,False,False,False,,False,,False,,False,,,,LOVB Atlanta,ATL,ATL,hotPink
2251800,2026,2026-02-22T19:00:00.000Z,2494721,Ivonee Montaño,Ivonee,Montaño,18,3,active,False,False,False,False,True,3.0,True,4.0,False,,False,,,,LOVB Atlanta,ATL,ATL,hotPink
2251800,2026,2026-02-22T19:00:00.000Z,2494720,Jess Robinson,Jess,Robinson,19,4,active,False,False,False,False,False,,False,,False,,False,,,,LOVB Atlanta,ATL,ATL,hotPink
2251800,2026,2026-02-22T19:00:00.000Z,2494719,Julia Sangiacomo,Julia,Sangiacomo,22,2,active,False,False,False,False,False,,False,,True,4.0,True,5.0,,,LOVB Atlanta,ATL,ATL,hotPink
2251800,2026,2026-02-22T19:00:00.000Z,2342511,Kelsey Cook,Kelsey,Cook,23,2,active,False,False,False,False,False,,False,,False,,False,,,,LOVB Atlanta,ATL,ATL,hotPink
2251800,2026,2026-02-22T19:00:00.000Z,2548999,Eva Hudson,Eva,Hudson,27,2,active,False,False,False,False,True,1.0,True,5.0,False,,False,,,,LOVB Atlanta,ATL,ATL,hotPink
2251800,2026,2026-02-22T19:00:00.000Z,2344609,Khat Bell,Khat,Bell,1,3,active,False,False,False,False,False,,False,,False,,True,4.0,,,LOVB Austin,ATX,ATX,violet
2251800,2026,2026-02-22T19:00:00.000Z,2344604,Leah Hardeman,Leah,Hardeman,2,2,active,False,False,False,False,False,,False,,False,,True,5.0,,,LOVB Austin,ATX,ATX,violet
2251800,2026,2026-02-22T19:00:00.000Z,2344598,Carli Lloyd,Carli,Lloyd,3,5,active,False,False,False,False,False,,False,,False,,True,1.0,,,LOVB Austin,ATX,ATX,violet
2251800,2026,2026-02-22T19:00:00.000Z,2344588,Madi Banks,Madi,Banks,4,2,active,False,False,False,False,True,5.0,True,5.0,True,5.0,False,,,,LOVB Austin,ATX,ATX,violet
2251800,2026,2026-02-22T19:00:00.000Z,2344608,Molly McCage,Molly,McCage,5,4,active,False,False,False,False,True,3.0,True,3.0,True,3.0,False,,,,LOVB Austin,ATX,ATX,violet
2251800,2026,2026-02-22T19:00:00.000Z,2349176,Madisen Skinner,Madisen,Skinner,6,3,active,False,False,False,False,True,4.0,True,4.0,True,4.0,False,,,,LOVB Austin,ATX,ATX,violet
2251800,2026,2026-02-22T19:00:00.000Z,2344607,Asjia O'Neal,Asjia,O'Neal,7,4,active,False,False,False,False,True,6.0,True,6.0,True,6.0,True,6.0,,,LOVB Austin,ATX,ATX,violet
2251800,2026,2026-02-22T19:00:00.000Z,2344601,Zoe Jarvis,Zoe,Jarvis,10,1,active,False,False,False,True,False,,False,,False,,False,,,,LOVB Austin,ATX,ATX,violet
2251800,2026,2026-02-22T19:00:00.000Z,2494716,Isabella Bergmark,Isabella,Bergmark,11,4,active,False,False,False,False,False,,False,,False,,True,3.0,,,LOVB Austin,ATX,ATX,violet
2251800,2026,2026-02-22T19:00:00.000Z,2344606,Juliann Faucette,Juliann,Faucette,13,3,active,False,False,False,False,False,,False,,False,,False,,,,LOVB Austin,ATX,ATX,violet
2251800,2026,2026-02-22T19:00:00.000Z,2344602,Kotoe Inoue,Kotoe,Inoue,15,1,active,False,False,False,False,False,,False,,False,,False,,,,LOVB Austin,ATX,ATX,violet
2251800,2026,2026-02-22T19:00:00.000Z,2494714,Brie O'Reilly,Brie,O'Reilly,17,5,active,False,False,True,False,True,1.0,True,1.0,True,1.0,False,,,,LOVB Austin,ATX,ATX,violet
2251800,2026,2026-02-22T19:00:00.000Z,2547939,Bailey Miller,Bailey,Miller,22,2,active,False,False,False,False,False,,False,,False,,True,2.0,,,LOVB Austin,ATX,ATX,violet
2251800,2026,2026-02-22T19:00:00.000Z,2344599,Logan Eggleston,Logan,Eggleston,33,2,active,False,False,False,False,True,2.0,True,2.0,True,2.0,False,,,,LOVB Austin,ATX,ATX,violet
2251800,2026,2026-02-22T19:00:00.000Z,2336999,Magdalena Jurczyk,Magdalena,Jurczyk,95,4,active,False,False,False,False,False,,False,,False,,False,,,,LOVB Austin,ATX,ATX,violet
2251801,2026,2026-02-22T23:00:00.000Z,2349314,Lexi Rodriguez,Lexi,Rodriguez,1,1,active,False,False,False,False,False,,False,,False,,False,,False,,LOVB Nebraska,NEB,NEB,apple
2251801,2026,2026-02-22T23:00:00.000Z,2344593,Emily Thater,Emily,Thater,2,4,active,False,False,False,False,True,6.0,True,6.0,True,6.0,True,6.0,True,6.0,LOVB Nebraska,NEB,NEB,apple
2251801,2026,2026-02-22T23:00:00.000Z,2344587,Annie Cesar,Annie,Cesar,3,1,active,False,False,False,False,False,,False,,False,,False,,False,,LOVB Nebraska,NEB,NEB,apple
2251801,2026,2026-02-22T23:00:00.000Z,2344590,Vicky Savard,Vicky,Savard,4,2,active,False,False,False,False,False,,False,,False,,False,,False,,LOVB Nebraska,NEB,NEB,apple
2251801,2026,2026-02-22T23:00:00.000Z,2344589,Jaali Winters,Jaali,Winters,5,2,active,False,False,False,False,False,,False,,False,,False,,False,,LOVB Nebraska,NEB,NEB,apple
2251801,2026,2026-02-22T23:00:00.000Z,2344596,Kimberly Drewniok,Kimberly,Drewniok,8,3,active,False,False,False,False,True,4.0,True,4.0,True,4.0,True,4.0,True,4.0,LOVB Nebraska,NEB,NEB,apple
2251801,2026,2026-02-22T23:00:00.000Z,2344564,Iga Wasilewska,Iga,Wasilewska,9,4,active,False,False,False,False,False,,False,,False,,False,,False,,LOVB Nebraska,NEB,NEB,apple
2251801,2026,2026-02-22T23:00:00.000Z,2336975,Jordan Larson,Jordan,Larson,10,2,active,False,False,True,False,True,2.0,True,2.0,True,2.0,True,2.0,True,2.0,LOVB Nebraska,NEB,NEB,apple
2251801,2026,2026-02-22T23:00:00.000Z,2494731,Anne Buijs,Anne,Buijs,11,2,active,False,False,False,False,True,5.0,True,5.0,True,5.0,True,5.0,True,5.0,LOVB Nebraska,NEB,NEB,apple
2251801,2026,2026-02-22T23:00:00.000Z,2344597,Audriana Fitzmorris,Audriana,Fitzmorris,12,3,active,False,False,False,False,False,,False,,False,,False,,False,,LOVB Nebraska,NEB,NEB,apple
2251801,2026,2026-02-22T23:00:00.000Z,2344586,Gabby Blossom,Gabby,Blossom,13,5,active,False,False,False,False,False,,False,,False,,False,,False,,LOVB Nebraska,NEB,NEB,apple
2251801,2026,2026-02-22T23:00:00.000Z,2344585,Laura Dijkema,Laura,Dijkema,14,5,active,False,False,False,False,True,1.0,True,1.0,True,1.0,True,1.0,True,1.0,LOVB Nebraska,NEB,NEB,apple
2251801,2026,2026-02-22T23:00:00.000Z,2494733,Ana Carolina Da Silva,Ana Carolina,Da Silva,15,4,active,False,False,False,False,False,,False,,False,,False,,False,,LOVB Nebraska,NEB,NEB,apple
2251801,2026,2026-02-22T23:00:00.000Z,2344592,Candelaria Herrera,Candelaria,Herrera,17,4,active,False,False,False,False,True,3.0,True,3.0,True,3.0,True,3.0,True,3.0,LOVB Nebraska,NEB,NEB,apple
2251801,2026,2026-02-22T23:00:00.000Z,2494732,Alexis Hart,Alexis,Hart,19,2,active,False,False,False,False,False,,False,,False,,False,,False,,LOVB Nebraska,NEB,NEB,apple
2251801,2026,2026-02-22T23:00:00.000Z,2547881,Julia Hanson,Julia,Hanson,22,2,active,False,False,False,False,False,,False,,False,,False,,False,,LOVB Nebraska,NEB,NEB,apple
2251801,2026,2026-02-22T23:00:00.000Z,2494725,Indre Sorokaite,Indre,Sorokaite,1,2,active,False,False,False,False,False,,False,,False,,False,,False,,LOVB Madison,MAD,MAD,babyBlue
2251801,2026,2026-02-22T23:00:00.000Z,2342510,Anna Hall,Anna,Hall,2,4,active,False,False,False,False,False,,False,,True,2.0,True,1.0,True,5.0,LOVB Madison,MAD,MAD,babyBlue
2251801,2026,2026-02-22T23:00:00.000Z,2344581,Mariena Hayden,Mariena,Hayden,3,2,active,False,False,False,False,False,,False,,False,,False,,False,,LOVB Madison,MAD,MAD,babyBlue
2251801,2026,2026-02-22T23:00:00.000Z,2344577,Milica Medved,Milica,Medved,4,1,active,False,False,False,False,False,,False,,False,,False,,False,,LOVB Madison,MAD,MAD,babyBlue
2251801,2026,2026-02-22T23:00:00.000Z,2547943,Rebekah Allick,Rebekah,Allick,5,4,active,False,False,False,False,True,2.0,True,1.0,False,,False,,False,,LOVB Madison,MAD,MAD,babyBlue
2251801,2026,2026-02-22T23:00:00.000Z,2494729,Gong Xiangyu,Gong,Xiangyu,6,3,active,False,False,False,False,True,3.0,True,2.0,True,3.0,True,2.0,True,6.0,LOVB Madison,MAD,MAD,babyBlue
2251801,2026,2026-02-22T23:00:00.000Z,2342508,Lauren Carlini,Lauren,Carlini,7,5,active,False,False,True,False,True,6.0,True,5.0,True,6.0,True,5.0,True,3.0,LOVB Madison,MAD,MAD,babyBlue
2251801,2026,2026-02-22T23:00:00.000Z,2494724,Argentina Ung,Argentina,Ung,8,5,active,False,False,False,False,False,,False,,False,,False,,False,,LOVB Madison,MAD,MAD,babyBlue
2251801,2026,2026-02-22T23:00:00.000Z,2344580,Claire Chaussee,Claire,Chaussee,9,2,active,False,False,False,False,False,,False,,False,,False,,False,,LOVB Madison,MAD,MAD,babyBlue
2251801,2026,2026-02-22T23:00:00.000Z,2494727,Annayka Legros,Annayka,Legros,10,4,active,False,False,False,False,False,,False,,False,,False,,False,,LOVB Madison,MAD,MAD,babyBlue
2251801,2026,2026-02-22T23:00:00.000Z,2344612,Anna Pogany,Anna,Pogany,11,1,active,False,False,False,False,False,,False,,False,,False,,False,,LOVB Madison,MAD,MAD,babyBlue
2251801,2026,2026-02-22T23:00:00.000Z,2344582,Temi Thomas-Ailara,Temi,Thomas-Ailara,12,3,active,False,False,False,False,True,4.0,True,3.0,True,4.0,True,3.0,True,1.0,LOVB Madison,MAD,MAD,babyBlue
2251801,2026,2026-02-22T23:00:00.000Z,2344605,Anna Haak,Anna,Haak,17,2,active,False,False,False,False,False,,False,,False,,False,,False,,LOVB Madison,MAD,MAD,babyBlue
2251801,2026,2026-02-22T23:00:00.000Z,2494726,Andrea Mitrovic,Andrea,Mitrovic,21,2,active,False,False,False,False,True,1.0,True,6.0,True,1.0,True,6.0,True,4.0,LOVB Madison,MAD,MAD,babyBlue
2251801,2026,2026-02-22T23:00:00.000Z,2623252,Gillian Grimes,Gillian,Grimes,23,1,active,False,False,False,False,False,,False,,False,,False,,False,,LOVB Madison,MAD,MAD,babyBlue
2251801,2026,2026-02-22T23:00:00.000Z,2494728,Callie Schwarzenbach,Callie,Schwarzenbach,25,4,active,False,False,False,False,True,5.0,True,4.0,True,5.0,True,4.0,True,2.0,LOVB Madison,MAD,MAD,babyBlue
2251801,2026,2026-02-22T23:00:00.000Z,2349077,Ana B Correa,Ana B,Correa,27,4,active,False,False,False,False,False,,False,,False,,False,,False,,LOVB Madison,MAD,MAD,babyBlue
2251802,2026,2026-02-26T01:00:00.000Z,2344609,Khat Bell,Khat,Bell,1,3,active,False,False,False,False,False,,False,,False,,False,,,,LOVB Austin,ATX,ATX,violet
2251802,2026,2026-02-26T01:00:00.000Z,2344604,Leah Hardeman,Leah,Hardeman,2,2,active,False,False,False,False,False,,False,,False,,False,,,,LOVB Austin,ATX,ATX,violet
2251802,2026,2026-02-26T01:00:00.000Z,2344598,Carli Lloyd,Carli,Lloyd,3,5,active,False,False,False,False,False,,False,,False,,False,,,,LOVB Austin,ATX,ATX,violet
2251802,2026,2026-02-26T01:00:00.000Z,2344588,Madi Banks,Madi,Banks,4,2,active,False,False,False,False,True,5.0,True,5.0,True,5.0,True,6.0,,,LOVB Austin,ATX,ATX,violet
2251802,2026,2026-02-26T01:00:00.000Z,2344608,Molly McCage,Molly,McCage,5,4,active,False,False,False,False,False,,False,,False,,False,,,,LOVB Austin,ATX,ATX,violet
2251802,2026,2026-02-26T01:00:00.000Z,2349176,Madisen Skinner,Madisen,Skinner,6,3,active,False,False,False,False,True,4.0,True,4.0,True,4.0,True,5.0,,,LOVB Austin,ATX,ATX,violet
2251802,2026,2026-02-26T01:00:00.000Z,2344607,Asjia O'Neal,Asjia,O'Neal,7,4,active,False,False,False,False,True,6.0,True,6.0,True,6.0,True,1.0,,,LOVB Austin,ATX,ATX,violet
2251802,2026,2026-02-26T01:00:00.000Z,2344601,Zoe Jarvis,Zoe,Jarvis,10,1,active,False,False,False,True,False,,False,,False,,False,,,,LOVB Austin,ATX,ATX,violet
2251802,2026,2026-02-26T01:00:00.000Z,2494716,Isabella Bergmark,Isabella,Bergmark,11,4,active,False,False,False,False,True,3.0,True,3.0,True,3.0,True,4.0,,,LOVB Austin,ATX,ATX,violet
2251802,2026,2026-02-26T01:00:00.000Z,2344606,Juliann Faucette,Juliann,Faucette,13,3,active,False,False,True,False,False,,False,,False,,False,,,,LOVB Austin,ATX,ATX,violet
2251802,2026,2026-02-26T01:00:00.000Z,2344602,Kotoe Inoue,Kotoe,Inoue,15,1,active,False,False,False,False,False,,False,,False,,False,,,,LOVB Austin,ATX,ATX,violet
2251802,2026,2026-02-26T01:00:00.000Z,2494714,Brie O'Reilly,Brie,O'Reilly,17,5,active,False,False,False,False,True,1.0,True,1.0,True,1.0,True,2.0,,,LOVB Austin,ATX,ATX,violet
2251802,2026,2026-02-26T01:00:00.000Z,2547939,Bailey Miller,Bailey,Miller,22,2,active,False,False,False,False,False,,False,,False,,False,,,,LOVB Austin,ATX,ATX,violet
2251802,2026,2026-02-26T01:00:00.000Z,2344599,Logan Eggleston,Logan,Eggleston,33,2,active,False,False,False,False,True,2.0,True,2.0,True,2.0,True,3.0,,,LOVB Austin,ATX,ATX,violet
2251802,2026,2026-02-26T01:00:00.000Z,2336999,Magdalena Jurczyk,Magdalena,Jurczyk,95,4,active,False,False,False,False,False,,False,,False,,False,,,,LOVB Austin,ATX,ATX,violet
2251802,2026,2026-02-26T01:00:00.000Z,2336969,Jordyn Poulter,Jordyn,Poulter,1,5,active,False,False,False,False,False,,False,,False,,True,1.0,,,LOVB Salt Lake,SLC,SLC,brightYellow
2251802,2026,2026-02-26T01:00:00.000Z,2549041,Ifenna Cos-Okpalla,Ifenna,Cos-Okpalla,2,4,active,False,False,False,False,False,,False,,False,,False,,,,LOVB Salt Lake,SLC,SLC,brightYellow
2251802,2026,2026-02-26T01:00:00.000Z,2344545,Dani Drews,Dani,Drews,3,2,active,False,False,False,False,False,,False,,False,,False,,,,LOVB Salt Lake,SLC,SLC,brightYellow
2251802,2026,2026-02-26T01:00:00.000Z,2344547,Maddie Haynes,Maddie,Haynes,4,2,active,False,False,False,False,False,,False,,False,,False,,,,LOVB Salt Lake,SLC,SLC,brightYellow
2251802,2026,2026-02-26T01:00:00.000Z,2344554,Skylar Fields,Skylar,Fields,5,3,active,False,False,False,False,False,,False,,False,,False,,,,LOVB Salt Lake,SLC,SLC,brightYellow
2251802,2026,2026-02-26T01:00:00.000Z,2344551,Tori Dixon,Tori,Dixon,6,4,active,False,False,False,False,True,6.0,True,6.0,True,6.0,False,,,,LOVB Salt Lake,SLC,SLC,brightYellow
2251802,2026,2026-02-26T01:00:00.000Z,2349080,Sophie Fischer,Sophie,Fischer,7,4,active,False,False,False,False,False,,False,,False,,True,6.0,,,LOVB Salt Lake,SLC,SLC,brightYellow
2251802,2026,2026-02-26T01:00:00.000Z,2494734,Alexa Gray,Alexa,Gray,9,2,active,False,False,False,False,True,2.0,True,2.0,True,2.0,True,2.0,,,LOVB Salt Lake,SLC,SLC,brightYellow
2251802,2026,2026-02-26T01:00:00.000Z,2344427,Madi Bugg,Madi,Bugg,10,5,active,False,False,True,False,True,1.0,True,1.0,True,1.0,False,,,,LOVB Salt Lake,SLC,SLC,brightYellow
2251802,2026,2026-02-26T01:00:00.000Z,2344550,Serena Gray,Serena,Gray,11,4,active,False,False,False,False,True,3.0,True,3.0,True,3.0,True,3.0,,,LOVB Salt Lake,SLC,SLC,brightYellow
2251802,2026,2026-02-26T01:00:00.000Z,2344546,Roni Jones-Perry,Roni,Jones-Perry,12,2,active,False,False,False,False,False,,False,,False,,False,,,,LOVB Salt Lake,SLC,SLC,brightYellow
2251802,2026,2026-02-26T01:00:00.000Z,2336979,Haleigh Washington,Haleigh,Washington,15,4,active,False,False,False,False,False,,False,,False,,False,,,,LOVB Salt Lake,SLC,SLC,brightYellow
2251802,2026,2026-02-26T01:00:00.000Z,2342469,Manami Kojima,Manami,Kojima,16,1,active,False,False,False,True,False,,False,,False,,False,,,,LOVB Salt Lake,SLC,SLC,brightYellow
2251802,2026,2026-02-26T01:00:00.000Z,2344544,Mary Lake,Mary,Lake,18,1,active,False,False,False,False,False,,False,,False,,False,,,,LOVB Salt Lake,SLC,SLC,brightYellow
2251802,2026,2026-02-26T01:00:00.000Z,2344548,Claire Hoffman,Claire,Hoffman,21,2,active,False,False,False,False,True,5.0,True,5.0,True,5.0,True,5.0,,,LOVB Salt Lake,SLC,SLC,brightYellow
2251802,2026,2026-02-26T01:00:00.000Z,2344553,Heidy Casanova,Heidy,Casanova,33,3,active,False,False,False,False,True,4.0,True,4.0,True,4.0,True,4.0,,,LOVB Salt Lake,SLC,SLC,brightYellow
2251803,2026,2026-02-27T01:00:00.000Z,2344616,Karin Palgutova,Karin,Palgutova,2,2,active,False,False,False,False,False,,False,,False,,False,,True,5.0,LOVB Houston,HTX,HTX,brightBlue
2251803,2026,2026-02-27T01:00:00.000Z,2344618,Amber Igiede,Amber,Igiede,3,4,active,False,False,False,False,True,6.0,True,6.0,True,6.0,True,5.0,True,6.0,LOVB Houston,HTX,HTX,brightBlue
2251803,2026,2026-02-27T01:00:00.000Z,2494722,Lauren Briseño,Lauren,Briseño,5,1,active,False,False,False,True,False,,False,,False,,False,,False,,LOVB Houston,HTX,HTX,brightBlue
2251803,2026,2026-02-27T01:00:00.000Z,2494723,Jazmine White,Jazmine,White,6,4,active,False,False,False,False,False,,False,,False,,False,,False,,LOVB Houston,HTX,HTX,brightBlue
2251803,2026,2026-02-27T01:00:00.000Z,2344617,Raphaela Folie,Raphaela,Folie,7,4,active,False,False,False,False,True,3.0,True,3.0,True,3.0,True,2.0,True,3.0,LOVB Houston,HTX,HTX,brightBlue
2251803,2026,2026-02-27T01:00:00.000Z,2344611,Kaisa Alanko,Kaisa,Alanko,8,5,active,False,False,False,False,True,1.0,True,1.0,True,1.0,True,6.0,True,1.0,LOVB Houston,HTX,HTX,brightBlue
2251803,2026,2026-02-27T01:00:00.000Z,2344614,Madi Rishel,Madi,Rishel,9,2,active,False,False,False,False,True,5.0,True,5.0,True,5.0,True,4.0,True,2.0,LOVB Houston,HTX,HTX,brightBlue
2251803,2026,2026-02-27T01:00:00.000Z,2539857,Maya Sands,Maya,Sands,10,1,active,False,False,False,False,False,,False,,False,,False,,False,,LOVB Houston,HTX,HTX,brightBlue
2251803,2026,2026-02-27T01:00:00.000Z,2344620,Anita Anwusi,Anita,Anwusi,11,4,active,False,False,False,False,False,,False,,False,,False,,False,,LOVB Houston,HTX,HTX,brightBlue
2251803,2026,2026-02-27T01:00:00.000Z,2336967,Micha Hancock,Micha,Hancock,12,5,active,False,False,True,False,False,,False,,False,,False,,False,,LOVB Houston,HTX,HTX,brightBlue
2251803,2026,2026-02-27T01:00:00.000Z,2344622,Julia Brown,Julia,Brown,14,2,active,False,False,False,False,False,,False,,False,,False,,False,,LOVB Houston,HTX,HTX,brightBlue
2251803,2026,2026-02-27T01:00:00.000Z,2623251,Maddie Waak,Maddie,Waak,16,5,active,False,False,False,False,False,,False,,False,,False,,False,,LOVB Houston,HTX,HTX,brightBlue
2251803,2026,2026-02-27T01:00:00.000Z,2344615,Sara Loda,Sara,Loda,17,2,active,False,False,False,False,False,,False,,False,,False,,False,,LOVB Houston,HTX,HTX,brightBlue
2251803,2026,2026-02-27T01:00:00.000Z,2549003,Logan Lednicky,Logan,Lednicky,18,3,active,False,False,False,False,False,,False,,False,,False,,False,,LOVB Houston,HTX,HTX,brightBlue
2251803,2026,2026-02-27T01:00:00.000Z,2349315,Jess Mruzik,Jess,Mruzik,19,2,active,False,False,False,False,True,2.0,True,2.0,True,2.0,True,1.0,False,,LOVB Houston,HTX,HTX,brightBlue
2251803,2026,2026-02-27T01:00:00.000Z,2336977,Jordan Thompson,Jordan,Thompson,23,3,active,False,False,False,False,True,4.0,True,4.0,True,4.0,True,3.0,True,4.0,LOVB Houston,HTX,HTX,brightBlue
2251803,2026,2026-02-27T01:00:00.000Z,2344621,Grace Frohling,Grace,Frohling,1,3,reserve,False,False,False,False,False,,False,,False,,False,,False,,LOVB Houston,HTX,HTX,brightBlue
2251803,2026,2026-02-27T01:00:00.000Z,2336972,Justine Wong-Orantes,Justine,Wong-Orantes,4,1,reserve,False,False,False,False,False,,False,,False,,False,,False,,LOVB Houston,HTX,HTX,brightBlue
2251803,2026,2026-02-27T01:00:00.000Z,2349314,Lexi Rodriguez,Lexi,Rodriguez,1,1,active,False,False,False,True,False,,False,,False,,False,,False,,LOVB Nebraska,NEB,NEB,emerald
2251803,2026,2026-02-27T01:00:00.000Z,2344593,Emily Thater,Emily,Thater,2,4,active,False,False,False,False,False,,False,,True,6.0,True,6.0,True,6.0,LOVB Nebraska,NEB,NEB,emerald
2251803,2026,2026-02-27T01:00:00.000Z,2344587,Annie Cesar,Annie,Cesar,3,1,active,False,False,False,True,False,,False,,False,,False,,False,,LOVB Nebraska,NEB,NEB,emerald
2251803,2026,2026-02-27T01:00:00.000Z,2344590,Vicky Savard,Vicky,Savard,4,2,active,False,False,False,False,False,,False,,False,,False,,False,,LOVB Nebraska,NEB,NEB,emerald
2251803,2026,2026-02-27T01:00:00.000Z,2344589,Jaali Winters,Jaali,Winters,5,2,active,False,False,False,False,False,,False,,False,,False,,False,,LOVB Nebraska,NEB,NEB,emerald
2251803,2026,2026-02-27T01:00:00.000Z,2344596,Kimberly Drewniok,Kimberly,Drewniok,8,3,active,False,False,False,False,True,4.0,True,4.0,True,4.0,True,4.0,True,4.0,LOVB Nebraska,NEB,NEB,emerald
2251803,2026,2026-02-27T01:00:00.000Z,2344564,Iga Wasilewska,Iga,Wasilewska,9,4,active,False,False,False,False,False,,False,,False,,False,,False,,LOVB Nebraska,NEB,NEB,emerald
2251803,2026,2026-02-27T01:00:00.000Z,2336975,Jordan Larson,Jordan,Larson,10,2,active,False,False,True,False,True,2.0,True,2.0,True,2.0,True,2.0,True,2.0,LOVB Nebraska,NEB,NEB,emerald
2251803,2026,2026-02-27T01:00:00.000Z,2494731,Anne Buijs,Anne,Buijs,11,2,active,False,False,False,False,True,5.0,True,5.0,True,5.0,True,5.0,True,5.0,LOVB Nebraska,NEB,NEB,emerald
2251803,2026,2026-02-27T01:00:00.000Z,2344597,Audriana Fitzmorris,Audriana,Fitzmorris,12,3,active,False,False,False,False,False,,False,,False,,False,,False,,LOVB Nebraska,NEB,NEB,emerald
2251803,2026,2026-02-27T01:00:00.000Z,2344586,Gabby Blossom,Gabby,Blossom,13,5,active,False,False,False,False,False,,False,,False,,False,,False,,LOVB Nebraska,NEB,NEB,emerald
2251803,2026,2026-02-27T01:00:00.000Z,2344585,Laura Dijkema,Laura,Dijkema,14,5,active,False,False,False,False,True,1.0,True,1.0,True,1.0,True,1.0,True,1.0,LOVB Nebraska,NEB,NEB,emerald
2251803,2026,2026-02-27T01:00:00.000Z,2494733,Ana Carolina Da Silva,Ana Carolina,Da Silva,15,4,active,False,False,False,False,True,6.0,True,6.0,False,,False,,False,,LOVB Nebraska,NEB,NEB,emerald
2251803,2026,2026-02-27T01:00:00.000Z,2344592,Candelaria Herrera,Candelaria,Herrera,17,4,active,False,False,False,False,True,3.0,True,3.0,True,3.0,True,3.0,True,3.0,LOVB Nebraska,NEB,NEB,emerald
2251803,2026,2026-02-27T01:00:00.000Z,2494732,Alexis Hart,Alexis,Hart,19,2,active,False,False,False,False,False,,False,,False,,False,,False,,LOVB Nebraska,NEB,NEB,emerald
2251803,2026,2026-02-27T01:00:00.000Z,2547881,Julia Hanson,Julia,Hanson,22,2,active,False,False,False,False,False,,False,,False,,False,,False,,LOVB Nebraska,NEB,NEB,emerald
2251804,2026,2026-03-01T20:00:00.000Z,2344566,Piyanut Pannoy,Piyanut,Pannoy,2,1,active,False,False,False,True,False,,False,,False,,False,,,,LOVB Atlanta,ATL,ATL,hotPink
2251804,2026,2026-03-01T20:00:00.000Z,2494718,Miroslava Paskova,Miroslava,Paskova,6,2,active,False,False,False,False,False,,False,,False,,False,,,,LOVB Atlanta,ATL,ATL,hotPink
2251804,2026,2026-03-01T20:00:00.000Z,2494717,Ella May Powell,Ella May,Powell,7,5,active,False,False,False,False,False,,False,,False,,False,,,,LOVB Atlanta,ATL,ATL,hotPink
2251804,2026,2026-03-01T20:00:00.000Z,2351343,Rachel Fairbanks,Rachel,Fairbanks,10,5,active,False,False,False,False,True,6.0,True,1.0,True,1.0,True,1.0,,,LOVB Atlanta,ATL,ATL,hotPink
2251804,2026,2026-03-01T20:00:00.000Z,2349081,Onye Ofoegbu,Onye,Ofoegbu,11,4,active,False,False,False,False,True,2.0,False,,False,,False,,,,LOVB Atlanta,ATL,ATL,hotPink
2251804,2026,2026-03-01T20:00:00.000Z,2344610,Carly DeHoog,Carly,DeHoog,12,3,active,False,False,False,False,False,,False,,False,,False,,,,LOVB Atlanta,ATL,ATL,hotPink
2251804,2026,2026-03-01T20:00:00.000Z,2344425,McKenzie Adams,McKenzie,Adams,13,2,active,False,False,True,False,True,1.0,True,2.0,True,2.0,True,2.0,,,LOVB Atlanta,ATL,ATL,hotPink
2251804,2026,2026-03-01T20:00:00.000Z,2344570,Tia Jimerson,Tia,Jimerson,14,4,active,False,False,False,False,True,5.0,True,3.0,True,3.0,True,3.0,,,LOVB Atlanta,ATL,ATL,hotPink
2251804,2026,2026-03-01T20:00:00.000Z,2344573,Magdalena Jehlarova,Magdalena,Jehlarova,15,4,active,False,False,False,False,False,,True,6.0,True,6.0,True,6.0,,,LOVB Atlanta,ATL,ATL,hotPink
2251804,2026,2026-03-01T20:00:00.000Z,2344567,Beatrice Negretti,Beatrice,Negretti,16,1,active,False,False,False,False,False,,False,,False,,False,,,,LOVB Atlanta,ATL,ATL,hotPink
2251804,2026,2026-03-01T20:00:00.000Z,2344574,Tessa Grubbs,Tessa,Grubbs,17,3,active,False,False,False,False,False,,False,,False,,False,,,,LOVB Atlanta,ATL,ATL,hotPink
2251804,2026,2026-03-01T20:00:00.000Z,2494721,Ivonee Montaño,Ivonee,Montaño,18,3,active,False,False,False,False,True,3.0,True,4.0,True,4.0,True,4.0,,,LOVB Atlanta,ATL,ATL,hotPink
2251804,2026,2026-03-01T20:00:00.000Z,2494720,Jess Robinson,Jess,Robinson,19,4,active,False,False,False,False,False,,False,,False,,False,,,,LOVB Atlanta,ATL,ATL,hotPink
2251804,2026,2026-03-01T20:00:00.000Z,2494719,Julia Sangiacomo,Julia,Sangiacomo,22,2,active,False,False,False,False,True,4.0,True,5.0,True,5.0,True,5.0,,,LOVB Atlanta,ATL,ATL,hotPink
2251804,2026,2026-03-01T20:00:00.000Z,2342511,Kelsey Cook,Kelsey,Cook,23,2,active,False,False,False,False,False,,False,,False,,False,,,,LOVB Atlanta,ATL,ATL,hotPink
2251804,2026,2026-03-01T20:00:00.000Z,2548999,Eva Hudson,Eva,Hudson,27,2,active,False,False,False,False,False,,False,,False,,False,,,,LOVB Atlanta,ATL,ATL,hotPink
2251804,2026,2026-03-01T20:00:00.000Z,2336969,Jordyn Poulter,Jordyn,Poulter,1,5,active,False,False,False,False,False,,False,,False,,False,,,,LOVB Salt Lake,SLC,SLC,goldenYellow
2251804,2026,2026-03-01T20:00:00.000Z,2549041,Ifenna Cos-Okpalla,Ifenna,Cos-Okpalla,2,4,active,False,False,False,False,False,,False,,False,,False,,,,LOVB Salt Lake,SLC,SLC,goldenYellow
2251804,2026,2026-03-01T20:00:00.000Z,2344545,Dani Drews,Dani,Drews,3,2,active,False,False,False,False,False,,False,,False,,False,,,,LOVB Salt Lake,SLC,SLC,goldenYellow
2251804,2026,2026-03-01T20:00:00.000Z,2344547,Maddie Haynes,Maddie,Haynes,4,2,active,False,False,False,False,False,,False,,False,,False,,,,LOVB Salt Lake,SLC,SLC,goldenYellow
2251804,2026,2026-03-01T20:00:00.000Z,2344554,Skylar Fields,Skylar,Fields,5,3,active,False,False,False,False,False,,False,,True,4.0,True,3.0,,,LOVB Salt Lake,SLC,SLC,goldenYellow
2251804,2026,2026-03-01T20:00:00.000Z,2344551,Tori Dixon,Tori,Dixon,6,4,active,False,False,False,False,True,6.0,True,1.0,False,,False,,,,LOVB Salt Lake,SLC,SLC,goldenYellow
2251804,2026,2026-03-01T20:00:00.000Z,2349080,Sophie Fischer,Sophie,Fischer,7,4,active,False,False,False,False,False,,False,,True,6.0,True,5.0,,,LOVB Salt Lake,SLC,SLC,goldenYellow
2251804,2026,2026-03-01T20:00:00.000Z,2494734,Alexa Gray,Alexa,Gray,9,2,active,False,False,False,False,False,,False,,False,,False,,,,LOVB Salt Lake,SLC,SLC,goldenYellow
2251804,2026,2026-03-01T20:00:00.000Z,2344427,Madi Bugg,Madi,Bugg,10,5,active,False,False,True,False,True,1.0,True,2.0,True,1.0,True,6.0,,,LOVB Salt Lake,SLC,SLC,goldenYellow
2251804,2026,2026-03-01T20:00:00.000Z,2344550,Serena Gray,Serena,Gray,11,4,active,False,False,False,False,True,3.0,True,4.0,True,3.0,True,2.0,,,LOVB Salt Lake,SLC,SLC,goldenYellow
2251804,2026,2026-03-01T20:00:00.000Z,2344546,Roni Jones-Perry,Roni,Jones-Perry,12,2,active,False,False,False,False,True,2.0,True,3.0,True,2.0,True,1.0,,,LOVB Salt Lake,SLC,SLC,goldenYellow
2251804,2026,2026-03-01T20:00:00.000Z,2336979,Haleigh Washington,Haleigh,Washington,15,4,active,False,False,False,False,False,,False,,False,,False,,,,LOVB Salt Lake,SLC,SLC,goldenYellow
2251804,2026,2026-03-01T20:00:00.000Z,2342469,Manami Kojima,Manami,Kojima,16,1,active,False,False,False,True,False,,False,,False,,False,,,,LOVB Salt Lake,SLC,SLC,goldenYellow
2251804,2026,2026-03-01T20:00:00.000Z,2344544,Mary Lake,Mary,Lake,18,1,active,False,False,False,False,False,,False,,False,,False,,,,LOVB Salt Lake,SLC,SLC,goldenYellow
2251804,2026,2026-03-01T20:00:00.000Z,2344548,Claire Hoffman,Claire,Hoffman,21,2,active,False,False,False,False,True,5.0,True,6.0,True,5.0,True,4.0,,,LOVB Salt Lake,SLC,SLC,goldenYellow
2251804,2026,2026-03-01T20:00:00.000Z,2344553,Heidy Casanova,Heidy,Casanova,33,3,active,False,False,False,False,True,4.0,True,5.0,False,,False,,,,LOVB Salt Lake,SLC,SLC,goldenYellow
2251805,2026,2026-03-05T01:00:00.000Z,2494725,Indre Sorokaite,Indre,Sorokaite,1,2,active,False,False,False,False,False,,False,,False,,,,,,LOVB Madison,MAD,MAD,babyBlue
2251805,2026,2026-03-05T01:00:00.000Z,2342510,Anna Hall,Anna,Hall,2,4,active,False,False,False,False,True,2.0,True,1.0,True,5.0,,,,,LOVB Madison,MAD,MAD,babyBlue
2251805,2026,2026-03-05T01:00:00.000Z,2344581,Mariena Hayden,Mariena,Hayden,3,2,active,False,False,False,False,False,,False,,False,,,,,,LOVB Madison,MAD,MAD,babyBlue
2251805,2026,2026-03-05T01:00:00.000Z,2344577,Milica Medved,Milica,Medved,4,1,active,False,False,False,True,False,,False,,False,,,,,,LOVB Madison,MAD,MAD,babyBlue
2251805,2026,2026-03-05T01:00:00.000Z,2547943,Rebekah Allick,Rebekah,Allick,5,4,active,False,False,False,False,False,,True,4.0,True,2.0,,,,,LOVB Madison,MAD,MAD,babyBlue
2251805,2026,2026-03-05T01:00:00.000Z,2494729,Gong Xiangyu,Gong,Xiangyu,6,3,active,False,False,False,False,False,,False,,False,,,,,,LOVB Madison,MAD,MAD,babyBlue
2251805,2026,2026-03-05T01:00:00.000Z,2342508,Lauren Carlini,Lauren,Carlini,7,5,active,False,False,True,False,True,6.0,True,5.0,True,3.0,,,,,LOVB Madison,MAD,MAD,babyBlue
2251805,2026,2026-03-05T01:00:00.000Z,2494724,Argentina Ung,Argentina,Ung,8,5,active,False,False,False,False,False,,False,,False,,,,,,LOVB Madison,MAD,MAD,babyBlue
2251805,2026,2026-03-05T01:00:00.000Z,2344580,Claire Chaussee,Claire,Chaussee,9,2,active,False,False,False,False,False,,True,6.0,True,1.0,,,,,LOVB Madison,MAD,MAD,babyBlue
2251805,2026,2026-03-05T01:00:00.000Z,2494727,Annayka Legros,Annayka,Legros,10,4,active,False,False,False,False,False,,False,,False,,,,,,LOVB Madison,MAD,MAD,babyBlue
2251805,2026,2026-03-05T01:00:00.000Z,2344612,Anna Pogany,Anna,Pogany,11,1,active,False,False,False,False,False,,False,,False,,,,,,LOVB Madison,MAD,MAD,babyBlue
2251805,2026,2026-03-05T01:00:00.000Z,2344582,Temi Thomas-Ailara,Temi,Thomas-Ailara,12,3,active,False,False,False,False,True,3.0,True,2.0,True,6.0,,,,,LOVB Madison,MAD,MAD,babyBlue
2251805,2026,2026-03-05T01:00:00.000Z,2344605,Anna Haak,Anna,Haak,17,2,active,False,False,False,False,True,4.0,False,,False,,,,,,LOVB Madison,MAD,MAD,babyBlue
2251805,2026,2026-03-05T01:00:00.000Z,2494726,Andrea Mitrovic,Andrea,Mitrovic,21,2,active,False,False,False,False,True,1.0,True,3.0,True,4.0,,,,,LOVB Madison,MAD,MAD,babyBlue
2251805,2026,2026-03-05T01:00:00.000Z,2623252,Gillian Grimes,Gillian,Grimes,23,1,active,False,False,False,True,False,,False,,False,,,,,,LOVB Madison,MAD,MAD,babyBlue
2251805,2026,2026-03-05T01:00:00.000Z,2494728,Callie Schwarzenbach,Callie,Schwarzenbach,25,4,active,False,False,False,False,True,5.0,False,,False,,,,,,LOVB Madison,MAD,MAD,babyBlue
2251805,2026,2026-03-05T01:00:00.000Z,2349077,Ana B Correa,Ana B,Correa,27,4,active,False,False,False,False,False,,False,,False,,,,,,LOVB Madison,MAD,MAD,babyBlue
2251805,2026,2026-03-05T01:00:00.000Z,2344616,Karin Palgutova,Karin,Palgutova,2,2,active,False,False,False,False,False,,False,,False,,,,,,LOVB Houston,HTX,HTX,navy
2251805,2026,2026-03-05T01:00:00.000Z,2344618,Amber Igiede,Amber,Igiede,3,4,active,False,False,False,False,True,6.0,True,1.0,True,6.0,,,,,LOVB Houston,HTX,HTX,navy
2251805,2026,2026-03-05T01:00:00.000Z,2494722,Lauren Briseño,Lauren,Briseño,5,1,active,False,False,False,True,False,,False,,False,,,,,,LOVB Houston,HTX,HTX,navy
2251805,2026,2026-03-05T01:00:00.000Z,2494723,Jazmine White,Jazmine,White,6,4,active,False,False,False,False,False,,False,,False,,,,,,LOVB Houston,HTX,HTX,navy
2251805,2026,2026-03-05T01:00:00.000Z,2344617,Raphaela Folie,Raphaela,Folie,7,4,active,False,False,False,False,True,3.0,True,4.0,True,3.0,,,,,LOVB Houston,HTX,HTX,navy
2251805,2026,2026-03-05T01:00:00.000Z,2344611,Kaisa Alanko,Kaisa,Alanko,8,5,active,False,False,False,False,True,1.0,True,2.0,True,1.0,,,,,LOVB Houston,HTX,HTX,navy
2251805,2026,2026-03-05T01:00:00.000Z,2344614,Madi Rishel,Madi,Rishel,9,2,active,False,False,False,False,True,5.0,True,6.0,True,5.0,,,,,LOVB Houston,HTX,HTX,navy
2251805,2026,2026-03-05T01:00:00.000Z,2539857,Maya Sands,Maya,Sands,10,1,active,False,False,False,False,False,,False,,False,,,,,,LOVB Houston,HTX,HTX,navy
2251805,2026,2026-03-05T01:00:00.000Z,2344620,Anita Anwusi,Anita,Anwusi,11,4,active,False,False,False,False,False,,False,,False,,,,,,LOVB Houston,HTX,HTX,navy
2251805,2026,2026-03-05T01:00:00.000Z,2336967,Micha Hancock,Micha,Hancock,12,5,active,False,False,True,False,False,,False,,False,,,,,,LOVB Houston,HTX,HTX,navy
2251805,2026,2026-03-05T01:00:00.000Z,2344622,Julia Brown,Julia,Brown,14,2,active,False,False,False,False,False,,False,,False,,,,,,LOVB Houston,HTX,HTX,navy
2251805,2026,2026-03-05T01:00:00.000Z,2623251,Maddie Waak,Maddie,Waak,16,5,active,False,False,False,False,False,,False,,False,,,,,,LOVB Houston,HTX,HTX,navy
2251805,2026,2026-03-05T01:00:00.000Z,2344615,Sara Loda,Sara,Loda,17,2,active,False,False,False,False,False,,False,,False,,,,,,LOVB Houston,HTX,HTX,navy
2251805,2026,2026-03-05T01:00:00.000Z,2549003,Logan Lednicky,Logan,Lednicky,18,3,active,False,False,False,False,False,,False,,False,,,,,,LOVB Houston,HTX,HTX,navy
2251805,2026,2026-03-05T01:00:00.000Z,2349315,Jess Mruzik,Jess,Mruzik,19,2,active,False,False,False,False,True,2.0,True,3.0,True,2.0,,,,,LOVB Houston,HTX,HTX,navy
2251805,2026,2026-03-05T01:00:00.000Z,2336977,Jordan Thompson,Jordan,Thompson,23,3,active,False,False,False,False,True,4.0,True,5.0,True,4.0,,,,,LOVB Houston,HTX,HTX,navy
2251805,2026,2026-03-05T01:00:00.000Z,2344621,Grace Frohling,Grace,Frohling,1,3,reserve,False,False,False,False,False,,False,,False,,,,,,LOVB Houston,HTX,HTX,navy
2251805,2026,2026-03-05T01:00:00.000Z,2336972,Justine Wong-Orantes,Justine,Wong-Orantes,4,1,reserve,False,False,False,False,False,,False,,False,,,,,,LOVB Houston,HTX,HTX,navy
2251806,2026,2026-03-06T02:00:00.000Z,2336969,Jordyn Poulter,Jordyn,Poulter,1,5,active,False,False,True,False,True,1.0,True,2.0,True,1.0,True,1.0,True,2.0,LOVB Salt Lake,SLC,SLC,brightYellow
2251806,2026,2026-03-06T02:00:00.000Z,2549041,Ifenna Cos-Okpalla,Ifenna,Cos-Okpalla,2,4,active,False,False,False,False,False,,False,,False,,False,,False,,LOVB Salt Lake,SLC,SLC,brightYellow
2251806,2026,2026-03-06T02:00:00.000Z,2344545,Dani Drews,Dani,Drews,3,2,active,False,False,False,False,False,,False,,False,,False,,False,,LOVB Salt Lake,SLC,SLC,brightYellow
2251806,2026,2026-03-06T02:00:00.000Z,2344547,Maddie Haynes,Maddie,Haynes,4,2,active,False,False,False,False,False,,False,,False,,False,,False,,LOVB Salt Lake,SLC,SLC,brightYellow
2251806,2026,2026-03-06T02:00:00.000Z,2344554,Skylar Fields,Skylar,Fields,5,3,active,False,False,False,False,False,,False,,False,,False,,False,,LOVB Salt Lake,SLC,SLC,brightYellow
2251806,2026,2026-03-06T02:00:00.000Z,2344551,Tori Dixon,Tori,Dixon,6,4,active,False,False,False,False,True,6.0,True,1.0,False,,False,,False,,LOVB Salt Lake,SLC,SLC,brightYellow
2251806,2026,2026-03-06T02:00:00.000Z,2349080,Sophie Fischer,Sophie,Fischer,7,4,active,False,False,False,False,True,3.0,True,4.0,True,6.0,True,6.0,True,1.0,LOVB Salt Lake,SLC,SLC,brightYellow
2251806,2026,2026-03-06T02:00:00.000Z,2494734,Alexa Gray,Alexa,Gray,9,2,active,False,False,False,False,False,,False,,False,,True,2.0,True,3.0,LOVB Salt Lake,SLC,SLC,brightYellow
2251806,2026,2026-03-06T02:00:00.000Z,2344427,Madi Bugg,Madi,Bugg,10,5,active,False,False,False,False,False,,False,,False,,False,,False,,LOVB Salt Lake,SLC,SLC,brightYellow
2251806,2026,2026-03-06T02:00:00.000Z,2344550,Serena Gray,Serena,Gray,11,4,active,False,False,False,False,False,,False,,True,3.0,True,3.0,True,4.0,LOVB Salt Lake,SLC,SLC,brightYellow
2251806,2026,2026-03-06T02:00:00.000Z,2344546,Roni Jones-Perry,Roni,Jones-Perry,12,2,active,False,False,False,False,True,2.0,True,3.0,True,2.0,False,,False,,LOVB Salt Lake,SLC,SLC,brightYellow
2251806,2026,2026-03-06T02:00:00.000Z,2336979,Haleigh Washington,Haleigh,Washington,15,4,active,False,False,False,False,False,,False,,False,,False,,False,,LOVB Salt Lake,SLC,SLC,brightYellow
2251806,2026,2026-03-06T02:00:00.000Z,2342469,Manami Kojima,Manami,Kojima,16,1,active,False,False,False,True,False,,False,,False,,False,,False,,LOVB Salt Lake,SLC,SLC,brightYellow
2251806,2026,2026-03-06T02:00:00.000Z,2344544,Mary Lake,Mary,Lake,18,1,active,False,False,False,False,False,,False,,False,,False,,False,,LOVB Salt Lake,SLC,SLC,brightYellow
2251806,2026,2026-03-06T02:00:00.000Z,2344548,Claire Hoffman,Claire,Hoffman,21,2,active,False,False,False,False,True,5.0,True,6.0,True,5.0,True,5.0,True,6.0,LOVB Salt Lake,SLC,SLC,brightYellow
2251806,2026,2026-03-06T02:00:00.000Z,2344553,Heidy Casanova,Heidy,Casanova,33,3,active,False,False,False,False,True,4.0,True,5.0,True,4.0,True,4.0,True,5.0,LOVB Salt Lake,SLC,SLC,brightYellow
2251806,2026,2026-03-06T02:00:00.000Z,2344566,Piyanut Pannoy,Piyanut,Pannoy,2,1,active,False,False,False,True,False,,False,,False,,False,,False,,LOVB Atlanta,ATL,ATL,hotPink
2251806,2026,2026-03-06T02:00:00.000Z,2494718,Miroslava Paskova,Miroslava,Paskova,6,2,active,False,False,False,False,False,,False,,False,,False,,False,,LOVB Atlanta,ATL,ATL,hotPink
2251806,2026,2026-03-06T02:00:00.000Z,2494717,Ella May Powell,Ella May,Powell,7,5,active,False,False,False,False,False,,False,,False,,False,,False,,LOVB Atlanta,ATL,ATL,hotPink
2251806,2026,2026-03-06T02:00:00.000Z,2351343,Rachel Fairbanks,Rachel,Fairbanks,10,5,active,False,False,False,False,True,6.0,True,1.0,True,1.0,True,1.0,True,6.0,LOVB Atlanta,ATL,ATL,hotPink
2251806,2026,2026-03-06T02:00:00.000Z,2349081,Onye Ofoegbu,Onye,Ofoegbu,11,4,active,False,False,False,False,False,,False,,False,,False,,False,,LOVB Atlanta,ATL,ATL,hotPink
2251806,2026,2026-03-06T02:00:00.000Z,2344610,Carly DeHoog,Carly,DeHoog,12,3,active,False,False,False,False,False,,False,,False,,False,,False,,LOVB Atlanta,ATL,ATL,hotPink
2251806,2026,2026-03-06T02:00:00.000Z,2344425,McKenzie Adams,McKenzie,Adams,13,2,active,False,False,True,False,True,1.0,True,2.0,True,2.0,True,2.0,True,1.0,LOVB Atlanta,ATL,ATL,hotPink
2251806,2026,2026-03-06T02:00:00.000Z,2344570,Tia Jimerson,Tia,Jimerson,14,4,active,False,False,False,False,True,2.0,True,3.0,True,3.0,True,3.0,True,5.0,LOVB Atlanta,ATL,ATL,hotPink
2251806,2026,2026-03-06T02:00:00.000Z,2344573,Magdalena Jehlarova,Magdalena,Jehlarova,15,4,active,False,False,False,False,True,5.0,True,6.0,True,6.0,True,6.0,True,2.0,LOVB Atlanta,ATL,ATL,hotPink
2251806,2026,2026-03-06T02:00:00.000Z,2344567,Beatrice Negretti,Beatrice,Negretti,16,1,active,False,False,False,False,False,,False,,False,,False,,False,,LOVB Atlanta,ATL,ATL,hotPink
2251806,2026,2026-03-06T02:00:00.000Z,2344574,Tessa Grubbs,Tessa,Grubbs,17,3,active,False,False,False,False,False,,False,,False,,False,,False,,LOVB Atlanta,ATL,ATL,hotPink
2251806,2026,2026-03-06T02:00:00.000Z,2494721,Ivonee Montaño,Ivonee,Montaño,18,3,active,False,False,False,False,True,3.0,True,4.0,True,4.0,True,4.0,True,3.0,LOVB Atlanta,ATL,ATL,hotPink
2251806,2026,2026-03-06T02:00:00.000Z,2494720,Jess Robinson,Jess,Robinson,19,4,active,False,False,False,False,False,,False,,False,,False,,False,,LOVB Atlanta,ATL,ATL,hotPink
2251806,2026,2026-03-06T02:00:00.000Z,2494719,Julia Sangiacomo,Julia,Sangiacomo,22,2,active,False,False,False,False,True,4.0,True,5.0,True,5.0,True,5.0,True,4.0,LOVB Atlanta,ATL,ATL,hotPink
2251806,2026,2026-03-06T02:00:00.000Z,2342511,Kelsey Cook,Kelsey,Cook,23,2,active,False,False,False,False,False,,False,,False,,False,,False,,LOVB Atlanta,ATL,ATL,hotPink
2251806,2026,2026-03-06T02:00:00.000Z,2548999,Eva Hudson,Eva,Hudson,27,2,active,False,False,False,False,False,,False,,False,,False,,False,,LOVB Atlanta,ATL,ATL,hotPink
2251807,2026,2026-03-07T01:00:00.000Z,2344609,Khat Bell,Khat,Bell,1,3,active,False,False,False,False,False,,False,,False,,False,,,,LOVB Austin,ATX,ATX,violet
2251807,2026,2026-03-07T01:00:00.000Z,2344604,Leah Hardeman,Leah,Hardeman,2,2,active,False,False,False,False,False,,False,,False,,False,,,,LOVB Austin,ATX,ATX,violet
2251807,2026,2026-03-07T01:00:00.000Z,2344598,Carli Lloyd,Carli,Lloyd,3,5,active,False,False,False,False,True,1.0,True,4.0,False,,False,,,,LOVB Austin,ATX,ATX,violet
2251807,2026,2026-03-07T01:00:00.000Z,2344588,Madi Banks,Madi,Banks,4,2,active,False,False,False,False,False,,False,,True,5.0,True,5.0,,,LOVB Austin,ATX,ATX,violet
2251807,2026,2026-03-07T01:00:00.000Z,2344608,Molly McCage,Molly,McCage,5,4,active,False,False,False,False,True,3.0,True,6.0,True,3.0,True,3.0,,,LOVB Austin,ATX,ATX,violet
2251807,2026,2026-03-07T01:00:00.000Z,2349176,Madisen Skinner,Madisen,Skinner,6,3,active,False,False,False,False,True,4.0,True,1.0,True,4.0,True,4.0,,,LOVB Austin,ATX,ATX,violet
2251807,2026,2026-03-07T01:00:00.000Z,2344607,Asjia O'Neal,Asjia,O'Neal,7,4,active,False,False,False,False,True,6.0,True,3.0,True,6.0,True,6.0,,,LOVB Austin,ATX,ATX,violet
2251807,2026,2026-03-07T01:00:00.000Z,2344601,Zoe Jarvis,Zoe,Jarvis,10,1,active,False,False,False,False,False,,False,,False,,False,,,,LOVB Austin,ATX,ATX,violet
2251807,2026,2026-03-07T01:00:00.000Z,2494716,Isabella Bergmark,Isabella,Bergmark,11,4,active,False,False,False,False,False,,False,,False,,False,,,,LOVB Austin,ATX,ATX,violet
2251807,2026,2026-03-07T01:00:00.000Z,2344606,Juliann Faucette,Juliann,Faucette,13,3,active,False,False,True,False,False,,False,,False,,False,,,,LOVB Austin,ATX,ATX,violet
2251807,2026,2026-03-07T01:00:00.000Z,2344602,Kotoe Inoue,Kotoe,Inoue,15,1,active,False,False,False,True,False,,False,,False,,False,,,,LOVB Austin,ATX,ATX,violet
2251807,2026,2026-03-07T01:00:00.000Z,2494714,Brie O'Reilly,Brie,O'Reilly,17,5,active,False,False,False,False,False,,False,,True,1.0,True,1.0,,,LOVB Austin,ATX,ATX,violet
2251807,2026,2026-03-07T01:00:00.000Z,2547939,Bailey Miller,Bailey,Miller,22,2,active,False,False,False,False,True,5.0,True,2.0,False,,False,,,,LOVB Austin,ATX,ATX,violet
2251807,2026,2026-03-07T01:00:00.000Z,2344599,Logan Eggleston,Logan,Eggleston,33,2,active,False,False,False,False,True,2.0,True,5.0,True,2.0,True,2.0,,,LOVB Austin,ATX,ATX,violet
2251807,2026,2026-03-07T01:00:00.000Z,2336999,Magdalena Jurczyk,Magdalena,Jurczyk,95,4,active,False,False,False,False,False,,False,,False,,False,,,,LOVB Austin,ATX,ATX,violet
2251807,2026,2026-03-07T01:00:00.000Z,2344621,Grace Frohling,Grace,Frohling,1,3,active,False,False,False,False,False,,False,,False,,False,,,,LOVB Houston,HTX,HTX,sapphire
2251807,2026,2026-03-07T01:00:00.000Z,2344616,Karin Palgutova,Karin,Palgutova,2,2,active,False,False,False,False,False,,False,,False,,True,2.0,,,LOVB Houston,HTX,HTX,sapphire
2251807,2026,2026-03-07T01:00:00.000Z,2344618,Amber Igiede,Amber,Igiede,3,4,active,False,False,False,False,True,6.0,True,6.0,True,6.0,True,6.0,,,LOVB Houston,HTX,HTX,sapphire
2251807,2026,2026-03-07T01:00:00.000Z,2336972,Justine Wong-Orantes,Justine,Wong-Orantes,4,1,active,False,False,False,False,False,,False,,False,,False,,,,LOVB Houston,HTX,HTX,sapphire
2251807,2026,2026-03-07T01:00:00.000Z,2494722,Lauren Briseño,Lauren,Briseño,5,1,active,False,False,False,True,False,,False,,False,,False,,,,LOVB Houston,HTX,HTX,sapphire
2251807,2026,2026-03-07T01:00:00.000Z,2494723,Jazmine White,Jazmine,White,6,4,active,False,False,False,False,False,,False,,False,,False,,,,LOVB Houston,HTX,HTX,sapphire
2251807,2026,2026-03-07T01:00:00.000Z,2344617,Raphaela Folie,Raphaela,Folie,7,4,active,False,False,False,False,True,3.0,True,3.0,True,3.0,True,3.0,,,LOVB Houston,HTX,HTX,sapphire
2251807,2026,2026-03-07T01:00:00.000Z,2344611,Kaisa Alanko,Kaisa,Alanko,8,5,active,False,False,False,False,True,1.0,True,1.0,True,1.0,True,1.0,,,LOVB Houston,HTX,HTX,sapphire
2251807,2026,2026-03-07T01:00:00.000Z,2344614,Madi Rishel,Madi,Rishel,9,2,active,False,False,False,False,True,5.0,True,5.0,True,5.0,True,5.0,,,LOVB Houston,HTX,HTX,sapphire
2251807,2026,2026-03-07T01:00:00.000Z,2539857,Maya Sands,Maya,Sands,10,1,active,False,False,False,False,False,,False,,False,,False,,,,LOVB Houston,HTX,HTX,sapphire
2251807,2026,2026-03-07T01:00:00.000Z,2344620,Anita Anwusi,Anita,Anwusi,11,4,active,False,False,False,False,False,,False,,False,,False,,,,LOVB Houston,HTX,HTX,sapphire
2251807,2026,2026-03-07T01:00:00.000Z,2336967,Micha Hancock,Micha,Hancock,12,5,active,False,False,True,False,False,,False,,False,,False,,,,LOVB Houston,HTX,HTX,sapphire
2251807,2026,2026-03-07T01:00:00.000Z,2344622,Julia Brown,Julia,Brown,14,2,active,False,False,False,False,False,,False,,False,,False,,,,LOVB Houston,HTX,HTX,sapphire
2251807,2026,2026-03-07T01:00:00.000Z,2623251,Maddie Waak,Maddie,Waak,16,5,active,False,False,False,False,False,,False,,False,,False,,,,LOVB Houston,HTX,HTX,sapphire
2251807,2026,2026-03-07T01:00:00.000Z,2344615,Sara Loda,Sara,Loda,17,2,active,False,False,False,False,False,,False,,False,,False,,,,LOVB Houston,HTX,HTX,sapphire
2251807,2026,2026-03-07T01:00:00.000Z,2549003,Logan Lednicky,Logan,Lednicky,18,3,active,False,False,False,False,False,,False,,False,,False,,,,LOVB Houston,HTX,HTX,sapphire
2251807,2026,2026-03-07T01:00:00.000Z,2349315,Jess Mruzik,Jess,Mruzik,19,2,active,False,False,False,False,True,2.0,True,2.0,True,2.0,False,,,,LOVB Houston,HTX,HTX,sapphire
2251807,2026,2026-03-07T01:00:00.000Z,2336977,Jordan Thompson,Jordan,Thompson,23,3,active,False,False,False,False,True,4.0,True,4.0,True,4.0,True,4.0,,,LOVB Houston,HTX,HTX,sapphire
2251808,2026,2026-03-08T00:00:00.000Z,2344566,Piyanut Pannoy,Piyanut,Pannoy,2,1,active,False,False,False,True,False,,False,,False,,False,,,,LOVB Atlanta,ATL,ATL,pink
2251808,2026,2026-03-08T00:00:00.000Z,2494718,Miroslava Paskova,Miroslava,Paskova,6,2,active,False,False,False,False,False,,False,,False,,False,,,,LOVB Atlanta,ATL,ATL,pink
2251808,2026,2026-03-08T00:00:00.000Z,2494717,Ella May Powell,Ella May,Powell,7,5,active,False,False,False,False,False,,False,,True,2.0,True,1.0,,,LOVB Atlanta,ATL,ATL,pink
2251808,2026,2026-03-08T00:00:00.000Z,2351343,Rachel Fairbanks,Rachel,Fairbanks,10,5,active,False,False,False,False,True,6.0,True,1.0,False,,False,,,,LOVB Atlanta,ATL,ATL,pink
2251808,2026,2026-03-08T00:00:00.000Z,2349081,Onye Ofoegbu,Onye,Ofoegbu,11,4,active,False,False,False,False,False,,False,,False,,False,,,,LOVB Atlanta,ATL,ATL,pink
2251808,2026,2026-03-08T00:00:00.000Z,2344610,Carly DeHoog,Carly,DeHoog,12,3,active,False,False,False,False,False,,False,,False,,True,4.0,,,LOVB Atlanta,ATL,ATL,pink
2251808,2026,2026-03-08T00:00:00.000Z,2344425,McKenzie Adams,McKenzie,Adams,13,2,active,False,False,True,False,True,1.0,True,2.0,True,3.0,True,2.0,,,LOVB Atlanta,ATL,ATL,pink
2251808,2026,2026-03-08T00:00:00.000Z,2344570,Tia Jimerson,Tia,Jimerson,14,4,active,False,False,False,False,True,2.0,True,3.0,True,1.0,True,6.0,,,LOVB Atlanta,ATL,ATL,pink
2251808,2026,2026-03-08T00:00:00.000Z,2344573,Magdalena Jehlarova,Magdalena,Jehlarova,15,4,active,False,False,False,False,True,5.0,True,6.0,True,4.0,True,3.0,,,LOVB Atlanta,ATL,ATL,pink
2251808,2026,2026-03-08T00:00:00.000Z,2344567,Beatrice Negretti,Beatrice,Negretti,16,1,active,False,False,False,False,False,,False,,False,,False,,,,LOVB Atlanta,ATL,ATL,pink
2251808,2026,2026-03-08T00:00:00.000Z,2344574,Tessa Grubbs,Tessa,Grubbs,17,3,active,False,False,False,False,False,,False,,False,,False,,,,LOVB Atlanta,ATL,ATL,pink
2251808,2026,2026-03-08T00:00:00.000Z,2494721,Ivonee Montaño,Ivonee,Montaño,18,3,active,False,False,False,False,True,3.0,True,4.0,True,5.0,False,,,,LOVB Atlanta,ATL,ATL,pink
2251808,2026,2026-03-08T00:00:00.000Z,2494720,Jess Robinson,Jess,Robinson,19,4,active,False,False,False,False,False,,False,,False,,False,,,,LOVB Atlanta,ATL,ATL,pink
2251808,2026,2026-03-08T00:00:00.000Z,2494719,Julia Sangiacomo,Julia,Sangiacomo,22,2,active,False,False,False,False,True,4.0,True,5.0,True,6.0,True,5.0,,,LOVB Atlanta,ATL,ATL,pink
2251808,2026,2026-03-08T00:00:00.000Z,2342511,Kelsey Cook,Kelsey,Cook,23,2,active,False,False,False,False,False,,False,,False,,False,,,,LOVB Atlanta,ATL,ATL,pink
2251808,2026,2026-03-08T00:00:00.000Z,2548999,Eva Hudson,Eva,Hudson,27,2,active,False,False,False,False,False,,False,,False,,False,,,,LOVB Atlanta,ATL,ATL,pink
2251808,2026,2026-03-08T00:00:00.000Z,2494725,Indre Sorokaite,Indre,Sorokaite,1,2,active,False,False,False,False,False,,False,,False,,False,,,,LOVB Madison,MAD,MAD,babyBlue
2251808,2026,2026-03-08T00:00:00.000Z,2342510,Anna Hall,Anna,Hall,2,4,active,False,False,False,False,False,,False,,False,,False,,,,LOVB Madison,MAD,MAD,babyBlue
2251808,2026,2026-03-08T00:00:00.000Z,2344581,Mariena Hayden,Mariena,Hayden,3,2,active,False,False,False,False,False,,False,,False,,False,,,,LOVB Madison,MAD,MAD,babyBlue
2251808,2026,2026-03-08T00:00:00.000Z,2344577,Milica Medved,Milica,Medved,4,1,active,False,False,False,True,False,,False,,False,,False,,,,LOVB Madison,MAD,MAD,babyBlue
2251808,2026,2026-03-08T00:00:00.000Z,2547943,Rebekah Allick,Rebekah,Allick,5,4,active,False,False,False,False,True,5.0,True,2.0,True,2.0,True,3.0,,,LOVB Madison,MAD,MAD,babyBlue
2251808,2026,2026-03-08T00:00:00.000Z,2494729,Gong Xiangyu,Gong,Xiangyu,6,3,active,False,False,False,False,True,6.0,True,3.0,True,3.0,True,4.0,,,LOVB Madison,MAD,MAD,babyBlue
2251808,2026,2026-03-08T00:00:00.000Z,2342508,Lauren Carlini,Lauren,Carlini,7,5,active,False,False,True,False,True,3.0,True,6.0,True,6.0,True,1.0,,,LOVB Madison,MAD,MAD,babyBlue
2251808,2026,2026-03-08T00:00:00.000Z,2494724,Argentina Ung,Argentina,Ung,8,5,active,False,False,False,False,False,,False,,False,,False,,,,LOVB Madison,MAD,MAD,babyBlue
2251808,2026,2026-03-08T00:00:00.000Z,2344580,Claire Chaussee,Claire,Chaussee,9,2,active,False,False,False,False,False,,False,,False,,False,,,,LOVB Madison,MAD,MAD,babyBlue
2251808,2026,2026-03-08T00:00:00.000Z,2494727,Annayka Legros,Annayka,Legros,10,4,active,False,False,False,False,False,,False,,False,,False,,,,LOVB Madison,MAD,MAD,babyBlue
2251808,2026,2026-03-08T00:00:00.000Z,2344612,Anna Pogany,Anna,Pogany,11,1,active,False,False,False,False,False,,False,,False,,False,,,,LOVB Madison,MAD,MAD,babyBlue
2251808,2026,2026-03-08T00:00:00.000Z,2344582,Temi Thomas-Ailara,Temi,Thomas-Ailara,12,3,active,False,False,False,False,True,1.0,True,4.0,True,4.0,True,5.0,,,LOVB Madison,MAD,MAD,babyBlue
2251808,2026,2026-03-08T00:00:00.000Z,2344605,Anna Haak,Anna,Haak,17,2,active,False,False,False,False,False,,False,,False,,False,,,,LOVB Madison,MAD,MAD,babyBlue
2251808,2026,2026-03-08T00:00:00.000Z,2494726,Andrea Mitrovic,Andrea,Mitrovic,21,2,active,False,False,False,False,True,4.0,True,1.0,True,1.0,True,2.0,,,LOVB Madison,MAD,MAD,babyBlue
2251808,2026,2026-03-08T00:00:00.000Z,2623252,Gillian Grimes,Gillian,Grimes,23,1,active,False,False,False,True,False,,False,,False,,False,,,,LOVB Madison,MAD,MAD,babyBlue
2251808,2026,2026-03-08T00:00:00.000Z,2494728,Callie Schwarzenbach,Callie,Schwarzenbach,25,4,active,False,False,False,False,True,2.0,True,5.0,True,5.0,True,6.0,,,LOVB Madison,MAD,MAD,babyBlue
2251808,2026,2026-03-08T00:00:00.000Z,2349077,Ana B Correa,Ana B,Correa,27,4,active,False,False,False,False,False,,False,,False,,False,,,,LOVB Madison,MAD,MAD,babyBlue
2251809,2026,2026-03-08T01:00:00.000Z,2349314,Lexi Rodriguez,Lexi,Rodriguez,1,1,active,False,False,False,True,False,,False,,False,,,,,,LOVB Nebraska,NEB,NEB,emerald
2251809,2026,2026-03-08T01:00:00.000Z,2344593,Emily Thater,Emily,Thater,2,4,active,False,False,False,False,True,6.0,True,6.0,True,6.0,,,,,LOVB Nebraska,NEB,NEB,emerald
2251809,2026,2026-03-08T01:00:00.000Z,2344587,Annie Cesar,Annie,Cesar,3,1,active,False,False,False,True,False,,False,,False,,,,,,LOVB Nebraska,NEB,NEB,emerald
2251809,2026,2026-03-08T01:00:00.000Z,2344590,Vicky Savard,Vicky,Savard,4,2,active,False,False,False,False,False,,False,,False,,,,,,LOVB Nebraska,NEB,NEB,emerald
2251809,2026,2026-03-08T01:00:00.000Z,2344589,Jaali Winters,Jaali,Winters,5,2,active,False,False,False,False,False,,False,,False,,,,,,LOVB Nebraska,NEB,NEB,emerald
2251809,2026,2026-03-08T01:00:00.000Z,2344596,Kimberly Drewniok,Kimberly,Drewniok,8,3,active,False,False,False,False,True,4.0,True,4.0,True,4.0,,,,,LOVB Nebraska,NEB,NEB,emerald
2251809,2026,2026-03-08T01:00:00.000Z,2344564,Iga Wasilewska,Iga,Wasilewska,9,4,active,False,False,False,False,False,,False,,False,,,,,,LOVB Nebraska,NEB,NEB,emerald
2251809,2026,2026-03-08T01:00:00.000Z,2336975,Jordan Larson,Jordan,Larson,10,2,active,False,False,True,False,True,2.0,True,2.0,True,2.0,,,,,LOVB Nebraska,NEB,NEB,emerald
2251809,2026,2026-03-08T01:00:00.000Z,2494731,Anne Buijs,Anne,Buijs,11,2,active,False,False,False,False,True,5.0,True,5.0,True,5.0,,,,,LOVB Nebraska,NEB,NEB,emerald
2251809,2026,2026-03-08T01:00:00.000Z,2344597,Audriana Fitzmorris,Audriana,Fitzmorris,12,3,active,False,False,False,False,False,,False,,False,,,,,,LOVB Nebraska,NEB,NEB,emerald
2251809,2026,2026-03-08T01:00:00.000Z,2344586,Gabby Blossom,Gabby,Blossom,13,5,active,False,False,False,False,False,,False,,False,,,,,,LOVB Nebraska,NEB,NEB,emerald
2251809,2026,2026-03-08T01:00:00.000Z,2344585,Laura Dijkema,Laura,Dijkema,14,5,active,False,False,False,False,True,1.0,True,1.0,True,1.0,,,,,LOVB Nebraska,NEB,NEB,emerald
2251809,2026,2026-03-08T01:00:00.000Z,2494733,Ana Carolina Da Silva,Ana Carolina,Da Silva,15,4,active,False,False,False,False,False,,False,,False,,,,,,LOVB Nebraska,NEB,NEB,emerald
2251809,2026,2026-03-08T01:00:00.000Z,2344592,Candelaria Herrera,Candelaria,Herrera,17,4,active,False,False,False,False,True,3.0,True,3.0,True,3.0,,,,,LOVB Nebraska,NEB,NEB,emerald
2251809,2026,2026-03-08T01:00:00.000Z,2494732,Alexis Hart,Alexis,Hart,19,2,active,False,False,False,False,False,,False,,False,,,,,,LOVB Nebraska,NEB,NEB,emerald
2251809,2026,2026-03-08T01:00:00.000Z,2547881,Julia Hanson,Julia,Hanson,22,2,active,False,False,False,False,False,,False,,False,,,,,,LOVB Nebraska,NEB,NEB,emerald
2251809,2026,2026-03-08T01:00:00.000Z,2336969,Jordyn Poulter,Jordyn,Poulter,1,5,active,False,False,True,False,True,1.0,True,1.0,True,1.0,,,,,LOVB Salt Lake,SLC,SLC,brightYellow
2251809,2026,2026-03-08T01:00:00.000Z,2549041,Ifenna Cos-Okpalla,Ifenna,Cos-Okpalla,2,4,active,False,False,False,False,False,,False,,False,,,,,,LOVB Salt Lake,SLC,SLC,brightYellow
2251809,2026,2026-03-08T01:00:00.000Z,2344545,Dani Drews,Dani,Drews,3,2,active,False,False,False,False,False,,False,,False,,,,,,LOVB Salt Lake,SLC,SLC,brightYellow
2251809,2026,2026-03-08T01:00:00.000Z,2344547,Maddie Haynes,Maddie,Haynes,4,2,active,False,False,False,False,False,,False,,False,,,,,,LOVB Salt Lake,SLC,SLC,brightYellow
2251809,2026,2026-03-08T01:00:00.000Z,2344554,Skylar Fields,Skylar,Fields,5,3,active,False,False,False,False,False,,False,,True,4.0,,,,,LOVB Salt Lake,SLC,SLC,brightYellow
2251809,2026,2026-03-08T01:00:00.000Z,2344551,Tori Dixon,Tori,Dixon,6,4,active,False,False,False,False,True,6.0,True,6.0,False,,,,,,LOVB Salt Lake,SLC,SLC,brightYellow
2251809,2026,2026-03-08T01:00:00.000Z,2349080,Sophie Fischer,Sophie,Fischer,7,4,active,False,False,False,False,False,,False,,True,6.0,,,,,LOVB Salt Lake,SLC,SLC,brightYellow
2251809,2026,2026-03-08T01:00:00.000Z,2494734,Alexa Gray,Alexa,Gray,9,2,active,False,False,False,False,False,,False,,False,,,,,,LOVB Salt Lake,SLC,SLC,brightYellow
2251809,2026,2026-03-08T01:00:00.000Z,2344427,Madi Bugg,Madi,Bugg,10,5,active,False,False,False,False,False,,False,,False,,,,,,LOVB Salt Lake,SLC,SLC,brightYellow
2251809,2026,2026-03-08T01:00:00.000Z,2344550,Serena Gray,Serena,Gray,11,4,active,False,False,False,False,True,3.0,True,3.0,True,3.0,,,,,LOVB Salt Lake,SLC,SLC,brightYellow
2251809,2026,2026-03-08T01:00:00.000Z,2344546,Roni Jones-Perry,Roni,Jones-Perry,12,2,active,False,False,False,False,True,2.0,True,2.0,True,2.0,,,,,LOVB Salt Lake,SLC,SLC,brightYellow
2251809,2026,2026-03-08T01:00:00.000Z,2336979,Haleigh Washington,Haleigh,Washington,15,4,active,False,False,False,False,False,,False,,False,,,,,,LOVB Salt Lake,SLC,SLC,brightYellow
2251809,2026,2026-03-08T01:00:00.000Z,2342469,Manami Kojima,Manami,Kojima,16,1,active,False,False,False,True,False,,False,,False,,,,,,LOVB Salt Lake,SLC,SLC,brightYellow
2251809,2026,2026-03-08T01:00:00.000Z,2344544,Mary Lake,Mary,Lake,18,1,active,False,False,False,True,False,,False,,False,,,,,,LOVB Salt Lake,SLC,SLC,brightYellow
2251809,2026,2026-03-08T01:00:00.000Z,2344548,Claire Hoffman,Claire,Hoffman,21,2,active,False,False,False,False,True,5.0,True,5.0,True,5.0,,,,,LOVB Salt Lake,SLC,SLC,brightYellow
2251809,2026,2026-03-08T01:00:00.000Z,2344553,Heidy Casanova,Heidy,Casanova,33,3,active,False,False,False,False,True,4.0,True,4.0,False,,,,,,LOVB Salt Lake,SLC,SLC,brightYellow
2251810,2026,2026-03-12T00:00:00.000Z,2344616,Karin Palgutova,Karin,Palgutova,2,2,active,False,False,False,False,True,2.0,True,2.0,True,5.0,False,,,,LOVB Houston,HTX,HTX,sapphire
2251810,2026,2026-03-12T00:00:00.000Z,2344618,Amber Igiede,Amber,Igiede,3,4,active,False,False,False,False,True,6.0,True,6.0,True,6.0,True,6.0,,,LOVB Houston,HTX,HTX,sapphire
2251810,2026,2026-03-12T00:00:00.000Z,2494722,Lauren Briseño,Lauren,Briseño,5,1,active,False,False,False,True,False,,False,,False,,False,,,,LOVB Houston,HTX,HTX,sapphire
2251810,2026,2026-03-12T00:00:00.000Z,2494723,Jazmine White,Jazmine,White,6,4,active,False,False,False,False,False,,False,,False,,False,,,,LOVB Houston,HTX,HTX,sapphire
2251810,2026,2026-03-12T00:00:00.000Z,2344617,Raphaela Folie,Raphaela,Folie,7,4,active,False,False,False,False,True,3.0,True,3.0,True,3.0,True,3.0,,,LOVB Houston,HTX,HTX,sapphire
2251810,2026,2026-03-12T00:00:00.000Z,2344611,Kaisa Alanko,Kaisa,Alanko,8,5,active,False,False,False,False,True,1.0,True,1.0,True,1.0,True,1.0,,,LOVB Houston,HTX,HTX,sapphire
2251810,2026,2026-03-12T00:00:00.000Z,2344614,Madi Rishel,Madi,Rishel,9,2,active,False,False,False,False,True,5.0,True,5.0,False,,True,5.0,,,LOVB Houston,HTX,HTX,sapphire
2251810,2026,2026-03-12T00:00:00.000Z,2539857,Maya Sands,Maya,Sands,10,1,active,False,False,False,False,False,,False,,False,,False,,,,LOVB Houston,HTX,HTX,sapphire
2251810,2026,2026-03-12T00:00:00.000Z,2344620,Anita Anwusi,Anita,Anwusi,11,4,active,False,False,False,False,False,,False,,False,,False,,,,LOVB Houston,HTX,HTX,sapphire
2251810,2026,2026-03-12T00:00:00.000Z,2336967,Micha Hancock,Micha,Hancock,12,5,active,False,False,True,False,False,,False,,False,,False,,,,LOVB Houston,HTX,HTX,sapphire
2251810,2026,2026-03-12T00:00:00.000Z,2344622,Julia Brown,Julia,Brown,14,2,active,False,False,False,False,False,,False,,False,,False,,,,LOVB Houston,HTX,HTX,sapphire
2251810,2026,2026-03-12T00:00:00.000Z,2623251,Maddie Waak,Maddie,Waak,16,5,active,False,False,False,False,False,,False,,False,,False,,,,LOVB Houston,HTX,HTX,sapphire
2251810,2026,2026-03-12T00:00:00.000Z,2344615,Sara Loda,Sara,Loda,17,2,active,False,False,False,False,False,,False,,False,,False,,,,LOVB Houston,HTX,HTX,sapphire
2251810,2026,2026-03-12T00:00:00.000Z,2549003,Logan Lednicky,Logan,Lednicky,18,3,active,False,False,False,False,False,,False,,False,,False,,,,LOVB Houston,HTX,HTX,sapphire
2251810,2026,2026-03-12T00:00:00.000Z,2349315,Jess Mruzik,Jess,Mruzik,19,2,active,False,False,False,False,False,,False,,True,2.0,True,2.0,,,LOVB Houston,HTX,HTX,sapphire
2251810,2026,2026-03-12T00:00:00.000Z,2336977,Jordan Thompson,Jordan,Thompson,23,3,active,False,False,False,False,True,4.0,True,4.0,True,4.0,True,4.0,,,LOVB Houston,HTX,HTX,sapphire
2251810,2026,2026-03-12T00:00:00.000Z,2344621,Grace Frohling,Grace,Frohling,1,3,reserve,False,False,False,False,False,,False,,False,,False,,,,LOVB Houston,HTX,HTX,sapphire
2251810,2026,2026-03-12T00:00:00.000Z,2336972,Justine Wong-Orantes,Justine,Wong-Orantes,4,1,reserve,False,False,False,False,False,,False,,False,,False,,,,LOVB Houston,HTX,HTX,sapphire
2251810,2026,2026-03-12T00:00:00.000Z,2344609,Khat Bell,Khat,Bell,1,3,active,False,False,False,False,False,,False,,False,,False,,,,LOVB Austin,ATX,ATX,periwinkle
2251810,2026,2026-03-12T00:00:00.000Z,2344604,Leah Hardeman,Leah,Hardeman,2,2,active,False,False,False,False,False,,False,,False,,False,,,,LOVB Austin,ATX,ATX,periwinkle
2251810,2026,2026-03-12T00:00:00.000Z,2344598,Carli Lloyd,Carli,Lloyd,3,5,active,False,False,True,False,False,,False,,True,1.0,True,1.0,,,LOVB Austin,ATX,ATX,periwinkle
2251810,2026,2026-03-12T00:00:00.000Z,2344588,Madi Banks,Madi,Banks,4,2,active,False,False,False,False,True,5.0,True,5.0,True,5.0,True,5.0,,,LOVB Austin,ATX,ATX,periwinkle
2251810,2026,2026-03-12T00:00:00.000Z,2344608,Molly McCage,Molly,McCage,5,4,active,False,False,False,False,True,3.0,False,,False,,False,,,,LOVB Austin,ATX,ATX,periwinkle
2251810,2026,2026-03-12T00:00:00.000Z,2349176,Madisen Skinner,Madisen,Skinner,6,3,active,False,False,False,False,True,4.0,True,4.0,True,4.0,True,4.0,,,LOVB Austin,ATX,ATX,periwinkle
2251810,2026,2026-03-12T00:00:00.000Z,2344607,Asjia O'Neal,Asjia,O'Neal,7,4,active,False,False,False,False,True,6.0,True,6.0,True,6.0,True,6.0,,,LOVB Austin,ATX,ATX,periwinkle
2251810,2026,2026-03-12T00:00:00.000Z,2344601,Zoe Jarvis,Zoe,Jarvis,10,1,active,False,False,False,False,False,,False,,False,,False,,,,LOVB Austin,ATX,ATX,periwinkle
2251810,2026,2026-03-12T00:00:00.000Z,2494716,Isabella Bergmark,Isabella,Bergmark,11,4,active,False,False,False,False,False,,True,3.0,True,3.0,True,3.0,,,LOVB Austin,ATX,ATX,periwinkle
2251810,2026,2026-03-12T00:00:00.000Z,2344606,Juliann Faucette,Juliann,Faucette,13,3,active,False,False,False,False,False,,False,,False,,False,,,,LOVB Austin,ATX,ATX,periwinkle
2251810,2026,2026-03-12T00:00:00.000Z,2344602,Kotoe Inoue,Kotoe,Inoue,15,1,active,False,False,False,True,False,,False,,False,,False,,,,LOVB Austin,ATX,ATX,periwinkle
2251810,2026,2026-03-12T00:00:00.000Z,2494714,Brie O'Reilly,Brie,O'Reilly,17,5,active,False,False,False,False,True,1.0,True,1.0,False,,False,,,,LOVB Austin,ATX,ATX,periwinkle
2251810,2026,2026-03-12T00:00:00.000Z,2547939,Bailey Miller,Bailey,Miller,22,2,active,False,False,False,False,False,,False,,False,,False,,,,LOVB Austin,ATX,ATX,periwinkle
2251810,2026,2026-03-12T00:00:00.000Z,2344599,Logan Eggleston,Logan,Eggleston,33,2,active,False,False,False,False,True,2.0,True,2.0,True,2.0,True,2.0,,,LOVB Austin,ATX,ATX,periwinkle
2251810,2026,2026-03-12T00:00:00.000Z,2336999,Magdalena Jurczyk,Magdalena,Jurczyk,95,4,active,False,False,False,False,False,,False,,False,,False,,,,LOVB Austin,ATX,ATX,periwinkle
2251811,2026,2026-03-13T00:00:00.000Z,2494725,Indre Sorokaite,Indre,Sorokaite,1,2,active,False,False,False,False,False,,False,,False,,,,,,LOVB Madison,MAD,MAD,babyBlue
2251811,2026,2026-03-13T00:00:00.000Z,2342510,Anna Hall,Anna,Hall,2,4,active,False,False,False,False,False,,False,,True,2.0,,,,,LOVB Madison,MAD,MAD,babyBlue
2251811,2026,2026-03-13T00:00:00.000Z,2344581,Mariena Hayden,Mariena,Hayden,3,2,active,False,False,False,False,False,,False,,False,,,,,,LOVB Madison,MAD,MAD,babyBlue
2251811,2026,2026-03-13T00:00:00.000Z,2344577,Milica Medved,Milica,Medved,4,1,active,False,False,False,True,False,,False,,False,,,,,,LOVB Madison,MAD,MAD,babyBlue
2251811,2026,2026-03-13T00:00:00.000Z,2547943,Rebekah Allick,Rebekah,Allick,5,4,active,False,False,False,False,True,1.0,True,5.0,False,,,,,,LOVB Madison,MAD,MAD,babyBlue
2251811,2026,2026-03-13T00:00:00.000Z,2494729,Gong Xiangyu,Gong,Xiangyu,6,3,active,False,False,False,False,True,2.0,True,6.0,True,3.0,,,,,LOVB Madison,MAD,MAD,babyBlue
2251811,2026,2026-03-13T00:00:00.000Z,2342508,Lauren Carlini,Lauren,Carlini,7,5,active,False,False,True,False,True,5.0,True,3.0,True,6.0,,,,,LOVB Madison,MAD,MAD,babyBlue
2251811,2026,2026-03-13T00:00:00.000Z,2494724,Argentina Ung,Argentina,Ung,8,5,active,False,False,False,False,False,,False,,False,,,,,,LOVB Madison,MAD,MAD,babyBlue
2251811,2026,2026-03-13T00:00:00.000Z,2344580,Claire Chaussee,Claire,Chaussee,9,2,active,False,False,False,False,False,,False,,False,,,,,,LOVB Madison,MAD,MAD,babyBlue
2251811,2026,2026-03-13T00:00:00.000Z,2494727,Annayka Legros,Annayka,Legros,10,4,active,False,False,False,False,False,,False,,False,,,,,,LOVB Madison,MAD,MAD,babyBlue
2251811,2026,2026-03-13T00:00:00.000Z,2344612,Anna Pogany,Anna,Pogany,11,1,active,False,False,False,False,False,,False,,False,,,,,,LOVB Madison,MAD,MAD,babyBlue
2251811,2026,2026-03-13T00:00:00.000Z,2344582,Temi Thomas-Ailara,Temi,Thomas-Ailara,12,3,active,False,False,False,False,True,3.0,True,1.0,True,4.0,,,,,LOVB Madison,MAD,MAD,babyBlue
2251811,2026,2026-03-13T00:00:00.000Z,2344605,Anna Haak,Anna,Haak,17,2,active,False,False,False,False,False,,False,,False,,,,,,LOVB Madison,MAD,MAD,babyBlue
2251811,2026,2026-03-13T00:00:00.000Z,2494726,Andrea Mitrovic,Andrea,Mitrovic,21,2,active,False,False,False,False,True,6.0,True,4.0,True,1.0,,,,,LOVB Madison,MAD,MAD,babyBlue
2251811,2026,2026-03-13T00:00:00.000Z,2623252,Gillian Grimes,Gillian,Grimes,23,1,active,False,False,False,True,False,,False,,False,,,,,,LOVB Madison,MAD,MAD,babyBlue
2251811,2026,2026-03-13T00:00:00.000Z,2494728,Callie Schwarzenbach,Callie,Schwarzenbach,25,4,active,False,False,False,False,True,4.0,True,2.0,False,,,,,,LOVB Madison,MAD,MAD,babyBlue
2251811,2026,2026-03-13T00:00:00.000Z,2349077,Ana B Correa,Ana B,Correa,27,4,active,False,False,False,False,False,,False,,True,5.0,,,,,LOVB Madison,MAD,MAD,babyBlue
2251811,2026,2026-03-13T00:00:00.000Z,2349314,Lexi Rodriguez,Lexi,Rodriguez,1,1,active,False,False,False,True,False,,False,,False,,,,,,LOVB Nebraska,NEB,NEB,shamrock
2251811,2026,2026-03-13T00:00:00.000Z,2344593,Emily Thater,Emily,Thater,2,4,active,False,False,False,False,True,6.0,True,6.0,True,6.0,,,,,LOVB Nebraska,NEB,NEB,shamrock
2251811,2026,2026-03-13T00:00:00.000Z,2344587,Annie Cesar,Annie,Cesar,3,1,active,False,False,False,True,False,,False,,False,,,,,,LOVB Nebraska,NEB,NEB,shamrock
2251811,2026,2026-03-13T00:00:00.000Z,2344590,Vicky Savard,Vicky,Savard,4,2,active,False,False,False,False,False,,False,,False,,,,,,LOVB Nebraska,NEB,NEB,shamrock
2251811,2026,2026-03-13T00:00:00.000Z,2344589,Jaali Winters,Jaali,Winters,5,2,active,False,False,False,False,False,,False,,False,,,,,,LOVB Nebraska,NEB,NEB,shamrock
2251811,2026,2026-03-13T00:00:00.000Z,2344596,Kimberly Drewniok,Kimberly,Drewniok,8,3,active,False,False,False,False,True,4.0,True,4.0,True,4.0,,,,,LOVB Nebraska,NEB,NEB,shamrock
2251811,2026,2026-03-13T00:00:00.000Z,2344564,Iga Wasilewska,Iga,Wasilewska,9,4,active,False,False,False,False,False,,False,,False,,,,,,LOVB Nebraska,NEB,NEB,shamrock
2251811,2026,2026-03-13T00:00:00.000Z,2336975,Jordan Larson,Jordan,Larson,10,2,active,False,False,True,False,True,2.0,True,2.0,True,2.0,,,,,LOVB Nebraska,NEB,NEB,shamrock
2251811,2026,2026-03-13T00:00:00.000Z,2494731,Anne Buijs,Anne,Buijs,11,2,active,False,False,False,False,True,5.0,True,5.0,True,5.0,,,,,LOVB Nebraska,NEB,NEB,shamrock
2251811,2026,2026-03-13T00:00:00.000Z,2344597,Audriana Fitzmorris,Audriana,Fitzmorris,12,3,active,False,False,False,False,False,,False,,False,,,,,,LOVB Nebraska,NEB,NEB,shamrock
2251811,2026,2026-03-13T00:00:00.000Z,2344586,Gabby Blossom,Gabby,Blossom,13,5,active,False,False,False,False,False,,False,,False,,,,,,LOVB Nebraska,NEB,NEB,shamrock
2251811,2026,2026-03-13T00:00:00.000Z,2344585,Laura Dijkema,Laura,Dijkema,14,5,active,False,False,False,False,True,1.0,True,1.0,True,1.0,,,,,LOVB Nebraska,NEB,NEB,shamrock
2251811,2026,2026-03-13T00:00:00.000Z,2494733,Ana Carolina Da Silva,Ana Carolina,Da Silva,15,4,active,False,False,False,False,False,,False,,False,,,,,,LOVB Nebraska,NEB,NEB,shamrock
2251811,2026,2026-03-13T00:00:00.000Z,2344592,Candelaria Herrera,Candelaria,Herrera,17,4,active,False,False,False,False,True,3.0,True,3.0,True,3.0,,,,,LOVB Nebraska,NEB,NEB,shamrock
2251811,2026,2026-03-13T00:00:00.000Z,2494732,Alexis Hart,Alexis,Hart,19,2,active,False,False,False,False,False,,False,,False,,,,,,LOVB Nebraska,NEB,NEB,shamrock
2251811,2026,2026-03-13T00:00:00.000Z,2547881,Julia Hanson,Julia,Hanson,22,2,active,False,False,False,False,False,,False,,False,,,,,,LOVB Nebraska,NEB,NEB,shamrock
2251812,2026,2026-03-14T22:00:00.000Z,2344616,Karin Palgutova,Karin,Palgutova,2,2,active,False,False,False,False,False,,False,,False,,,,,,LOVB Houston,HTX,HTX,brightBlue
2251812,2026,2026-03-14T22:00:00.000Z,2344618,Amber Igiede,Amber,Igiede,3,4,active,False,False,False,False,True,6.0,True,5.0,True,6.0,,,,,LOVB Houston,HTX,HTX,brightBlue
2251812,2026,2026-03-14T22:00:00.000Z,2494722,Lauren Briseño,Lauren,Briseño,5,1,active,False,False,False,True,False,,False,,False,,,,,,LOVB Houston,HTX,HTX,brightBlue
2251812,2026,2026-03-14T22:00:00.000Z,2494723,Jazmine White,Jazmine,White,6,4,active,False,False,False,False,False,,False,,False,,,,,,LOVB Houston,HTX,HTX,brightBlue
2251812,2026,2026-03-14T22:00:00.000Z,2344617,Raphaela Folie,Raphaela,Folie,7,4,active,False,False,False,False,True,3.0,True,2.0,True,3.0,,,,,LOVB Houston,HTX,HTX,brightBlue
2251812,2026,2026-03-14T22:00:00.000Z,2344611,Kaisa Alanko,Kaisa,Alanko,8,5,active,False,False,False,False,True,1.0,True,6.0,True,1.0,,,,,LOVB Houston,HTX,HTX,brightBlue
2251812,2026,2026-03-14T22:00:00.000Z,2344614,Madi Rishel,Madi,Rishel,9,2,active,False,False,False,False,True,2.0,True,1.0,True,2.0,,,,,LOVB Houston,HTX,HTX,brightBlue
2251812,2026,2026-03-14T22:00:00.000Z,2539857,Maya Sands,Maya,Sands,10,1,active,False,False,False,False,False,,False,,False,,,,,,LOVB Houston,HTX,HTX,brightBlue
2251812,2026,2026-03-14T22:00:00.000Z,2344620,Anita Anwusi,Anita,Anwusi,11,4,active,False,False,False,False,False,,False,,False,,,,,,LOVB Houston,HTX,HTX,brightBlue
2251812,2026,2026-03-14T22:00:00.000Z,2336967,Micha Hancock,Micha,Hancock,12,5,active,False,False,True,False,False,,False,,False,,,,,,LOVB Houston,HTX,HTX,brightBlue
2251812,2026,2026-03-14T22:00:00.000Z,2344622,Julia Brown,Julia,Brown,14,2,active,False,False,False,False,False,,False,,False,,,,,,LOVB Houston,HTX,HTX,brightBlue
2251812,2026,2026-03-14T22:00:00.000Z,2623251,Maddie Waak,Maddie,Waak,16,5,active,False,False,False,False,False,,False,,False,,,,,,LOVB Houston,HTX,HTX,brightBlue
2251812,2026,2026-03-14T22:00:00.000Z,2344615,Sara Loda,Sara,Loda,17,2,active,False,False,False,False,False,,False,,False,,,,,,LOVB Houston,HTX,HTX,brightBlue
2251812,2026,2026-03-14T22:00:00.000Z,2549003,Logan Lednicky,Logan,Lednicky,18,3,active,False,False,False,False,False,,False,,False,,,,,,LOVB Houston,HTX,HTX,brightBlue
2251812,2026,2026-03-14T22:00:00.000Z,2349315,Jess Mruzik,Jess,Mruzik,19,2,active,False,False,False,False,True,5.0,True,4.0,True,5.0,,,,,LOVB Houston,HTX,HTX,brightBlue
2251812,2026,2026-03-14T22:00:00.000Z,2336977,Jordan Thompson,Jordan,Thompson,23,3,active,False,False,False,False,True,4.0,True,3.0,True,4.0,,,,,LOVB Houston,HTX,HTX,brightBlue
2251812,2026,2026-03-14T22:00:00.000Z,2344621,Grace Frohling,Grace,Frohling,1,3,reserve,False,False,False,False,False,,False,,False,,,,,,LOVB Houston,HTX,HTX,brightBlue
2251812,2026,2026-03-14T22:00:00.000Z,2336972,Justine Wong-Orantes,Justine,Wong-Orantes,4,1,reserve,False,False,False,False,False,,False,,False,,,,,,LOVB Houston,HTX,HTX,brightBlue
2251812,2026,2026-03-14T22:00:00.000Z,2344566,Piyanut Pannoy,Piyanut,Pannoy,2,1,active,False,False,False,True,False,,False,,False,,,,,,LOVB Atlanta,ATL,ATL,hotPink
2251812,2026,2026-03-14T22:00:00.000Z,2494718,Miroslava Paskova,Miroslava,Paskova,6,2,active,False,False,False,False,False,,False,,True,1.0,,,,,LOVB Atlanta,ATL,ATL,hotPink
2251812,2026,2026-03-14T22:00:00.000Z,2494717,Ella May Powell,Ella May,Powell,7,5,active,False,False,False,False,False,,False,,False,,,,,,LOVB Atlanta,ATL,ATL,hotPink
2251812,2026,2026-03-14T22:00:00.000Z,2351343,Rachel Fairbanks,Rachel,Fairbanks,10,5,active,False,False,False,False,True,1.0,True,6.0,True,6.0,,,,,LOVB Atlanta,ATL,ATL,hotPink
2251812,2026,2026-03-14T22:00:00.000Z,2349081,Onye Ofoegbu,Onye,Ofoegbu,11,4,active,False,False,False,False,False,,False,,False,,,,,,LOVB Atlanta,ATL,ATL,hotPink
2251812,2026,2026-03-14T22:00:00.000Z,2344610,Carly DeHoog,Carly,DeHoog,12,3,active,False,False,False,False,False,,False,,False,,,,,,LOVB Atlanta,ATL,ATL,hotPink
2251812,2026,2026-03-14T22:00:00.000Z,2344425,McKenzie Adams,McKenzie,Adams,13,2,active,False,False,True,False,True,2.0,True,1.0,False,,,,,,LOVB Atlanta,ATL,ATL,hotPink
2251812,2026,2026-03-14T22:00:00.000Z,2344570,Tia Jimerson,Tia,Jimerson,14,4,active,False,False,False,False,True,6.0,True,5.0,True,2.0,,,,,LOVB Atlanta,ATL,ATL,hotPink
2251812,2026,2026-03-14T22:00:00.000Z,2344573,Magdalena Jehlarova,Magdalena,Jehlarova,15,4,active,False,False,False,False,True,3.0,True,2.0,True,5.0,,,,,LOVB Atlanta,ATL,ATL,hotPink
2251812,2026,2026-03-14T22:00:00.000Z,2344567,Beatrice Negretti,Beatrice,Negretti,16,1,active,False,False,False,False,False,,False,,False,,,,,,LOVB Atlanta,ATL,ATL,hotPink
2251812,2026,2026-03-14T22:00:00.000Z,2494721,Ivonee Montaño,Ivonee,Montaño,18,3,active,False,False,False,False,True,4.0,True,3.0,True,3.0,,,,,LOVB Atlanta,ATL,ATL,hotPink
2251812,2026,2026-03-14T22:00:00.000Z,2494720,Jess Robinson,Jess,Robinson,19,4,active,False,False,False,False,False,,False,,False,,,,,,LOVB Atlanta,ATL,ATL,hotPink
2251812,2026,2026-03-14T22:00:00.000Z,2494719,Julia Sangiacomo,Julia,Sangiacomo,22,2,active,False,False,False,False,True,5.0,True,4.0,True,4.0,,,,,LOVB Atlanta,ATL,ATL,hotPink
2251812,2026,2026-03-14T22:00:00.000Z,2548999,Eva Hudson,Eva,Hudson,27,2,active,False,False,False,False,False,,False,,False,,,,,,LOVB Atlanta,ATL,ATL,hotPink
2251812,2026,2026-03-14T22:00:00.000Z,2344574,Tessa Grubbs,Tessa,Grubbs,17,3,reserve,False,False,False,False,False,,False,,False,,,,,,LOVB Atlanta,ATL,ATL,hotPink
2251812,2026,2026-03-14T22:00:00.000Z,2342511,Kelsey Cook,Kelsey,Cook,23,2,reserve,False,False,False,False,False,,False,,False,,,,,,LOVB Atlanta,ATL,ATL,hotPink
2251813,2026,2026-03-15T01:00:00.000Z,2336969,Jordyn Poulter,Jordyn,Poulter,1,5,active,False,False,True,False,True,3.0,True,2.0,True,1.0,True,2.0,True,2.0,LOVB Salt Lake,SLC,SLC,brightYellow
2251813,2026,2026-03-15T01:00:00.000Z,2549041,Ifenna Cos-Okpalla,Ifenna,Cos-Okpalla,2,4,active,False,False,False,False,False,,False,,False,,False,,False,,LOVB Salt Lake,SLC,SLC,brightYellow
2251813,2026,2026-03-15T01:00:00.000Z,2344545,Dani Drews,Dani,Drews,3,2,active,False,False,False,False,False,,False,,False,,False,,False,,LOVB Salt Lake,SLC,SLC,brightYellow
2251813,2026,2026-03-15T01:00:00.000Z,2344547,Maddie Haynes,Maddie,Haynes,4,2,active,False,False,False,False,False,,False,,False,,False,,False,,LOVB Salt Lake,SLC,SLC,brightYellow
2251813,2026,2026-03-15T01:00:00.000Z,2344554,Skylar Fields,Skylar,Fields,5,3,active,False,False,False,False,False,,False,,False,,False,,False,,LOVB Salt Lake,SLC,SLC,brightYellow
2251813,2026,2026-03-15T01:00:00.000Z,2344551,Tori Dixon,Tori,Dixon,6,4,active,False,False,False,False,True,2.0,True,1.0,True,6.0,True,1.0,True,1.0,LOVB Salt Lake,SLC,SLC,brightYellow
2251813,2026,2026-03-15T01:00:00.000Z,2349080,Sophie Fischer,Sophie,Fischer,7,4,active,False,False,False,False,False,,False,,False,,False,,False,,LOVB Salt Lake,SLC,SLC,brightYellow
2251813,2026,2026-03-15T01:00:00.000Z,2494734,Alexa Gray,Alexa,Gray,9,2,active,False,False,False,False,True,4.0,True,3.0,True,2.0,True,3.0,True,3.0,LOVB Salt Lake,SLC,SLC,brightYellow
2251813,2026,2026-03-15T01:00:00.000Z,2344427,Madi Bugg,Madi,Bugg,10,5,active,False,False,False,False,False,,False,,False,,False,,False,,LOVB Salt Lake,SLC,SLC,brightYellow
2251813,2026,2026-03-15T01:00:00.000Z,2344550,Serena Gray,Serena,Gray,11,4,active,False,False,False,False,True,5.0,True,4.0,True,3.0,True,4.0,True,4.0,LOVB Salt Lake,SLC,SLC,brightYellow
2251813,2026,2026-03-15T01:00:00.000Z,2344546,Roni Jones-Perry,Roni,Jones-Perry,12,2,active,False,False,False,False,False,,False,,False,,False,,False,,LOVB Salt Lake,SLC,SLC,brightYellow
2251813,2026,2026-03-15T01:00:00.000Z,2336979,Haleigh Washington,Haleigh,Washington,15,4,active,False,False,False,False,False,,False,,False,,False,,False,,LOVB Salt Lake,SLC,SLC,brightYellow
2251813,2026,2026-03-15T01:00:00.000Z,2342469,Manami Kojima,Manami,Kojima,16,1,active,False,False,False,True,False,,False,,False,,False,,False,,LOVB Salt Lake,SLC,SLC,brightYellow
2251813,2026,2026-03-15T01:00:00.000Z,2344544,Mary Lake,Mary,Lake,18,1,active,False,False,False,False,False,,False,,False,,False,,False,,LOVB Salt Lake,SLC,SLC,brightYellow
2251813,2026,2026-03-15T01:00:00.000Z,2344548,Claire Hoffman,Claire,Hoffman,21,2,active,False,False,False,False,True,1.0,True,6.0,True,5.0,True,6.0,True,6.0,LOVB Salt Lake,SLC,SLC,brightYellow
2251813,2026,2026-03-15T01:00:00.000Z,2344553,Heidy Casanova,Heidy,Casanova,33,3,active,False,False,False,False,True,6.0,True,5.0,True,4.0,True,5.0,True,5.0,LOVB Salt Lake,SLC,SLC,brightYellow
2251813,2026,2026-03-15T01:00:00.000Z,2349314,Lexi Rodriguez,Lexi,Rodriguez,1,1,active,False,False,False,True,False,,False,,False,,False,,False,,LOVB Nebraska,NEB,NEB,apple
2251813,2026,2026-03-15T01:00:00.000Z,2344593,Emily Thater,Emily,Thater,2,4,active,False,False,False,False,True,6.0,True,6.0,True,6.0,True,6.0,True,6.0,LOVB Nebraska,NEB,NEB,apple
2251813,2026,2026-03-15T01:00:00.000Z,2344587,Annie Cesar,Annie,Cesar,3,1,active,False,False,False,True,False,,False,,False,,False,,False,,LOVB Nebraska,NEB,NEB,apple
2251813,2026,2026-03-15T01:00:00.000Z,2344590,Vicky Savard,Vicky,Savard,4,2,active,False,False,False,False,False,,False,,False,,False,,False,,LOVB Nebraska,NEB,NEB,apple
2251813,2026,2026-03-15T01:00:00.000Z,2344589,Jaali Winters,Jaali,Winters,5,2,active,False,False,False,False,False,,False,,False,,False,,False,,LOVB Nebraska,NEB,NEB,apple
2251813,2026,2026-03-15T01:00:00.000Z,2344596,Kimberly Drewniok,Kimberly,Drewniok,8,3,active,False,False,False,False,True,4.0,True,4.0,True,4.0,True,4.0,True,4.0,LOVB Nebraska,NEB,NEB,apple
2251813,2026,2026-03-15T01:00:00.000Z,2344564,Iga Wasilewska,Iga,Wasilewska,9,4,active,False,False,False,False,False,,False,,False,,False,,False,,LOVB Nebraska,NEB,NEB,apple
2251813,2026,2026-03-15T01:00:00.000Z,2336975,Jordan Larson,Jordan,Larson,10,2,active,False,False,True,False,True,2.0,True,2.0,True,2.0,True,2.0,True,2.0,LOVB Nebraska,NEB,NEB,apple
2251813,2026,2026-03-15T01:00:00.000Z,2494731,Anne Buijs,Anne,Buijs,11,2,active,False,False,False,False,True,5.0,True,5.0,True,5.0,True,5.0,True,5.0,LOVB Nebraska,NEB,NEB,apple
2251813,2026,2026-03-15T01:00:00.000Z,2344597,Audriana Fitzmorris,Audriana,Fitzmorris,12,3,active,False,False,False,False,False,,False,,False,,False,,False,,LOVB Nebraska,NEB,NEB,apple
2251813,2026,2026-03-15T01:00:00.000Z,2344586,Gabby Blossom,Gabby,Blossom,13,5,active,False,False,False,False,False,,False,,False,,False,,False,,LOVB Nebraska,NEB,NEB,apple
2251813,2026,2026-03-15T01:00:00.000Z,2344585,Laura Dijkema,Laura,Dijkema,14,5,active,False,False,False,False,True,1.0,True,1.0,True,1.0,True,1.0,True,1.0,LOVB Nebraska,NEB,NEB,apple
2251813,2026,2026-03-15T01:00:00.000Z,2494733,Ana Carolina Da Silva,Ana Carolina,Da Silva,15,4,active,False,False,False,False,False,,False,,False,,True,3.0,True,3.0,LOVB Nebraska,NEB,NEB,apple
2251813,2026,2026-03-15T01:00:00.000Z,2344592,Candelaria Herrera,Candelaria,Herrera,17,4,active,False,False,False,False,True,3.0,True,3.0,True,3.0,False,,False,,LOVB Nebraska,NEB,NEB,apple
2251813,2026,2026-03-15T01:00:00.000Z,2494732,Alexis Hart,Alexis,Hart,19,2,active,False,False,False,False,False,,False,,False,,False,,False,,LOVB Nebraska,NEB,NEB,apple
2251813,2026,2026-03-15T01:00:00.000Z,2547881,Julia Hanson,Julia,Hanson,22,2,active,False,False,False,False,False,,False,,False,,False,,False,,LOVB Nebraska,NEB,NEB,apple
2251814,2026,2026-03-15T19:00:00.000Z,2494725,Indre Sorokaite,Indre,Sorokaite,1,2,active,False,False,False,False,False,,False,,False,,False,,,,LOVB Madison,MAD,MAD,babyBlue
2251814,2026,2026-03-15T19:00:00.000Z,2342510,Anna Hall,Anna,Hall,2,4,active,False,False,False,False,False,,False,,False,,False,,,,LOVB Madison,MAD,MAD,babyBlue
2251814,2026,2026-03-15T19:00:00.000Z,2344581,Mariena Hayden,Mariena,Hayden,3,2,active,False,False,False,False,False,,False,,False,,False,,,,LOVB Madison,MAD,MAD,babyBlue
2251814,2026,2026-03-15T19:00:00.000Z,2344577,Milica Medved,Milica,Medved,4,1,active,False,False,False,True,False,,False,,False,,False,,,,LOVB Madison,MAD,MAD,babyBlue
2251814,2026,2026-03-15T19:00:00.000Z,2547943,Rebekah Allick,Rebekah,Allick,5,4,active,False,False,False,False,True,2.0,True,4.0,True,4.0,True,4.0,,,LOVB Madison,MAD,MAD,babyBlue
2251814,2026,2026-03-15T19:00:00.000Z,2494729,Gong Xiangyu,Gong,Xiangyu,6,3,active,False,False,False,False,True,3.0,True,5.0,True,5.0,True,5.0,,,LOVB Madison,MAD,MAD,babyBlue
2251814,2026,2026-03-15T19:00:00.000Z,2342508,Lauren Carlini,Lauren,Carlini,7,5,active,False,False,True,False,True,6.0,True,2.0,True,2.0,True,2.0,,,LOVB Madison,MAD,MAD,babyBlue
2251814,2026,2026-03-15T19:00:00.000Z,2494724,Argentina Ung,Argentina,Ung,8,5,active,False,False,False,False,False,,False,,False,,False,,,,LOVB Madison,MAD,MAD,babyBlue
2251814,2026,2026-03-15T19:00:00.000Z,2344580,Claire Chaussee,Claire,Chaussee,9,2,active,False,False,False,False,False,,False,,False,,False,,,,LOVB Madison,MAD,MAD,babyBlue
2251814,2026,2026-03-15T19:00:00.000Z,2494727,Annayka Legros,Annayka,Legros,10,4,active,False,False,False,False,False,,False,,False,,False,,,,LOVB Madison,MAD,MAD,babyBlue
2251814,2026,2026-03-15T19:00:00.000Z,2344612,Anna Pogany,Anna,Pogany,11,1,active,False,False,False,False,False,,False,,False,,False,,,,LOVB Madison,MAD,MAD,babyBlue
2251814,2026,2026-03-15T19:00:00.000Z,2344582,Temi Thomas-Ailara,Temi,Thomas-Ailara,12,3,active,False,False,False,False,True,4.0,True,6.0,True,6.0,True,6.0,,,LOVB Madison,MAD,MAD,babyBlue
2251814,2026,2026-03-15T19:00:00.000Z,2344605,Anna Haak,Anna,Haak,17,2,active,False,False,False,False,False,,False,,False,,False,,,,LOVB Madison,MAD,MAD,babyBlue
2251814,2026,2026-03-15T19:00:00.000Z,2494726,Andrea Mitrovic,Andrea,Mitrovic,21,2,active,False,False,False,False,True,1.0,True,3.0,True,3.0,True,3.0,,,LOVB Madison,MAD,MAD,babyBlue
2251814,2026,2026-03-15T19:00:00.000Z,2623252,Gillian Grimes,Gillian,Grimes,23,1,active,False,False,False,True,False,,False,,False,,False,,,,LOVB Madison,MAD,MAD,babyBlue
2251814,2026,2026-03-15T19:00:00.000Z,2494728,Callie Schwarzenbach,Callie,Schwarzenbach,25,4,active,False,False,False,False,True,5.0,True,1.0,True,1.0,True,1.0,,,LOVB Madison,MAD,MAD,babyBlue
2251814,2026,2026-03-15T19:00:00.000Z,2349077,Ana B Correa,Ana B,Correa,27,4,active,False,False,False,False,False,,False,,False,,False,,,,LOVB Madison,MAD,MAD,babyBlue
2251814,2026,2026-03-15T19:00:00.000Z,2344609,Khat Bell,Khat,Bell,1,3,active,False,False,False,False,False,,False,,False,,False,,,,LOVB Austin,ATX,ATX,violet
2251814,2026,2026-03-15T19:00:00.000Z,2344604,Leah Hardeman,Leah,Hardeman,2,2,active,False,False,False,False,False,,False,,False,,False,,,,LOVB Austin,ATX,ATX,violet
2251814,2026,2026-03-15T19:00:00.000Z,2344598,Carli Lloyd,Carli,Lloyd,3,5,active,False,False,False,False,False,,False,,False,,False,,,,LOVB Austin,ATX,ATX,violet
2251814,2026,2026-03-15T19:00:00.000Z,2344588,Madi Banks,Madi,Banks,4,2,active,False,False,False,False,True,5.0,True,5.0,True,5.0,True,5.0,,,LOVB Austin,ATX,ATX,violet
2251814,2026,2026-03-15T19:00:00.000Z,2344608,Molly McCage,Molly,McCage,5,4,active,False,False,False,False,True,3.0,True,3.0,True,3.0,True,3.0,,,LOVB Austin,ATX,ATX,violet
2251814,2026,2026-03-15T19:00:00.000Z,2349176,Madisen Skinner,Madisen,Skinner,6,3,active,False,False,False,False,True,4.0,True,4.0,False,,False,,,,LOVB Austin,ATX,ATX,violet
2251814,2026,2026-03-15T19:00:00.000Z,2344607,Asjia O'Neal,Asjia,O'Neal,7,4,active,False,False,False,False,True,6.0,True,6.0,True,6.0,True,6.0,,,LOVB Austin,ATX,ATX,violet
2251814,2026,2026-03-15T19:00:00.000Z,2344601,Zoe Jarvis,Zoe,Jarvis,10,1,active,False,False,False,False,False,,False,,False,,False,,,,LOVB Austin,ATX,ATX,violet
2251814,2026,2026-03-15T19:00:00.000Z,2494716,Isabella Bergmark,Isabella,Bergmark,11,4,active,False,False,False,False,False,,False,,False,,False,,,,LOVB Austin,ATX,ATX,violet
2251814,2026,2026-03-15T19:00:00.000Z,2344606,Juliann Faucette,Juliann,Faucette,13,3,active,False,False,True,False,False,,False,,True,4.0,True,4.0,,,LOVB Austin,ATX,ATX,violet
2251814,2026,2026-03-15T19:00:00.000Z,2344602,Kotoe Inoue,Kotoe,Inoue,15,1,active,False,False,False,True,False,,False,,False,,False,,,,LOVB Austin,ATX,ATX,violet
2251814,2026,2026-03-15T19:00:00.000Z,2494714,Brie O'Reilly,Brie,O'Reilly,17,5,active,False,False,False,False,True,1.0,True,1.0,True,1.0,True,1.0,,,LOVB Austin,ATX,ATX,violet
2251814,2026,2026-03-15T19:00:00.000Z,2547939,Bailey Miller,Bailey,Miller,22,2,active,False,False,False,False,False,,False,,False,,False,,,,LOVB Austin,ATX,ATX,violet
2251814,2026,2026-03-15T19:00:00.000Z,2344599,Logan Eggleston,Logan,Eggleston,33,2,active,False,False,False,False,True,2.0,True,2.0,True,2.0,True,2.0,,,LOVB Austin,ATX,ATX,violet
2251814,2026,2026-03-15T19:00:00.000Z,2336999,Magdalena Jurczyk,Magdalena,Jurczyk,95,4,active,False,False,False,False,False,,False,,False,,False,,,,LOVB Austin,ATX,ATX,violet
2251815,2026,2026-03-19T00:00:00.000Z,2349314,Lexi Rodriguez,Lexi,Rodriguez,1,1,active,False,False,False,True,False,,False,,False,,,,,,LOVB Nebraska,NEB,NEB,emerald
2251815,2026,2026-03-19T00:00:00.000Z,2344593,Emily Thater,Emily,Thater,2,4,active,False,False,False,False,True,6.0,True,6.0,True,6.0,,,,,LOVB Nebraska,NEB,NEB,emerald
2251815,2026,2026-03-19T00:00:00.000Z,2344587,Annie Cesar,Annie,Cesar,3,1,active,False,False,False,True,False,,False,,False,,,,,,LOVB Nebraska,NEB,NEB,emerald
2251815,2026,2026-03-19T00:00:00.000Z,2344590,Vicky Savard,Vicky,Savard,4,2,active,False,False,False,False,False,,False,,False,,,,,,LOVB Nebraska,NEB,NEB,emerald
2251815,2026,2026-03-19T00:00:00.000Z,2344589,Jaali Winters,Jaali,Winters,5,2,active,False,False,False,False,False,,True,5.0,True,5.0,,,,,LOVB Nebraska,NEB,NEB,emerald
2251815,2026,2026-03-19T00:00:00.000Z,2344596,Kimberly Drewniok,Kimberly,Drewniok,8,3,active,False,False,False,False,True,4.0,True,4.0,True,4.0,,,,,LOVB Nebraska,NEB,NEB,emerald
2251815,2026,2026-03-19T00:00:00.000Z,2344564,Iga Wasilewska,Iga,Wasilewska,9,4,active,False,False,False,False,False,,False,,False,,,,,,LOVB Nebraska,NEB,NEB,emerald
2251815,2026,2026-03-19T00:00:00.000Z,2336975,Jordan Larson,Jordan,Larson,10,2,active,False,False,True,False,True,2.0,True,2.0,True,2.0,,,,,LOVB Nebraska,NEB,NEB,emerald
2251815,2026,2026-03-19T00:00:00.000Z,2494731,Anne Buijs,Anne,Buijs,11,2,active,False,False,False,False,True,5.0,False,,False,,,,,,LOVB Nebraska,NEB,NEB,emerald
2251815,2026,2026-03-19T00:00:00.000Z,2344597,Audriana Fitzmorris,Audriana,Fitzmorris,12,3,active,False,False,False,False,False,,False,,False,,,,,,LOVB Nebraska,NEB,NEB,emerald
2251815,2026,2026-03-19T00:00:00.000Z,2344586,Gabby Blossom,Gabby,Blossom,13,5,active,False,False,False,False,False,,False,,False,,,,,,LOVB Nebraska,NEB,NEB,emerald
2251815,2026,2026-03-19T00:00:00.000Z,2344585,Laura Dijkema,Laura,Dijkema,14,5,active,False,False,False,False,True,1.0,True,1.0,True,1.0,,,,,LOVB Nebraska,NEB,NEB,emerald
2251815,2026,2026-03-19T00:00:00.000Z,2494733,Ana Carolina Da Silva,Ana Carolina,Da Silva,15,4,active,False,False,False,False,False,,False,,False,,,,,,LOVB Nebraska,NEB,NEB,emerald
2251815,2026,2026-03-19T00:00:00.000Z,2344592,Candelaria Herrera,Candelaria,Herrera,17,4,active,False,False,False,False,True,3.0,True,3.0,True,3.0,,,,,LOVB Nebraska,NEB,NEB,emerald
2251815,2026,2026-03-19T00:00:00.000Z,2494732,Alexis Hart,Alexis,Hart,19,2,active,False,False,False,False,False,,False,,False,,,,,,LOVB Nebraska,NEB,NEB,emerald
2251815,2026,2026-03-19T00:00:00.000Z,2547881,Julia Hanson,Julia,Hanson,22,2,active,False,False,False,False,False,,False,,False,,,,,,LOVB Nebraska,NEB,NEB,emerald
2251815,2026,2026-03-19T00:00:00.000Z,2344566,Piyanut Pannoy,Piyanut,Pannoy,2,1,active,False,False,False,True,False,,False,,False,,,,,,LOVB Atlanta,ATL,ATL,hotPink
2251815,2026,2026-03-19T00:00:00.000Z,2494718,Miroslava Paskova,Miroslava,Paskova,6,2,active,False,False,False,False,False,,False,,False,,,,,,LOVB Atlanta,ATL,ATL,hotPink
2251815,2026,2026-03-19T00:00:00.000Z,2494717,Ella May Powell,Ella May,Powell,7,5,active,False,False,False,False,False,,False,,False,,,,,,LOVB Atlanta,ATL,ATL,hotPink
2251815,2026,2026-03-19T00:00:00.000Z,2351343,Rachel Fairbanks,Rachel,Fairbanks,10,5,active,False,False,False,False,True,6.0,True,5.0,True,6.0,,,,,LOVB Atlanta,ATL,ATL,hotPink
2251815,2026,2026-03-19T00:00:00.000Z,2349081,Onye Ofoegbu,Onye,Ofoegbu,11,4,active,False,False,False,False,False,,False,,False,,,,,,LOVB Atlanta,ATL,ATL,hotPink
2251815,2026,2026-03-19T00:00:00.000Z,2344610,Carly DeHoog,Carly,DeHoog,12,3,active,False,False,False,False,False,,False,,False,,,,,,LOVB Atlanta,ATL,ATL,hotPink
2251815,2026,2026-03-19T00:00:00.000Z,2344425,McKenzie Adams,McKenzie,Adams,13,2,active,False,False,True,False,True,1.0,True,6.0,True,1.0,,,,,LOVB Atlanta,ATL,ATL,hotPink
2251815,2026,2026-03-19T00:00:00.000Z,2344570,Tia Jimerson,Tia,Jimerson,14,4,active,False,False,False,False,True,2.0,True,1.0,True,2.0,,,,,LOVB Atlanta,ATL,ATL,hotPink
2251815,2026,2026-03-19T00:00:00.000Z,2344573,Magdalena Jehlarova,Magdalena,Jehlarova,15,4,active,False,False,False,False,True,5.0,True,4.0,True,5.0,,,,,LOVB Atlanta,ATL,ATL,hotPink
2251815,2026,2026-03-19T00:00:00.000Z,2344567,Beatrice Negretti,Beatrice,Negretti,16,1,active,False,False,False,False,False,,False,,False,,,,,,LOVB Atlanta,ATL,ATL,hotPink
2251815,2026,2026-03-19T00:00:00.000Z,2344574,Tessa Grubbs,Tessa,Grubbs,17,3,active,False,False,False,False,False,,False,,False,,,,,,LOVB Atlanta,ATL,ATL,hotPink
2251815,2026,2026-03-19T00:00:00.000Z,2494721,Ivonee Montaño,Ivonee,Montaño,18,3,active,False,False,False,False,True,3.0,True,2.0,True,3.0,,,,,LOVB Atlanta,ATL,ATL,hotPink
2251815,2026,2026-03-19T00:00:00.000Z,2494720,Jess Robinson,Jess,Robinson,19,4,active,False,False,False,False,False,,False,,False,,,,,,LOVB Atlanta,ATL,ATL,hotPink
2251815,2026,2026-03-19T00:00:00.000Z,2494719,Julia Sangiacomo,Julia,Sangiacomo,22,2,active,False,False,False,False,True,4.0,True,3.0,False,,,,,,LOVB Atlanta,ATL,ATL,hotPink
2251815,2026,2026-03-19T00:00:00.000Z,2342511,Kelsey Cook,Kelsey,Cook,23,2,active,False,False,False,False,False,,False,,False,,,,,,LOVB Atlanta,ATL,ATL,hotPink
2251815,2026,2026-03-19T00:00:00.000Z,2548999,Eva Hudson,Eva,Hudson,27,2,active,False,False,False,False,False,,False,,True,4.0,,,,,LOVB Atlanta,ATL,ATL,hotPink
2251816,2026,2026-03-21T00:00:00.000Z,2344609,Khat Bell,Khat,Bell,1,3,active,False,False,False,False,False,,False,,False,,False,,,,LOVB Austin,ATX,ATX,violet
2251816,2026,2026-03-21T00:00:00.000Z,2344604,Leah Hardeman,Leah,Hardeman,2,2,active,False,False,False,False,False,,False,,False,,False,,,,LOVB Austin,ATX,ATX,violet
2251816,2026,2026-03-21T00:00:00.000Z,2344598,Carli Lloyd,Carli,Lloyd,3,5,active,False,False,False,False,False,,False,,True,1.0,True,1.0,,,LOVB Austin,ATX,ATX,violet
2251816,2026,2026-03-21T00:00:00.000Z,2344588,Madi Banks,Madi,Banks,4,2,active,False,False,False,False,True,1.0,True,1.0,True,5.0,True,5.0,,,LOVB Austin,ATX,ATX,violet
2251816,2026,2026-03-21T00:00:00.000Z,2344608,Molly McCage,Molly,McCage,5,4,active,False,False,False,False,True,5.0,True,5.0,True,3.0,True,3.0,,,LOVB Austin,ATX,ATX,violet
2251816,2026,2026-03-21T00:00:00.000Z,2349176,Madisen Skinner,Madisen,Skinner,6,3,active,False,False,False,False,True,6.0,True,6.0,True,4.0,True,4.0,,,LOVB Austin,ATX,ATX,violet
2251816,2026,2026-03-21T00:00:00.000Z,2344607,Asjia O'Neal,Asjia,O'Neal,7,4,active,False,False,False,False,True,2.0,True,2.0,True,6.0,True,6.0,,,LOVB Austin,ATX,ATX,violet
2251816,2026,2026-03-21T00:00:00.000Z,2344601,Zoe Jarvis,Zoe,Jarvis,10,1,active,False,False,False,False,False,,False,,False,,False,,,,LOVB Austin,ATX,ATX,violet
2251816,2026,2026-03-21T00:00:00.000Z,2494716,Isabella Bergmark,Isabella,Bergmark,11,4,active,False,False,False,False,False,,False,,False,,False,,,,LOVB Austin,ATX,ATX,violet
2251816,2026,2026-03-21T00:00:00.000Z,2344606,Juliann Faucette,Juliann,Faucette,13,3,active,False,False,True,False,False,,False,,False,,False,,,,LOVB Austin,ATX,ATX,violet
2251816,2026,2026-03-21T00:00:00.000Z,2344602,Kotoe Inoue,Kotoe,Inoue,15,1,active,False,False,False,True,False,,False,,False,,False,,,,LOVB Austin,ATX,ATX,violet
2251816,2026,2026-03-21T00:00:00.000Z,2494714,Brie O'Reilly,Brie,O'Reilly,17,5,active,False,False,False,False,True,3.0,True,3.0,False,,False,,,,LOVB Austin,ATX,ATX,violet
2251816,2026,2026-03-21T00:00:00.000Z,2547939,Bailey Miller,Bailey,Miller,22,2,active,False,False,False,False,False,,False,,False,,False,,,,LOVB Austin,ATX,ATX,violet
2251816,2026,2026-03-21T00:00:00.000Z,2344599,Logan Eggleston,Logan,Eggleston,33,2,active,False,False,False,False,True,4.0,True,4.0,True,2.0,True,2.0,,,LOVB Austin,ATX,ATX,violet
2251816,2026,2026-03-21T00:00:00.000Z,2336999,Magdalena Jurczyk,Magdalena,Jurczyk,95,4,active,False,False,False,False,False,,False,,False,,False,,,,LOVB Austin,ATX,ATX,violet
2251816,2026,2026-03-21T00:00:00.000Z,2349314,Lexi Rodriguez,Lexi,Rodriguez,1,1,active,False,False,False,True,False,,False,,False,,False,,,,LOVB Nebraska,NEB,NEB,emerald
2251816,2026,2026-03-21T00:00:00.000Z,2344593,Emily Thater,Emily,Thater,2,4,active,False,False,False,False,True,6.0,True,6.0,True,6.0,True,6.0,,,LOVB Nebraska,NEB,NEB,emerald
2251816,2026,2026-03-21T00:00:00.000Z,2344587,Annie Cesar,Annie,Cesar,3,1,active,False,False,False,True,False,,False,,False,,False,,,,LOVB Nebraska,NEB,NEB,emerald
2251816,2026,2026-03-21T00:00:00.000Z,2344590,Vicky Savard,Vicky,Savard,4,2,active,False,False,False,False,False,,False,,False,,False,,,,LOVB Nebraska,NEB,NEB,emerald
2251816,2026,2026-03-21T00:00:00.000Z,2344589,Jaali Winters,Jaali,Winters,5,2,active,False,False,False,False,False,,False,,False,,False,,,,LOVB Nebraska,NEB,NEB,emerald
2251816,2026,2026-03-21T00:00:00.000Z,2344596,Kimberly Drewniok,Kimberly,Drewniok,8,3,active,False,False,False,False,True,4.0,True,4.0,True,4.0,True,4.0,,,LOVB Nebraska,NEB,NEB,emerald
2251816,2026,2026-03-21T00:00:00.000Z,2344564,Iga Wasilewska,Iga,Wasilewska,9,4,active,False,False,False,False,False,,False,,False,,False,,,,LOVB Nebraska,NEB,NEB,emerald
2251816,2026,2026-03-21T00:00:00.000Z,2336975,Jordan Larson,Jordan,Larson,10,2,active,False,False,True,False,True,2.0,True,2.0,True,2.0,True,2.0,,,LOVB Nebraska,NEB,NEB,emerald
2251816,2026,2026-03-21T00:00:00.000Z,2494731,Anne Buijs,Anne,Buijs,11,2,active,False,False,False,False,True,5.0,True,5.0,True,5.0,True,5.0,,,LOVB Nebraska,NEB,NEB,emerald
2251816,2026,2026-03-21T00:00:00.000Z,2344597,Audriana Fitzmorris,Audriana,Fitzmorris,12,3,active,False,False,False,False,False,,False,,False,,False,,,,LOVB Nebraska,NEB,NEB,emerald
2251816,2026,2026-03-21T00:00:00.000Z,2344586,Gabby Blossom,Gabby,Blossom,13,5,active,False,False,False,False,False,,False,,False,,False,,,,LOVB Nebraska,NEB,NEB,emerald
2251816,2026,2026-03-21T00:00:00.000Z,2344585,Laura Dijkema,Laura,Dijkema,14,5,active,False,False,False,False,True,1.0,True,1.0,True,1.0,True,1.0,,,LOVB Nebraska,NEB,NEB,emerald
2251816,2026,2026-03-21T00:00:00.000Z,2494733,Ana Carolina Da Silva,Ana Carolina,Da Silva,15,4,active,False,False,False,False,False,,False,,False,,True,3.0,,,LOVB Nebraska,NEB,NEB,emerald
2251816,2026,2026-03-21T00:00:00.000Z,2344592,Candelaria Herrera,Candelaria,Herrera,17,4,active,False,False,False,False,True,3.0,True,3.0,True,3.0,False,,,,LOVB Nebraska,NEB,NEB,emerald
2251816,2026,2026-03-21T00:00:00.000Z,2494732,Alexis Hart,Alexis,Hart,19,2,active,False,False,False,False,False,,False,,False,,False,,,,LOVB Nebraska,NEB,NEB,emerald
2251816,2026,2026-03-21T00:00:00.000Z,2547881,Julia Hanson,Julia,Hanson,22,2,active,False,False,False,False,False,,False,,False,,False,,,,LOVB Nebraska,NEB,NEB,emerald
2251817,2026,2026-03-21T18:00:00.000Z,2344566,Piyanut Pannoy,Piyanut,Pannoy,2,1,active,False,False,False,True,False,,False,,False,,,,,,LOVB Atlanta,ATL,ATL,hotPink
2251817,2026,2026-03-21T18:00:00.000Z,2494718,Miroslava Paskova,Miroslava,Paskova,6,2,active,False,False,False,False,False,,False,,False,,,,,,LOVB Atlanta,ATL,ATL,hotPink
2251817,2026,2026-03-21T18:00:00.000Z,2494717,Ella May Powell,Ella May,Powell,7,5,active,False,False,False,False,False,,False,,False,,,,,,LOVB Atlanta,ATL,ATL,hotPink
2251817,2026,2026-03-21T18:00:00.000Z,2351343,Rachel Fairbanks,Rachel,Fairbanks,10,5,active,False,False,False,False,True,1.0,True,1.0,True,1.0,,,,,LOVB Atlanta,ATL,ATL,hotPink
2251817,2026,2026-03-21T18:00:00.000Z,2349081,Onye Ofoegbu,Onye,Ofoegbu,11,4,active,False,False,False,False,False,,False,,False,,,,,,LOVB Atlanta,ATL,ATL,hotPink
2251817,2026,2026-03-21T18:00:00.000Z,2344610,Carly DeHoog,Carly,DeHoog,12,3,active,False,False,False,False,False,,False,,False,,,,,,LOVB Atlanta,ATL,ATL,hotPink
2251817,2026,2026-03-21T18:00:00.000Z,2344425,McKenzie Adams,McKenzie,Adams,13,2,active,False,False,True,False,True,2.0,True,2.0,True,2.0,,,,,LOVB Atlanta,ATL,ATL,hotPink
2251817,2026,2026-03-21T18:00:00.000Z,2344570,Tia Jimerson,Tia,Jimerson,14,4,active,False,False,False,False,True,3.0,True,3.0,True,3.0,,,,,LOVB Atlanta,ATL,ATL,hotPink
2251817,2026,2026-03-21T18:00:00.000Z,2344573,Magdalena Jehlarova,Magdalena,Jehlarova,15,4,active,False,False,False,False,True,6.0,True,6.0,True,6.0,,,,,LOVB Atlanta,ATL,ATL,hotPink
2251817,2026,2026-03-21T18:00:00.000Z,2344567,Beatrice Negretti,Beatrice,Negretti,16,1,active,False,False,False,False,False,,False,,False,,,,,,LOVB Atlanta,ATL,ATL,hotPink
2251817,2026,2026-03-21T18:00:00.000Z,2344574,Tessa Grubbs,Tessa,Grubbs,17,3,active,False,False,False,False,False,,False,,False,,,,,,LOVB Atlanta,ATL,ATL,hotPink
2251817,2026,2026-03-21T18:00:00.000Z,2494721,Ivonee Montaño,Ivonee,Montaño,18,3,active,False,False,False,False,True,4.0,True,4.0,True,4.0,,,,,LOVB Atlanta,ATL,ATL,hotPink
2251817,2026,2026-03-21T18:00:00.000Z,2494720,Jess Robinson,Jess,Robinson,19,4,active,False,False,False,False,False,,False,,False,,,,,,LOVB Atlanta,ATL,ATL,hotPink
2251817,2026,2026-03-21T18:00:00.000Z,2494719,Julia Sangiacomo,Julia,Sangiacomo,22,2,active,False,False,False,False,True,5.0,True,5.0,True,5.0,,,,,LOVB Atlanta,ATL,ATL,hotPink
2251817,2026,2026-03-21T18:00:00.000Z,2342511,Kelsey Cook,Kelsey,Cook,23,2,active,False,False,False,False,False,,False,,False,,,,,,LOVB Atlanta,ATL,ATL,hotPink
2251817,2026,2026-03-21T18:00:00.000Z,2548999,Eva Hudson,Eva,Hudson,27,2,active,False,False,False,False,False,,False,,False,,,,,,LOVB Atlanta,ATL,ATL,hotPink
2251817,2026,2026-03-21T18:00:00.000Z,2336969,Jordyn Poulter,Jordyn,Poulter,1,5,active,False,False,True,False,True,2.0,True,1.0,True,1.0,,,,,LOVB Salt Lake,SLC,SLC,navy
2251817,2026,2026-03-21T18:00:00.000Z,2549041,Ifenna Cos-Okpalla,Ifenna,Cos-Okpalla,2,4,active,False,False,False,False,False,,False,,False,,,,,,LOVB Salt Lake,SLC,SLC,navy
2251817,2026,2026-03-21T18:00:00.000Z,2344545,Dani Drews,Dani,Drews,3,2,active,False,False,False,False,False,,False,,False,,,,,,LOVB Salt Lake,SLC,SLC,navy
2251817,2026,2026-03-21T18:00:00.000Z,2344547,Maddie Haynes,Maddie,Haynes,4,2,active,False,False,False,False,False,,False,,False,,,,,,LOVB Salt Lake,SLC,SLC,navy
2251817,2026,2026-03-21T18:00:00.000Z,2344554,Skylar Fields,Skylar,Fields,5,3,active,False,False,False,False,False,,False,,True,4.0,,,,,LOVB Salt Lake,SLC,SLC,navy
2251817,2026,2026-03-21T18:00:00.000Z,2344551,Tori Dixon,Tori,Dixon,6,4,active,False,False,False,False,True,1.0,True,6.0,True,6.0,,,,,LOVB Salt Lake,SLC,SLC,navy
2251817,2026,2026-03-21T18:00:00.000Z,2349080,Sophie Fischer,Sophie,Fischer,7,4,active,False,False,False,False,False,,False,,False,,,,,,LOVB Salt Lake,SLC,SLC,navy
2251817,2026,2026-03-21T18:00:00.000Z,2494734,Alexa Gray,Alexa,Gray,9,2,active,False,False,False,False,True,3.0,True,2.0,False,,,,,,LOVB Salt Lake,SLC,SLC,navy
2251817,2026,2026-03-21T18:00:00.000Z,2344427,Madi Bugg,Madi,Bugg,10,5,active,False,False,False,False,False,,False,,False,,,,,,LOVB Salt Lake,SLC,SLC,navy
2251817,2026,2026-03-21T18:00:00.000Z,2344550,Serena Gray,Serena,Gray,11,4,active,False,False,False,False,True,4.0,True,3.0,True,3.0,,,,,LOVB Salt Lake,SLC,SLC,navy
2251817,2026,2026-03-21T18:00:00.000Z,2344546,Roni Jones-Perry,Roni,Jones-Perry,12,2,active,False,False,False,False,False,,False,,True,2.0,,,,,LOVB Salt Lake,SLC,SLC,navy
2251817,2026,2026-03-21T18:00:00.000Z,2336979,Haleigh Washington,Haleigh,Washington,15,4,active,False,False,False,False,False,,False,,False,,,,,,LOVB Salt Lake,SLC,SLC,navy
2251817,2026,2026-03-21T18:00:00.000Z,2342469,Manami Kojima,Manami,Kojima,16,1,active,False,False,False,True,False,,False,,False,,,,,,LOVB Salt Lake,SLC,SLC,navy
2251817,2026,2026-03-21T18:00:00.000Z,2344544,Mary Lake,Mary,Lake,18,1,active,False,False,False,False,False,,False,,False,,,,,,LOVB Salt Lake,SLC,SLC,navy
2251817,2026,2026-03-21T18:00:00.000Z,2344548,Claire Hoffman,Claire,Hoffman,21,2,active,False,False,False,False,True,6.0,True,5.0,True,5.0,,,,,LOVB Salt Lake,SLC,SLC,navy
2251817,2026,2026-03-21T18:00:00.000Z,2344553,Heidy Casanova,Heidy,Casanova,33,3,active,False,False,False,False,True,5.0,True,4.0,False,,,,,,LOVB Salt Lake,SLC,SLC,navy
2251818,2026,2026-03-21T23:00:00.000Z,2494725,Indre Sorokaite,Indre,Sorokaite,1,2,active,False,False,False,False,False,,False,,False,,,,,,LOVB Madison,MAD,MAD,babyBlue
2251818,2026,2026-03-21T23:00:00.000Z,2342510,Anna Hall,Anna,Hall,2,4,active,False,False,False,False,False,,False,,False,,,,,,LOVB Madison,MAD,MAD,babyBlue
2251818,2026,2026-03-21T23:00:00.000Z,2344581,Mariena Hayden,Mariena,Hayden,3,2,active,False,False,False,False,False,,False,,False,,,,,,LOVB Madison,MAD,MAD,babyBlue
2251818,2026,2026-03-21T23:00:00.000Z,2344577,Milica Medved,Milica,Medved,4,1,active,False,False,False,True,False,,False,,False,,,,,,LOVB Madison,MAD,MAD,babyBlue
2251818,2026,2026-03-21T23:00:00.000Z,2547943,Rebekah Allick,Rebekah,Allick,5,4,active,False,False,False,False,True,3.0,True,3.0,True,3.0,,,,,LOVB Madison,MAD,MAD,babyBlue
2251818,2026,2026-03-21T23:00:00.000Z,2494729,Gong Xiangyu,Gong,Xiangyu,6,3,active,False,False,False,False,True,4.0,True,4.0,True,4.0,,,,,LOVB Madison,MAD,MAD,babyBlue
2251818,2026,2026-03-21T23:00:00.000Z,2342508,Lauren Carlini,Lauren,Carlini,7,5,active,False,False,True,False,True,1.0,True,1.0,True,1.0,,,,,LOVB Madison,MAD,MAD,babyBlue
2251818,2026,2026-03-21T23:00:00.000Z,2494724,Argentina Ung,Argentina,Ung,8,5,active,False,False,False,False,False,,False,,False,,,,,,LOVB Madison,MAD,MAD,babyBlue
2251818,2026,2026-03-21T23:00:00.000Z,2344580,Claire Chaussee,Claire,Chaussee,9,2,active,False,False,False,False,False,,False,,False,,,,,,LOVB Madison,MAD,MAD,babyBlue
2251818,2026,2026-03-21T23:00:00.000Z,2494727,Annayka Legros,Annayka,Legros,10,4,active,False,False,False,False,False,,False,,False,,,,,,LOVB Madison,MAD,MAD,babyBlue
2251818,2026,2026-03-21T23:00:00.000Z,2344612,Anna Pogany,Anna,Pogany,11,1,active,False,False,False,False,False,,False,,False,,,,,,LOVB Madison,MAD,MAD,babyBlue
2251818,2026,2026-03-21T23:00:00.000Z,2344582,Temi Thomas-Ailara,Temi,Thomas-Ailara,12,3,active,False,False,False,False,True,5.0,True,5.0,True,5.0,,,,,LOVB Madison,MAD,MAD,babyBlue
2251818,2026,2026-03-21T23:00:00.000Z,2344605,Anna Haak,Anna,Haak,17,2,active,False,False,False,False,False,,False,,True,2.0,,,,,LOVB Madison,MAD,MAD,babyBlue
2251818,2026,2026-03-21T23:00:00.000Z,2494726,Andrea Mitrovic,Andrea,Mitrovic,21,2,active,False,False,False,False,True,2.0,True,2.0,False,,,,,,LOVB Madison,MAD,MAD,babyBlue
2251818,2026,2026-03-21T23:00:00.000Z,2623252,Gillian Grimes,Gillian,Grimes,23,1,active,False,False,False,True,False,,False,,False,,,,,,LOVB Madison,MAD,MAD,babyBlue
2251818,2026,2026-03-21T23:00:00.000Z,2494728,Callie Schwarzenbach,Callie,Schwarzenbach,25,4,active,False,False,False,False,True,6.0,True,6.0,True,6.0,,,,,LOVB Madison,MAD,MAD,babyBlue
2251818,2026,2026-03-21T23:00:00.000Z,2349077,Ana B Correa,Ana B,Correa,27,4,active,False,False,False,False,False,,False,,False,,,,,,LOVB Madison,MAD,MAD,babyBlue
2251818,2026,2026-03-21T23:00:00.000Z,2344621,Grace Frohling,Grace,Frohling,1,3,active,False,False,False,False,False,,False,,False,,,,,,LOVB Houston,HTX,HTX,sapphire
2251818,2026,2026-03-21T23:00:00.000Z,2344616,Karin Palgutova,Karin,Palgutova,2,2,active,False,False,False,False,False,,False,,False,,,,,,LOVB Houston,HTX,HTX,sapphire
2251818,2026,2026-03-21T23:00:00.000Z,2344618,Amber Igiede,Amber,Igiede,3,4,active,False,False,False,False,True,6.0,True,6.0,True,6.0,,,,,LOVB Houston,HTX,HTX,sapphire
2251818,2026,2026-03-21T23:00:00.000Z,2336972,Justine Wong-Orantes,Justine,Wong-Orantes,4,1,active,False,False,False,False,False,,False,,False,,,,,,LOVB Houston,HTX,HTX,sapphire
2251818,2026,2026-03-21T23:00:00.000Z,2494722,Lauren Briseño,Lauren,Briseño,5,1,active,False,False,False,True,False,,False,,False,,,,,,LOVB Houston,HTX,HTX,sapphire
2251818,2026,2026-03-21T23:00:00.000Z,2494723,Jazmine White,Jazmine,White,6,4,active,False,False,False,False,True,3.0,True,3.0,True,3.0,,,,,LOVB Houston,HTX,HTX,sapphire
2251818,2026,2026-03-21T23:00:00.000Z,2344617,Raphaela Folie,Raphaela,Folie,7,4,active,False,False,False,False,False,,False,,False,,,,,,LOVB Houston,HTX,HTX,sapphire
2251818,2026,2026-03-21T23:00:00.000Z,2344611,Kaisa Alanko,Kaisa,Alanko,8,5,active,False,False,False,False,True,1.0,True,1.0,False,,,,,,LOVB Houston,HTX,HTX,sapphire
2251818,2026,2026-03-21T23:00:00.000Z,2344614,Madi Rishel,Madi,Rishel,9,2,active,False,False,False,False,True,2.0,True,2.0,True,5.0,,,,,LOVB Houston,HTX,HTX,sapphire
2251818,2026,2026-03-21T23:00:00.000Z,2539857,Maya Sands,Maya,Sands,10,1,active,False,False,False,False,False,,False,,False,,,,,,LOVB Houston,HTX,HTX,sapphire
2251818,2026,2026-03-21T23:00:00.000Z,2344620,Anita Anwusi,Anita,Anwusi,11,4,active,False,False,False,False,False,,False,,False,,,,,,LOVB Houston,HTX,HTX,sapphire
2251818,2026,2026-03-21T23:00:00.000Z,2336967,Micha Hancock,Micha,Hancock,12,5,active,False,False,False,False,False,,False,,True,1.0,,,,,LOVB Houston,HTX,HTX,sapphire
2251818,2026,2026-03-21T23:00:00.000Z,2344622,Julia Brown,Julia,Brown,14,2,active,False,False,False,False,False,,False,,False,,,,,,LOVB Houston,HTX,HTX,sapphire
2251818,2026,2026-03-21T23:00:00.000Z,2623251,Maddie Waak,Maddie,Waak,16,5,active,False,False,False,False,False,,False,,False,,,,,,LOVB Houston,HTX,HTX,sapphire
2251818,2026,2026-03-21T23:00:00.000Z,2344615,Sara Loda,Sara,Loda,17,2,active,False,False,False,False,False,,False,,False,,,,,,LOVB Houston,HTX,HTX,sapphire
2251818,2026,2026-03-21T23:00:00.000Z,2549003,Logan Lednicky,Logan,Lednicky,18,3,active,False,False,False,False,False,,False,,False,,,,,,LOVB Houston,HTX,HTX,sapphire
2251818,2026,2026-03-21T23:00:00.000Z,2349315,Jess Mruzik,Jess,Mruzik,19,2,active,False,False,False,False,True,5.0,True,5.0,True,2.0,,,,,LOVB Houston,HTX,HTX,sapphire
2251818,2026,2026-03-21T23:00:00.000Z,2336977,Jordan Thompson,Jordan,Thompson,23,3,active,False,False,True,False,True,4.0,True,4.0,True,4.0,,,,,LOVB Houston,HTX,HTX,sapphire
2251963,2026,2026-03-26T00:30:00.000Z,2344616,Karin Palgutova,Karin,Palgutova,2,2,active,False,False,False,False,False,,False,,False,,,,,,LOVB Houston,HTX,HTX,brightBlue
2251963,2026,2026-03-26T00:30:00.000Z,2344618,Amber Igiede,Amber,Igiede,3,4,active,False,False,False,False,True,6.0,True,6.0,True,6.0,,,,,LOVB Houston,HTX,HTX,brightBlue
2251963,2026,2026-03-26T00:30:00.000Z,2494722,Lauren Briseño,Lauren,Briseño,5,1,active,False,False,False,True,False,,False,,False,,,,,,LOVB Houston,HTX,HTX,brightBlue
2251963,2026,2026-03-26T00:30:00.000Z,2494723,Jazmine White,Jazmine,White,6,4,active,False,False,False,False,True,3.0,True,3.0,True,3.0,,,,,LOVB Houston,HTX,HTX,brightBlue
2251963,2026,2026-03-26T00:30:00.000Z,2344617,Raphaela Folie,Raphaela,Folie,7,4,active,False,False,False,False,False,,False,,False,,,,,,LOVB Houston,HTX,HTX,brightBlue
2251963,2026,2026-03-26T00:30:00.000Z,2344611,Kaisa Alanko,Kaisa,Alanko,8,5,active,False,False,False,False,True,1.0,True,1.0,True,1.0,,,,,LOVB Houston,HTX,HTX,brightBlue
2251963,2026,2026-03-26T00:30:00.000Z,2344614,Madi Rishel,Madi,Rishel,9,2,active,False,False,False,False,True,5.0,True,5.0,True,5.0,,,,,LOVB Houston,HTX,HTX,brightBlue
2251963,2026,2026-03-26T00:30:00.000Z,2539857,Maya Sands,Maya,Sands,10,1,active,False,False,False,False,False,,False,,False,,,,,,LOVB Houston,HTX,HTX,brightBlue
2251963,2026,2026-03-26T00:30:00.000Z,2344620,Anita Anwusi,Anita,Anwusi,11,4,active,False,False,False,False,False,,False,,False,,,,,,LOVB Houston,HTX,HTX,brightBlue
2251963,2026,2026-03-26T00:30:00.000Z,2336967,Micha Hancock,Micha,Hancock,12,5,active,False,False,True,False,False,,False,,False,,,,,,LOVB Houston,HTX,HTX,brightBlue
2251963,2026,2026-03-26T00:30:00.000Z,2344622,Julia Brown,Julia,Brown,14,2,active,False,False,False,False,False,,False,,False,,,,,,LOVB Houston,HTX,HTX,brightBlue
2251963,2026,2026-03-26T00:30:00.000Z,2623251,Maddie Waak,Maddie,Waak,16,5,active,False,False,False,False,False,,False,,False,,,,,,LOVB Houston,HTX,HTX,brightBlue
2251963,2026,2026-03-26T00:30:00.000Z,2344615,Sara Loda,Sara,Loda,17,2,active,False,False,False,False,False,,False,,False,,,,,,LOVB Houston,HTX,HTX,brightBlue
2251963,2026,2026-03-26T00:30:00.000Z,2549003,Logan Lednicky,Logan,Lednicky,18,3,active,False,False,False,False,False,,False,,False,,,,,,LOVB Houston,HTX,HTX,brightBlue
2251963,2026,2026-03-26T00:30:00.000Z,2349315,Jess Mruzik,Jess,Mruzik,19,2,active,False,False,False,False,True,2.0,True,2.0,True,2.0,,,,,LOVB Houston,HTX,HTX,brightBlue
2251963,2026,2026-03-26T00:30:00.000Z,2336977,Jordan Thompson,Jordan,Thompson,23,3,active,False,False,False,False,True,4.0,True,4.0,True,4.0,,,,,LOVB Houston,HTX,HTX,brightBlue
2251963,2026,2026-03-26T00:30:00.000Z,2344621,Grace Frohling,Grace,Frohling,1,3,reserve,False,False,False,False,False,,False,,False,,,,,,LOVB Houston,HTX,HTX,brightBlue
2251963,2026,2026-03-26T00:30:00.000Z,2336972,Justine Wong-Orantes,Justine,Wong-Orantes,4,1,reserve,False,False,False,False,False,,False,,False,,,,,,LOVB Houston,HTX,HTX,brightBlue
2251963,2026,2026-03-26T00:30:00.000Z,2336969,Jordyn Poulter,Jordyn,Poulter,1,5,active,False,False,True,False,True,1.0,True,1.0,False,,,,,,LOVB Salt Lake,SLC,SLC,brightYellow
2251963,2026,2026-03-26T00:30:00.000Z,2549041,Ifenna Cos-Okpalla,Ifenna,Cos-Okpalla,2,4,active,False,False,False,False,False,,False,,False,,,,,,LOVB Salt Lake,SLC,SLC,brightYellow
2251963,2026,2026-03-26T00:30:00.000Z,2344545,Dani Drews,Dani,Drews,3,2,active,False,False,False,False,False,,False,,False,,,,,,LOVB Salt Lake,SLC,SLC,brightYellow
2251963,2026,2026-03-26T00:30:00.000Z,2344547,Maddie Haynes,Maddie,Haynes,4,2,active,False,False,False,False,False,,False,,False,,,,,,LOVB Salt Lake,SLC,SLC,brightYellow
2251963,2026,2026-03-26T00:30:00.000Z,2344554,Skylar Fields,Skylar,Fields,5,3,active,False,False,False,False,False,,False,,False,,,,,,LOVB Salt Lake,SLC,SLC,brightYellow
2251963,2026,2026-03-26T00:30:00.000Z,2344551,Tori Dixon,Tori,Dixon,6,4,active,False,False,False,False,True,6.0,True,6.0,True,6.0,,,,,LOVB Salt Lake,SLC,SLC,brightYellow
2251963,2026,2026-03-26T00:30:00.000Z,2349080,Sophie Fischer,Sophie,Fischer,7,4,active,False,False,False,False,False,,False,,False,,,,,,LOVB Salt Lake,SLC,SLC,brightYellow
2251963,2026,2026-03-26T00:30:00.000Z,2494734,Alexa Gray,Alexa,Gray,9,2,active,False,False,False,False,True,2.0,True,2.0,True,2.0,,,,,LOVB Salt Lake,SLC,SLC,brightYellow
2251963,2026,2026-03-26T00:30:00.000Z,2344427,Madi Bugg,Madi,Bugg,10,5,active,False,False,False,False,False,,False,,True,1.0,,,,,LOVB Salt Lake,SLC,SLC,brightYellow
2251963,2026,2026-03-26T00:30:00.000Z,2344550,Serena Gray,Serena,Gray,11,4,active,False,False,False,False,True,3.0,True,3.0,True,3.0,,,,,LOVB Salt Lake,SLC,SLC,brightYellow
2251963,2026,2026-03-26T00:30:00.000Z,2344546,Roni Jones-Perry,Roni,Jones-Perry,12,2,active,False,False,False,False,False,,False,,False,,,,,,LOVB Salt Lake,SLC,SLC,brightYellow
2251963,2026,2026-03-26T00:30:00.000Z,2336979,Haleigh Washington,Haleigh,Washington,15,4,active,False,False,False,False,False,,False,,False,,,,,,LOVB Salt Lake,SLC,SLC,brightYellow
2251963,2026,2026-03-26T00:30:00.000Z,2342469,Manami Kojima,Manami,Kojima,16,1,active,False,False,False,True,False,,False,,False,,,,,,LOVB Salt Lake,SLC,SLC,brightYellow
2251963,2026,2026-03-26T00:30:00.000Z,2344544,Mary Lake,Mary,Lake,18,1,active,False,False,False,False,False,,False,,False,,,,,,LOVB Salt Lake,SLC,SLC,brightYellow
2251963,2026,2026-03-26T00:30:00.000Z,2344548,Claire Hoffman,Claire,Hoffman,21,2,active,False,False,False,False,True,5.0,True,5.0,True,5.0,,,,,LOVB Salt Lake,SLC,SLC,brightYellow
2251963,2026,2026-03-26T00:30:00.000Z,2344553,Heidy Casanova,Heidy,Casanova,33,3,active,False,False,False,False,True,4.0,True,4.0,True,4.0,,,,,LOVB Salt Lake,SLC,SLC,brightYellow
2251781,2026,2026-03-26T00:00:00.000Z,2344566,Piyanut Pannoy,Piyanut,Pannoy,2,1,active,False,False,False,False,False,,False,,False,,False,,False,,LOVB Atlanta,ATL,ATL,hotPink
2251781,2026,2026-03-26T00:00:00.000Z,2494718,Miroslava Paskova,Miroslava,Paskova,6,2,active,False,False,False,False,False,,False,,False,,False,,False,,LOVB Atlanta,ATL,ATL,hotPink
2251781,2026,2026-03-26T00:00:00.000Z,2494717,Ella May Powell,Ella May,Powell,7,5,active,False,False,False,False,False,,False,,False,,False,,False,,LOVB Atlanta,ATL,ATL,hotPink
2251781,2026,2026-03-26T00:00:00.000Z,2351343,Rachel Fairbanks,Rachel,Fairbanks,10,5,active,False,False,False,False,True,1.0,True,6.0,True,1.0,True,6.0,True,1.0,LOVB Atlanta,ATL,ATL,hotPink
2251781,2026,2026-03-26T00:00:00.000Z,2349081,Onye Ofoegbu,Onye,Ofoegbu,11,4,active,False,False,False,False,False,,False,,False,,False,,False,,LOVB Atlanta,ATL,ATL,hotPink
2251781,2026,2026-03-26T00:00:00.000Z,2344610,Carly DeHoog,Carly,DeHoog,12,3,active,False,False,False,False,False,,False,,False,,False,,False,,LOVB Atlanta,ATL,ATL,hotPink
2251781,2026,2026-03-26T00:00:00.000Z,2344425,McKenzie Adams,McKenzie,Adams,13,2,active,False,False,True,False,True,2.0,True,1.0,True,2.0,True,1.0,True,2.0,LOVB Atlanta,ATL,ATL,hotPink
2251781,2026,2026-03-26T00:00:00.000Z,2344570,Tia Jimerson,Tia,Jimerson,14,4,active,False,False,False,False,True,3.0,True,2.0,True,3.0,True,2.0,True,3.0,LOVB Atlanta,ATL,ATL,hotPink
2251781,2026,2026-03-26T00:00:00.000Z,2344573,Magdalena Jehlarova,Magdalena,Jehlarova,15,4,active,False,False,False,False,True,6.0,True,5.0,True,6.0,True,5.0,True,6.0,LOVB Atlanta,ATL,ATL,hotPink
2251781,2026,2026-03-26T00:00:00.000Z,2344567,Beatrice Negretti,Beatrice,Negretti,16,1,active,False,False,False,True,False,,False,,False,,False,,False,,LOVB Atlanta,ATL,ATL,hotPink
2251781,2026,2026-03-26T00:00:00.000Z,2344574,Tessa Grubbs,Tessa,Grubbs,17,3,active,False,False,False,False,False,,False,,False,,False,,False,,LOVB Atlanta,ATL,ATL,hotPink
2251781,2026,2026-03-26T00:00:00.000Z,2494721,Ivonee Montaño,Ivonee,Montaño,18,3,active,False,False,False,False,True,4.0,True,3.0,True,4.0,True,3.0,True,4.0,LOVB Atlanta,ATL,ATL,hotPink
2251781,2026,2026-03-26T00:00:00.000Z,2494720,Jess Robinson,Jess,Robinson,19,4,active,False,False,False,False,False,,False,,False,,False,,False,,LOVB Atlanta,ATL,ATL,hotPink
2251781,2026,2026-03-26T00:00:00.000Z,2494719,Julia Sangiacomo,Julia,Sangiacomo,22,2,active,False,False,False,False,True,5.0,True,4.0,True,5.0,True,4.0,False,,LOVB Atlanta,ATL,ATL,hotPink
2251781,2026,2026-03-26T00:00:00.000Z,2342511,Kelsey Cook,Kelsey,Cook,23,2,active,False,False,False,False,False,,False,,False,,False,,False,,LOVB Atlanta,ATL,ATL,hotPink
2251781,2026,2026-03-26T00:00:00.000Z,2548999,Eva Hudson,Eva,Hudson,27,2,active,False,False,False,False,False,,False,,False,,False,,True,5.0,LOVB Atlanta,ATL,ATL,hotPink
2251781,2026,2026-03-26T00:00:00.000Z,2349314,Lexi Rodriguez,Lexi,Rodriguez,1,1,active,False,False,False,True,False,,False,,False,,False,,False,,LOVB Nebraska,NEB,NEB,apple
2251781,2026,2026-03-26T00:00:00.000Z,2344593,Emily Thater,Emily,Thater,2,4,active,False,False,False,False,True,6.0,True,6.0,False,,False,,False,,LOVB Nebraska,NEB,NEB,apple
2251781,2026,2026-03-26T00:00:00.000Z,2344587,Annie Cesar,Annie,Cesar,3,1,active,False,False,False,False,False,,False,,False,,False,,False,,LOVB Nebraska,NEB,NEB,apple
2251781,2026,2026-03-26T00:00:00.000Z,2344590,Vicky Savard,Vicky,Savard,4,2,active,False,False,False,False,False,,False,,False,,False,,False,,LOVB Nebraska,NEB,NEB,apple
2251781,2026,2026-03-26T00:00:00.000Z,2344589,Jaali Winters,Jaali,Winters,5,2,active,False,False,False,False,False,,False,,False,,False,,False,,LOVB Nebraska,NEB,NEB,apple
2251781,2026,2026-03-26T00:00:00.000Z,2344596,Kimberly Drewniok,Kimberly,Drewniok,8,3,active,False,False,False,False,True,4.0,True,4.0,True,4.0,True,4.0,True,4.0,LOVB Nebraska,NEB,NEB,apple
2251781,2026,2026-03-26T00:00:00.000Z,2344564,Iga Wasilewska,Iga,Wasilewska,9,4,active,False,False,False,False,False,,False,,False,,False,,False,,LOVB Nebraska,NEB,NEB,apple
2251781,2026,2026-03-26T00:00:00.000Z,2336975,Jordan Larson,Jordan,Larson,10,2,active,False,False,True,False,True,2.0,True,2.0,True,2.0,True,2.0,True,2.0,LOVB Nebraska,NEB,NEB,apple
2251781,2026,2026-03-26T00:00:00.000Z,2494731,Anne Buijs,Anne,Buijs,11,2,active,False,False,False,False,True,5.0,True,5.0,True,5.0,True,5.0,True,5.0,LOVB Nebraska,NEB,NEB,apple
2251781,2026,2026-03-26T00:00:00.000Z,2344597,Audriana Fitzmorris,Audriana,Fitzmorris,12,3,active,False,False,False,False,False,,False,,False,,False,,False,,LOVB Nebraska,NEB,NEB,apple
2251781,2026,2026-03-26T00:00:00.000Z,2344586,Gabby Blossom,Gabby,Blossom,13,5,active,False,False,False,False,False,,False,,False,,False,,False,,LOVB Nebraska,NEB,NEB,apple
2251781,2026,2026-03-26T00:00:00.000Z,2344585,Laura Dijkema,Laura,Dijkema,14,5,active,False,False,False,False,True,1.0,True,1.0,True,1.0,True,1.0,True,1.0,LOVB Nebraska,NEB,NEB,apple
2251781,2026,2026-03-26T00:00:00.000Z,2494733,Ana Carolina Da Silva,Ana Carolina,Da Silva,15,4,active,False,False,False,False,True,3.0,True,3.0,True,6.0,True,6.0,True,6.0,LOVB Nebraska,NEB,NEB,apple
2251781,2026,2026-03-26T00:00:00.000Z,2344592,Candelaria Herrera,Candelaria,Herrera,17,4,active,False,False,False,False,False,,False,,True,3.0,True,3.0,True,3.0,LOVB Nebraska,NEB,NEB,apple
2251781,2026,2026-03-26T00:00:00.000Z,2494732,Alexis Hart,Alexis,Hart,19,2,active,False,False,False,False,False,,False,,False,,False,,False,,LOVB Nebraska,NEB,NEB,apple
2251781,2026,2026-03-26T00:00:00.000Z,2547881,Julia Hanson,Julia,Hanson,22,2,active,False,False,False,False,False,,False,,False,,False,,False,,LOVB Nebraska,NEB,NEB,apple
2251964,2026,2026-03-27T00:00:00.000Z,2344609,Khat Bell,Khat,Bell,1,3,active,False,False,False,False,False,,False,,False,,False,,,,LOVB Austin,ATX,ATX,violet
2251964,2026,2026-03-27T00:00:00.000Z,2344604,Leah Hardeman,Leah,Hardeman,2,2,active,False,False,False,False,False,,False,,False,,False,,,,LOVB Austin,ATX,ATX,violet
2251964,2026,2026-03-27T00:00:00.000Z,2344598,Carli Lloyd,Carli,Lloyd,3,5,active,False,False,False,False,True,3.0,True,3.0,True,3.0,True,1.0,,,LOVB Austin,ATX,ATX,violet
2251964,2026,2026-03-27T00:00:00.000Z,2344588,Madi Banks,Madi,Banks,4,2,active,False,False,False,False,True,1.0,True,1.0,True,1.0,True,5.0,,,LOVB Austin,ATX,ATX,violet
2251964,2026,2026-03-27T00:00:00.000Z,2344608,Molly McCage,Molly,McCage,5,4,active,False,False,False,False,True,5.0,True,5.0,True,5.0,True,3.0,,,LOVB Austin,ATX,ATX,violet
2251964,2026,2026-03-27T00:00:00.000Z,2349176,Madisen Skinner,Madisen,Skinner,6,3,active,False,False,False,False,True,6.0,True,6.0,True,6.0,True,4.0,,,LOVB Austin,ATX,ATX,violet
2251964,2026,2026-03-27T00:00:00.000Z,2344607,Asjia O'Neal,Asjia,O'Neal,7,4,active,False,False,False,False,True,2.0,True,2.0,True,2.0,True,6.0,,,LOVB Austin,ATX,ATX,violet
2251964,2026,2026-03-27T00:00:00.000Z,2344601,Zoe Jarvis,Zoe,Jarvis,10,1,active,False,False,False,False,False,,False,,False,,False,,,,LOVB Austin,ATX,ATX,violet
2251964,2026,2026-03-27T00:00:00.000Z,2494716,Isabella Bergmark,Isabella,Bergmark,11,4,active,False,False,False,False,False,,False,,False,,False,,,,LOVB Austin,ATX,ATX,violet
2251964,2026,2026-03-27T00:00:00.000Z,2344606,Juliann Faucette,Juliann,Faucette,13,3,active,False,False,True,False,False,,False,,False,,False,,,,LOVB Austin,ATX,ATX,violet
2251964,2026,2026-03-27T00:00:00.000Z,2344602,Kotoe Inoue,Kotoe,Inoue,15,1,active,False,False,False,True,False,,False,,False,,False,,,,LOVB Austin,ATX,ATX,violet
2251964,2026,2026-03-27T00:00:00.000Z,2494714,Brie O'Reilly,Brie,O'Reilly,17,5,active,False,False,False,False,False,,False,,False,,False,,,,LOVB Austin,ATX,ATX,violet
2251964,2026,2026-03-27T00:00:00.000Z,2547939,Bailey Miller,Bailey,Miller,22,2,active,False,False,False,False,False,,False,,False,,False,,,,LOVB Austin,ATX,ATX,violet
2251964,2026,2026-03-27T00:00:00.000Z,2344599,Logan Eggleston,Logan,Eggleston,33,2,active,False,False,False,False,True,4.0,True,4.0,True,4.0,True,2.0,,,LOVB Austin,ATX,ATX,violet
2251964,2026,2026-03-27T00:00:00.000Z,2336999,Magdalena Jurczyk,Magdalena,Jurczyk,95,4,active,False,False,False,False,False,,False,,False,,False,,,,LOVB Austin,ATX,ATX,violet
2251964,2026,2026-03-27T00:00:00.000Z,2494725,Indre Sorokaite,Indre,Sorokaite,1,2,active,False,False,False,False,False,,False,,True,3.0,True,5.0,,,LOVB Madison,MAD,MAD,babyBlue
2251964,2026,2026-03-27T00:00:00.000Z,2342510,Anna Hall,Anna,Hall,2,4,active,False,False,False,False,False,,False,,True,5.0,True,1.0,,,LOVB Madison,MAD,MAD,babyBlue
2251964,2026,2026-03-27T00:00:00.000Z,2344581,Mariena Hayden,Mariena,Hayden,3,2,active,False,False,False,False,False,,False,,False,,False,,,,LOVB Madison,MAD,MAD,babyBlue
2251964,2026,2026-03-27T00:00:00.000Z,2344577,Milica Medved,Milica,Medved,4,1,active,False,False,False,True,False,,False,,False,,False,,,,LOVB Madison,MAD,MAD,babyBlue
2251964,2026,2026-03-27T00:00:00.000Z,2547943,Rebekah Allick,Rebekah,Allick,5,4,active,False,False,False,False,True,3.0,True,5.0,True,2.0,True,4.0,,,LOVB Madison,MAD,MAD,babyBlue
2251964,2026,2026-03-27T00:00:00.000Z,2494729,Gong Xiangyu,Gong,Xiangyu,6,3,active,False,False,False,False,False,,False,,False,,False,,,,LOVB Madison,MAD,MAD,babyBlue
2251964,2026,2026-03-27T00:00:00.000Z,2342508,Lauren Carlini,Lauren,Carlini,7,5,active,False,False,True,False,True,1.0,True,3.0,True,6.0,True,2.0,,,LOVB Madison,MAD,MAD,babyBlue
2251964,2026,2026-03-27T00:00:00.000Z,2494724,Argentina Ung,Argentina,Ung,8,5,active,False,False,False,False,False,,False,,False,,False,,,,LOVB Madison,MAD,MAD,babyBlue
2251964,2026,2026-03-27T00:00:00.000Z,2344580,Claire Chaussee,Claire,Chaussee,9,2,active,False,False,False,False,False,,False,,False,,False,,,,LOVB Madison,MAD,MAD,babyBlue
2251964,2026,2026-03-27T00:00:00.000Z,2494727,Annayka Legros,Annayka,Legros,10,4,active,False,False,False,False,False,,False,,False,,False,,,,LOVB Madison,MAD,MAD,babyBlue
2251964,2026,2026-03-27T00:00:00.000Z,2344612,Anna Pogany,Anna,Pogany,11,1,active,False,False,False,False,False,,False,,False,,False,,,,LOVB Madison,MAD,MAD,babyBlue
2251964,2026,2026-03-27T00:00:00.000Z,2344582,Temi Thomas-Ailara,Temi,Thomas-Ailara,12,3,active,False,False,False,False,True,4.0,True,6.0,True,4.0,True,6.0,,,LOVB Madison,MAD,MAD,babyBlue
2251964,2026,2026-03-27T00:00:00.000Z,2344605,Anna Haak,Anna,Haak,17,2,active,False,False,False,False,True,5.0,True,1.0,True,1.0,True,3.0,,,LOVB Madison,MAD,MAD,babyBlue
2251964,2026,2026-03-27T00:00:00.000Z,2494726,Andrea Mitrovic,Andrea,Mitrovic,21,2,active,False,False,False,False,True,2.0,True,4.0,False,,False,,,,LOVB Madison,MAD,MAD,babyBlue
2251964,2026,2026-03-27T00:00:00.000Z,2623252,Gillian Grimes,Gillian,Grimes,23,1,active,False,False,False,True,False,,False,,False,,False,,,,LOVB Madison,MAD,MAD,babyBlue
2251964,2026,2026-03-27T00:00:00.000Z,2494728,Callie Schwarzenbach,Callie,Schwarzenbach,25,4,active,False,False,False,False,True,6.0,True,2.0,False,,False,,,,LOVB Madison,MAD,MAD,babyBlue
2251964,2026,2026-03-27T00:00:00.000Z,2349077,Ana B Correa,Ana B,Correa,27,4,active,False,False,False,False,False,,False,,False,,False,,,,LOVB Madison,MAD,MAD,babyBlue
2251965,2026,2026-03-28T21:00:00.000Z,2344566,Piyanut Pannoy,Piyanut,Pannoy,2,1,active,False,False,False,True,False,,False,,False,,,,,,LOVB Atlanta,ATL,ATL,hotPink
2251965,2026,2026-03-28T21:00:00.000Z,2494718,Miroslava Paskova,Miroslava,Paskova,6,2,active,False,False,False,False,False,,False,,False,,,,,,LOVB Atlanta,ATL,ATL,hotPink
2251965,2026,2026-03-28T21:00:00.000Z,2494717,Ella May Powell,Ella May,Powell,7,5,active,False,False,False,False,False,,False,,False,,,,,,LOVB Atlanta,ATL,ATL,hotPink
2251965,2026,2026-03-28T21:00:00.000Z,2351343,Rachel Fairbanks,Rachel,Fairbanks,10,5,active,False,False,False,False,True,1.0,True,1.0,True,1.0,,,,,LOVB Atlanta,ATL,ATL,hotPink
2251965,2026,2026-03-28T21:00:00.000Z,2349081,Onye Ofoegbu,Onye,Ofoegbu,11,4,active,False,False,False,False,False,,False,,False,,,,,,LOVB Atlanta,ATL,ATL,hotPink
2251965,2026,2026-03-28T21:00:00.000Z,2344610,Carly DeHoog,Carly,DeHoog,12,3,active,False,False,False,False,False,,False,,False,,,,,,LOVB Atlanta,ATL,ATL,hotPink
2251965,2026,2026-03-28T21:00:00.000Z,2344425,McKenzie Adams,McKenzie,Adams,13,2,active,False,False,True,False,True,2.0,True,2.0,True,2.0,,,,,LOVB Atlanta,ATL,ATL,hotPink
2251965,2026,2026-03-28T21:00:00.000Z,2344570,Tia Jimerson,Tia,Jimerson,14,4,active,False,False,False,False,True,3.0,True,3.0,True,3.0,,,,,LOVB Atlanta,ATL,ATL,hotPink
2251965,2026,2026-03-28T21:00:00.000Z,2344573,Magdalena Jehlarova,Magdalena,Jehlarova,15,4,active,False,False,False,False,True,6.0,True,6.0,True,6.0,,,,,LOVB Atlanta,ATL,ATL,hotPink
2251965,2026,2026-03-28T21:00:00.000Z,2344567,Beatrice Negretti,Beatrice,Negretti,16,1,active,False,False,False,False,False,,False,,False,,,,,,LOVB Atlanta,ATL,ATL,hotPink
2251965,2026,2026-03-28T21:00:00.000Z,2344574,Tessa Grubbs,Tessa,Grubbs,17,3,active,False,False,False,False,False,,False,,False,,,,,,LOVB Atlanta,ATL,ATL,hotPink
2251965,2026,2026-03-28T21:00:00.000Z,2494721,Ivonee Montaño,Ivonee,Montaño,18,3,active,False,False,False,False,True,4.0,True,4.0,True,4.0,,,,,LOVB Atlanta,ATL,ATL,hotPink
2251965,2026,2026-03-28T21:00:00.000Z,2494720,Jess Robinson,Jess,Robinson,19,4,active,False,False,False,False,False,,False,,False,,,,,,LOVB Atlanta,ATL,ATL,hotPink
2251965,2026,2026-03-28T21:00:00.000Z,2494719,Julia Sangiacomo,Julia,Sangiacomo,22,2,active,False,False,False,False,True,5.0,True,5.0,True,5.0,,,,,LOVB Atlanta,ATL,ATL,hotPink
2251965,2026,2026-03-28T21:00:00.000Z,2342511,Kelsey Cook,Kelsey,Cook,23,2,active,False,False,False,False,False,,False,,False,,,,,,LOVB Atlanta,ATL,ATL,hotPink
2251965,2026,2026-03-28T21:00:00.000Z,2548999,Eva Hudson,Eva,Hudson,27,2,active,False,False,False,False,False,,False,,False,,,,,,LOVB Atlanta,ATL,ATL,hotPink
2251965,2026,2026-03-28T21:00:00.000Z,2494725,Indre Sorokaite,Indre,Sorokaite,1,2,active,False,False,False,False,False,,False,,False,,,,,,LOVB Madison,MAD,MAD,babyBlue
2251965,2026,2026-03-28T21:00:00.000Z,2342510,Anna Hall,Anna,Hall,2,4,active,False,False,False,False,False,,False,,True,2.0,,,,,LOVB Madison,MAD,MAD,babyBlue
2251965,2026,2026-03-28T21:00:00.000Z,2344581,Mariena Hayden,Mariena,Hayden,3,2,active,False,False,False,False,False,,False,,False,,,,,,LOVB Madison,MAD,MAD,babyBlue
2251965,2026,2026-03-28T21:00:00.000Z,2344577,Milica Medved,Milica,Medved,4,1,active,False,False,False,True,False,,False,,False,,,,,,LOVB Madison,MAD,MAD,babyBlue
2251965,2026,2026-03-28T21:00:00.000Z,2547943,Rebekah Allick,Rebekah,Allick,5,4,active,False,False,False,False,True,3.0,True,1.0,True,5.0,,,,,LOVB Madison,MAD,MAD,babyBlue
2251965,2026,2026-03-28T21:00:00.000Z,2494729,Gong Xiangyu,Gong,Xiangyu,6,3,active,False,False,False,False,True,4.0,True,2.0,True,3.0,,,,,LOVB Madison,MAD,MAD,babyBlue
2251965,2026,2026-03-28T21:00:00.000Z,2342508,Lauren Carlini,Lauren,Carlini,7,5,active,False,False,True,False,True,1.0,True,5.0,True,6.0,,,,,LOVB Madison,MAD,MAD,babyBlue
2251965,2026,2026-03-28T21:00:00.000Z,2494724,Argentina Ung,Argentina,Ung,8,5,active,False,False,False,False,False,,False,,False,,,,,,LOVB Madison,MAD,MAD,babyBlue
2251965,2026,2026-03-28T21:00:00.000Z,2344580,Claire Chaussee,Claire,Chaussee,9,2,active,False,False,False,False,False,,False,,False,,,,,,LOVB Madison,MAD,MAD,babyBlue
2251965,2026,2026-03-28T21:00:00.000Z,2494727,Annayka Legros,Annayka,Legros,10,4,active,False,False,False,False,False,,False,,False,,,,,,LOVB Madison,MAD,MAD,babyBlue
2251965,2026,2026-03-28T21:00:00.000Z,2344612,Anna Pogany,Anna,Pogany,11,1,active,False,False,False,False,False,,False,,False,,,,,,LOVB Madison,MAD,MAD,babyBlue
2251965,2026,2026-03-28T21:00:00.000Z,2344582,Temi Thomas-Ailara,Temi,Thomas-Ailara,12,3,active,False,False,False,False,True,5.0,True,3.0,True,4.0,,,,,LOVB Madison,MAD,MAD,babyBlue
2251965,2026,2026-03-28T21:00:00.000Z,2344605,Anna Haak,Anna,Haak,17,2,active,False,False,False,False,True,2.0,True,6.0,True,1.0,,,,,LOVB Madison,MAD,MAD,babyBlue
2251965,2026,2026-03-28T21:00:00.000Z,2494726,Andrea Mitrovic,Andrea,Mitrovic,21,2,active,False,False,False,False,False,,False,,False,,,,,,LOVB Madison,MAD,MAD,babyBlue
2251965,2026,2026-03-28T21:00:00.000Z,2623252,Gillian Grimes,Gillian,Grimes,23,1,active,False,False,False,True,False,,False,,False,,,,,,LOVB Madison,MAD,MAD,babyBlue
2251965,2026,2026-03-28T21:00:00.000Z,2494728,Callie Schwarzenbach,Callie,Schwarzenbach,25,4,active,False,False,False,False,True,6.0,True,4.0,False,,,,,,LOVB Madison,MAD,MAD,babyBlue
2251965,2026,2026-03-28T21:00:00.000Z,2349077,Ana B Correa,Ana B,Correa,27,4,active,False,False,False,False,False,,False,,False,,,,,,LOVB Madison,MAD,MAD,babyBlue
2251966,2026,2026-03-28T21:30:00.000Z,2349314,Lexi Rodriguez,Lexi,Rodriguez,1,1,active,False,False,False,True,False,,False,,False,,,,,,LOVB Nebraska,NEB,NEB,apple
2251966,2026,2026-03-28T21:30:00.000Z,2344593,Emily Thater,Emily,Thater,2,4,active,False,False,False,False,False,,False,,False,,,,,,LOVB Nebraska,NEB,NEB,apple
2251966,2026,2026-03-28T21:30:00.000Z,2344587,Annie Cesar,Annie,Cesar,3,1,active,False,False,False,False,False,,False,,False,,,,,,LOVB Nebraska,NEB,NEB,apple
2251966,2026,2026-03-28T21:30:00.000Z,2344590,Vicky Savard,Vicky,Savard,4,2,active,False,False,False,False,False,,False,,False,,,,,,LOVB Nebraska,NEB,NEB,apple
2251966,2026,2026-03-28T21:30:00.000Z,2344589,Jaali Winters,Jaali,Winters,5,2,active,False,False,False,False,False,,False,,False,,,,,,LOVB Nebraska,NEB,NEB,apple
2251966,2026,2026-03-28T21:30:00.000Z,2344596,Kimberly Drewniok,Kimberly,Drewniok,8,3,active,False,False,False,False,True,4.0,True,4.0,True,4.0,,,,,LOVB Nebraska,NEB,NEB,apple
2251966,2026,2026-03-28T21:30:00.000Z,2344564,Iga Wasilewska,Iga,Wasilewska,9,4,active,False,False,False,False,False,,False,,False,,,,,,LOVB Nebraska,NEB,NEB,apple
2251966,2026,2026-03-28T21:30:00.000Z,2336975,Jordan Larson,Jordan,Larson,10,2,active,False,False,True,False,True,2.0,True,2.0,True,2.0,,,,,LOVB Nebraska,NEB,NEB,apple
2251966,2026,2026-03-28T21:30:00.000Z,2494731,Anne Buijs,Anne,Buijs,11,2,active,False,False,False,False,True,5.0,True,5.0,True,5.0,,,,,LOVB Nebraska,NEB,NEB,apple
2251966,2026,2026-03-28T21:30:00.000Z,2344597,Audriana Fitzmorris,Audriana,Fitzmorris,12,3,active,False,False,False,False,False,,False,,False,,,,,,LOVB Nebraska,NEB,NEB,apple
2251966,2026,2026-03-28T21:30:00.000Z,2344586,Gabby Blossom,Gabby,Blossom,13,5,active,False,False,False,False,False,,False,,False,,,,,,LOVB Nebraska,NEB,NEB,apple
2251966,2026,2026-03-28T21:30:00.000Z,2344585,Laura Dijkema,Laura,Dijkema,14,5,active,False,False,False,False,True,1.0,True,1.0,True,1.0,,,,,LOVB Nebraska,NEB,NEB,apple
2251966,2026,2026-03-28T21:30:00.000Z,2494733,Ana Carolina Da Silva,Ana Carolina,Da Silva,15,4,active,False,False,False,False,True,6.0,True,6.0,True,6.0,,,,,LOVB Nebraska,NEB,NEB,apple
2251966,2026,2026-03-28T21:30:00.000Z,2344592,Candelaria Herrera,Candelaria,Herrera,17,4,active,False,False,False,False,True,3.0,True,3.0,True,3.0,,,,,LOVB Nebraska,NEB,NEB,apple
2251966,2026,2026-03-28T21:30:00.000Z,2494732,Alexis Hart,Alexis,Hart,19,2,active,False,False,False,False,False,,False,,False,,,,,,LOVB Nebraska,NEB,NEB,apple
2251966,2026,2026-03-28T21:30:00.000Z,2547881,Julia Hanson,Julia,Hanson,22,2,active,False,False,False,False,False,,False,,False,,,,,,LOVB Nebraska,NEB,NEB,apple
2251966,2026,2026-03-28T21:30:00.000Z,2336969,Jordyn Poulter,Jordyn,Poulter,1,5,active,False,False,True,False,True,3.0,True,3.0,True,3.0,,,,,LOVB Salt Lake,SLC,SLC,brightYellow
2251966,2026,2026-03-28T21:30:00.000Z,2549041,Ifenna Cos-Okpalla,Ifenna,Cos-Okpalla,2,4,active,False,False,False,False,False,,False,,False,,,,,,LOVB Salt Lake,SLC,SLC,brightYellow
2251966,2026,2026-03-28T21:30:00.000Z,2344545,Dani Drews,Dani,Drews,3,2,active,False,False,False,False,False,,False,,False,,,,,,LOVB Salt Lake,SLC,SLC,brightYellow
2251966,2026,2026-03-28T21:30:00.000Z,2344547,Maddie Haynes,Maddie,Haynes,4,2,active,False,False,False,False,False,,False,,False,,,,,,LOVB Salt Lake,SLC,SLC,brightYellow
2251966,2026,2026-03-28T21:30:00.000Z,2344554,Skylar Fields,Skylar,Fields,5,3,active,False,False,False,False,False,,False,,False,,,,,,LOVB Salt Lake,SLC,SLC,brightYellow
2251966,2026,2026-03-28T21:30:00.000Z,2344551,Tori Dixon,Tori,Dixon,6,4,active,False,False,False,False,True,2.0,True,2.0,True,2.0,,,,,LOVB Salt Lake,SLC,SLC,brightYellow
2251966,2026,2026-03-28T21:30:00.000Z,2349080,Sophie Fischer,Sophie,Fischer,7,4,active,False,False,False,False,False,,False,,False,,,,,,LOVB Salt Lake,SLC,SLC,brightYellow
2251966,2026,2026-03-28T21:30:00.000Z,2494734,Alexa Gray,Alexa,Gray,9,2,active,False,False,False,False,True,4.0,True,4.0,True,4.0,,,,,LOVB Salt Lake,SLC,SLC,brightYellow
2251966,2026,2026-03-28T21:30:00.000Z,2344427,Madi Bugg,Madi,Bugg,10,5,active,False,False,False,False,False,,False,,False,,,,,,LOVB Salt Lake,SLC,SLC,brightYellow
2251966,2026,2026-03-28T21:30:00.000Z,2344550,Serena Gray,Serena,Gray,11,4,active,False,False,False,False,True,5.0,True,5.0,True,5.0,,,,,LOVB Salt Lake,SLC,SLC,brightYellow
2251966,2026,2026-03-28T21:30:00.000Z,2344546,Roni Jones-Perry,Roni,Jones-Perry,12,2,active,False,False,False,False,False,,False,,False,,,,,,LOVB Salt Lake,SLC,SLC,brightYellow
2251966,2026,2026-03-28T21:30:00.000Z,2336979,Haleigh Washington,Haleigh,Washington,15,4,active,False,False,False,False,False,,False,,False,,,,,,LOVB Salt Lake,SLC,SLC,brightYellow
2251966,2026,2026-03-28T21:30:00.000Z,2342469,Manami Kojima,Manami,Kojima,16,1,active,False,False,False,True,False,,False,,False,,,,,,LOVB Salt Lake,SLC,SLC,brightYellow
2251966,2026,2026-03-28T21:30:00.000Z,2344544,Mary Lake,Mary,Lake,18,1,active,False,False,False,False,False,,False,,False,,,,,,LOVB Salt Lake,SLC,SLC,brightYellow
2251966,2026,2026-03-28T21:30:00.000Z,2344548,Claire Hoffman,Claire,Hoffman,21,2,active,False,False,False,False,True,1.0,True,1.0,True,1.0,,,,,LOVB Salt Lake,SLC,SLC,brightYellow
2251966,2026,2026-03-28T21:30:00.000Z,2344553,Heidy Casanova,Heidy,Casanova,33,3,active,False,False,False,False,True,6.0,True,6.0,True,6.0,,,,,LOVB Salt Lake,SLC,SLC,brightYellow
2251967,2026,2026-04-02T00:00:00.000Z,2349314,Lexi Rodriguez,Lexi,Rodriguez,1,1,active,False,False,False,True,False,,False,,False,,False,,,,LOVB Nebraska,NEB,NEB,apple
2251967,2026,2026-04-02T00:00:00.000Z,2344593,Emily Thater,Emily,Thater,2,4,active,False,False,False,False,False,,False,,False,,False,,,,LOVB Nebraska,NEB,NEB,apple
2251967,2026,2026-04-02T00:00:00.000Z,2344587,Annie Cesar,Annie,Cesar,3,1,active,False,False,False,False,False,,False,,False,,False,,,,LOVB Nebraska,NEB,NEB,apple
2251967,2026,2026-04-02T00:00:00.000Z,2344590,Vicky Savard,Vicky,Savard,4,2,active,False,False,False,False,False,,False,,False,,False,,,,LOVB Nebraska,NEB,NEB,apple
2251967,2026,2026-04-02T00:00:00.000Z,2344589,Jaali Winters,Jaali,Winters,5,2,active,False,False,False,False,False,,False,,False,,False,,,,LOVB Nebraska,NEB,NEB,apple
2251967,2026,2026-04-02T00:00:00.000Z,2344596,Kimberly Drewniok,Kimberly,Drewniok,8,3,active,False,False,False,False,True,4.0,True,4.0,True,4.0,True,4.0,,,LOVB Nebraska,NEB,NEB,apple
2251967,2026,2026-04-02T00:00:00.000Z,2344564,Iga Wasilewska,Iga,Wasilewska,9,4,active,False,False,False,False,False,,False,,False,,False,,,,LOVB Nebraska,NEB,NEB,apple
2251967,2026,2026-04-02T00:00:00.000Z,2336975,Jordan Larson,Jordan,Larson,10,2,active,False,False,True,False,True,2.0,True,2.0,True,2.0,True,2.0,,,LOVB Nebraska,NEB,NEB,apple
2251967,2026,2026-04-02T00:00:00.000Z,2494731,Anne Buijs,Anne,Buijs,11,2,active,False,False,False,False,True,5.0,True,5.0,True,5.0,True,5.0,,,LOVB Nebraska,NEB,NEB,apple
2251967,2026,2026-04-02T00:00:00.000Z,2344597,Audriana Fitzmorris,Audriana,Fitzmorris,12,3,active,False,False,False,False,False,,False,,False,,False,,,,LOVB Nebraska,NEB,NEB,apple
2251967,2026,2026-04-02T00:00:00.000Z,2344586,Gabby Blossom,Gabby,Blossom,13,5,active,False,False,False,False,False,,False,,False,,False,,,,LOVB Nebraska,NEB,NEB,apple
2251967,2026,2026-04-02T00:00:00.000Z,2344585,Laura Dijkema,Laura,Dijkema,14,5,active,False,False,False,False,True,1.0,True,1.0,True,1.0,True,1.0,,,LOVB Nebraska,NEB,NEB,apple
2251967,2026,2026-04-02T00:00:00.000Z,2494733,Ana Carolina Da Silva,Ana Carolina,Da Silva,15,4,active,False,False,False,False,True,6.0,True,6.0,True,6.0,True,6.0,,,LOVB Nebraska,NEB,NEB,apple
2251967,2026,2026-04-02T00:00:00.000Z,2344592,Candelaria Herrera,Candelaria,Herrera,17,4,active,False,False,False,False,True,3.0,True,3.0,True,3.0,True,3.0,,,LOVB Nebraska,NEB,NEB,apple
2251967,2026,2026-04-02T00:00:00.000Z,2494732,Alexis Hart,Alexis,Hart,19,2,active,False,False,False,False,False,,False,,False,,False,,,,LOVB Nebraska,NEB,NEB,apple
2251967,2026,2026-04-02T00:00:00.000Z,2547881,Julia Hanson,Julia,Hanson,22,2,active,False,False,False,False,False,,False,,False,,False,,,,LOVB Nebraska,NEB,NEB,apple
2251967,2026,2026-04-02T00:00:00.000Z,2344621,Grace Frohling,Grace,Frohling,1,3,active,False,False,False,False,False,,False,,False,,False,,,,LOVB Houston,HTX,HTX,brightBlue
2251967,2026,2026-04-02T00:00:00.000Z,2344616,Karin Palgutova,Karin,Palgutova,2,2,active,False,False,False,False,False,,False,,False,,True,2.0,,,LOVB Houston,HTX,HTX,brightBlue
2251967,2026,2026-04-02T00:00:00.000Z,2344618,Amber Igiede,Amber,Igiede,3,4,active,False,False,False,False,True,6.0,True,6.0,True,6.0,True,6.0,,,LOVB Houston,HTX,HTX,brightBlue
2251967,2026,2026-04-02T00:00:00.000Z,2336972,Justine Wong-Orantes,Justine,Wong-Orantes,4,1,active,False,False,False,False,False,,False,,False,,False,,,,LOVB Houston,HTX,HTX,brightBlue
2251967,2026,2026-04-02T00:00:00.000Z,2494722,Lauren Briseño,Lauren,Briseño,5,1,active,False,False,False,True,False,,False,,False,,False,,,,LOVB Houston,HTX,HTX,brightBlue
2251967,2026,2026-04-02T00:00:00.000Z,2494723,Jazmine White,Jazmine,White,6,4,active,False,False,False,False,True,3.0,True,3.0,True,3.0,True,3.0,,,LOVB Houston,HTX,HTX,brightBlue
2251967,2026,2026-04-02T00:00:00.000Z,2344617,Raphaela Folie,Raphaela,Folie,7,4,active,False,False,False,False,False,,False,,False,,False,,,,LOVB Houston,HTX,HTX,brightBlue
2251967,2026,2026-04-02T00:00:00.000Z,2344611,Kaisa Alanko,Kaisa,Alanko,8,5,active,False,False,False,False,True,1.0,True,1.0,True,1.0,False,,,,LOVB Houston,HTX,HTX,brightBlue
2251967,2026,2026-04-02T00:00:00.000Z,2344614,Madi Rishel,Madi,Rishel,9,2,active,False,False,False,False,True,5.0,True,5.0,True,2.0,False,,,,LOVB Houston,HTX,HTX,brightBlue
2251967,2026,2026-04-02T00:00:00.000Z,2539857,Maya Sands,Maya,Sands,10,1,active,False,False,False,False,False,,False,,False,,False,,,,LOVB Houston,HTX,HTX,brightBlue
2251967,2026,2026-04-02T00:00:00.000Z,2344620,Anita Anwusi,Anita,Anwusi,11,4,active,False,False,False,False,False,,False,,False,,False,,,,LOVB Houston,HTX,HTX,brightBlue
2251967,2026,2026-04-02T00:00:00.000Z,2336967,Micha Hancock,Micha,Hancock,12,5,active,False,False,False,False,False,,False,,False,,True,1.0,,,LOVB Houston,HTX,HTX,brightBlue
2251967,2026,2026-04-02T00:00:00.000Z,2344622,Julia Brown,Julia,Brown,14,2,active,False,False,False,False,False,,False,,False,,False,,,,LOVB Houston,HTX,HTX,brightBlue
2251967,2026,2026-04-02T00:00:00.000Z,2623251,Maddie Waak,Maddie,Waak,16,5,active,False,False,False,False,False,,False,,False,,False,,,,LOVB Houston,HTX,HTX,brightBlue
2251967,2026,2026-04-02T00:00:00.000Z,2344615,Sara Loda,Sara,Loda,17,2,active,False,False,False,False,False,,False,,False,,False,,,,LOVB Houston,HTX,HTX,brightBlue
2251967,2026,2026-04-02T00:00:00.000Z,2549003,Logan Lednicky,Logan,Lednicky,18,3,active,False,False,False,False,False,,False,,False,,False,,,,LOVB Houston,HTX,HTX,brightBlue
2251967,2026,2026-04-02T00:00:00.000Z,2349315,Jess Mruzik,Jess,Mruzik,19,2,active,False,False,False,False,True,2.0,True,2.0,True,5.0,True,5.0,,,LOVB Houston,HTX,HTX,brightBlue
2251967,2026,2026-04-02T00:00:00.000Z,2336977,Jordan Thompson,Jordan,Thompson,23,3,active,False,False,True,False,True,4.0,True,4.0,True,4.0,True,4.0,,,LOVB Houston,HTX,HTX,brightBlue
2251968,2026,2026-04-03T00:00:00.000Z,2344609,Khat Bell,Khat,Bell,1,3,active,False,False,False,False,False,,False,,False,,,,,,LOVB Austin,ATX,ATX,violet
2251968,2026,2026-04-03T00:00:00.000Z,2344604,Leah Hardeman,Leah,Hardeman,2,2,active,False,False,False,False,False,,False,,False,,,,,,LOVB Austin,ATX,ATX,violet
2251968,2026,2026-04-03T00:00:00.000Z,2344598,Carli Lloyd,Carli,Lloyd,3,5,active,False,False,False,False,True,1.0,True,1.0,True,1.0,,,,,LOVB Austin,ATX,ATX,violet
2251968,2026,2026-04-03T00:00:00.000Z,2344588,Madi Banks,Madi,Banks,4,2,active,False,False,False,False,True,5.0,True,5.0,True,5.0,,,,,LOVB Austin,ATX,ATX,violet
2251968,2026,2026-04-03T00:00:00.000Z,2344608,Molly McCage,Molly,McCage,5,4,active,False,False,False,False,True,3.0,True,3.0,True,3.0,,,,,LOVB Austin,ATX,ATX,violet
2251968,2026,2026-04-03T00:00:00.000Z,2349176,Madisen Skinner,Madisen,Skinner,6,3,active,False,False,False,False,True,4.0,True,4.0,True,4.0,,,,,LOVB Austin,ATX,ATX,violet
2251968,2026,2026-04-03T00:00:00.000Z,2344607,Asjia O'Neal,Asjia,O'Neal,7,4,active,False,False,False,False,True,6.0,True,6.0,True,6.0,,,,,LOVB Austin,ATX,ATX,violet
2251968,2026,2026-04-03T00:00:00.000Z,2344601,Zoe Jarvis,Zoe,Jarvis,10,1,active,False,False,False,False,False,,False,,False,,,,,,LOVB Austin,ATX,ATX,violet
2251968,2026,2026-04-03T00:00:00.000Z,2494716,Isabella Bergmark,Isabella,Bergmark,11,4,active,False,False,False,False,False,,False,,False,,,,,,LOVB Austin,ATX,ATX,violet
2251968,2026,2026-04-03T00:00:00.000Z,2344606,Juliann Faucette,Juliann,Faucette,13,3,active,False,False,True,False,False,,False,,False,,,,,,LOVB Austin,ATX,ATX,violet
2251968,2026,2026-04-03T00:00:00.000Z,2344602,Kotoe Inoue,Kotoe,Inoue,15,1,active,False,False,False,False,False,,False,,False,,,,,,LOVB Austin,ATX,ATX,violet
2251968,2026,2026-04-03T00:00:00.000Z,2494714,Brie O'Reilly,Brie,O'Reilly,17,5,active,False,False,False,False,False,,False,,False,,,,,,LOVB Austin,ATX,ATX,violet
2251968,2026,2026-04-03T00:00:00.000Z,2547939,Bailey Miller,Bailey,Miller,22,2,active,False,False,False,False,False,,False,,False,,,,,,LOVB Austin,ATX,ATX,violet
2251968,2026,2026-04-03T00:00:00.000Z,2344599,Logan Eggleston,Logan,Eggleston,33,2,active,False,False,False,False,True,2.0,True,2.0,True,2.0,,,,,LOVB Austin,ATX,ATX,violet
2251968,2026,2026-04-03T00:00:00.000Z,2336999,Magdalena Jurczyk,Magdalena,Jurczyk,95,4,active,False,False,False,False,False,,False,,False,,,,,,LOVB Austin,ATX,ATX,violet
2251968,2026,2026-04-03T00:00:00.000Z,2336969,Jordyn Poulter,Jordyn,Poulter,1,5,active,False,False,True,False,True,1.0,True,2.0,True,1.0,,,,,LOVB Salt Lake,SLC,SLC,brightYellow
2251968,2026,2026-04-03T00:00:00.000Z,2549041,Ifenna Cos-Okpalla,Ifenna,Cos-Okpalla,2,4,active,False,False,False,False,False,,False,,False,,,,,,LOVB Salt Lake,SLC,SLC,brightYellow
2251968,2026,2026-04-03T00:00:00.000Z,2344545,Dani Drews,Dani,Drews,3,2,active,False,False,False,False,False,,False,,False,,,,,,LOVB Salt Lake,SLC,SLC,brightYellow
2251968,2026,2026-04-03T00:00:00.000Z,2344547,Maddie Haynes,Maddie,Haynes,4,2,active,False,False,False,False,False,,False,,False,,,,,,LOVB Salt Lake,SLC,SLC,brightYellow
2251968,2026,2026-04-03T00:00:00.000Z,2344554,Skylar Fields,Skylar,Fields,5,3,active,False,False,False,False,False,,False,,False,,,,,,LOVB Salt Lake,SLC,SLC,brightYellow
2251968,2026,2026-04-03T00:00:00.000Z,2344551,Tori Dixon,Tori,Dixon,6,4,active,False,False,False,False,True,6.0,True,1.0,True,6.0,,,,,LOVB Salt Lake,SLC,SLC,brightYellow
2251968,2026,2026-04-03T00:00:00.000Z,2349080,Sophie Fischer,Sophie,Fischer,7,4,active,False,False,False,False,False,,False,,False,,,,,,LOVB Salt Lake,SLC,SLC,brightYellow
2251968,2026,2026-04-03T00:00:00.000Z,2494734,Alexa Gray,Alexa,Gray,9,2,active,False,False,False,False,True,2.0,True,3.0,True,2.0,,,,,LOVB Salt Lake,SLC,SLC,brightYellow
2251968,2026,2026-04-03T00:00:00.000Z,2344427,Madi Bugg,Madi,Bugg,10,5,active,False,False,False,False,False,,False,,False,,,,,,LOVB Salt Lake,SLC,SLC,brightYellow
2251968,2026,2026-04-03T00:00:00.000Z,2344550,Serena Gray,Serena,Gray,11,4,active,False,False,False,False,True,3.0,True,4.0,True,3.0,,,,,LOVB Salt Lake,SLC,SLC,brightYellow
2251968,2026,2026-04-03T00:00:00.000Z,2344546,Roni Jones-Perry,Roni,Jones-Perry,12,2,active,False,False,False,False,False,,False,,False,,,,,,LOVB Salt Lake,SLC,SLC,brightYellow
2251968,2026,2026-04-03T00:00:00.000Z,2336979,Haleigh Washington,Haleigh,Washington,15,4,active,False,False,False,False,False,,False,,False,,,,,,LOVB Salt Lake,SLC,SLC,brightYellow
2251968,2026,2026-04-03T00:00:00.000Z,2342469,Manami Kojima,Manami,Kojima,16,1,active,False,False,False,False,False,,False,,False,,,,,,LOVB Salt Lake,SLC,SLC,brightYellow
2251968,2026,2026-04-03T00:00:00.000Z,2344544,Mary Lake,Mary,Lake,18,1,active,False,False,False,False,False,,False,,False,,,,,,LOVB Salt Lake,SLC,SLC,brightYellow
2251968,2026,2026-04-03T00:00:00.000Z,2344548,Claire Hoffman,Claire,Hoffman,21,2,active,False,False,False,False,True,5.0,True,6.0,True,5.0,,,,,LOVB Salt Lake,SLC,SLC,brightYellow
2251968,2026,2026-04-03T00:00:00.000Z,2344553,Heidy Casanova,Heidy,Casanova,33,3,active,False,False,False,False,True,4.0,True,5.0,True,4.0,,,,,LOVB Salt Lake,SLC,SLC,brightYellow
2251969,2026,2026-04-03T00:00:00.000Z,2494725,Indre Sorokaite,Indre,Sorokaite,1,2,active,False,False,False,False,False,,False,,False,,False,,False,,LOVB Madison,MAD,MAD,brightBlue
2251969,2026,2026-04-03T00:00:00.000Z,2342510,Anna Hall,Anna,Hall,2,4,active,False,False,False,False,False,,False,,True,5.0,True,5.0,True,5.0,LOVB Madison,MAD,MAD,brightBlue
2251969,2026,2026-04-03T00:00:00.000Z,2344581,Mariena Hayden,Mariena,Hayden,3,2,active,False,False,False,False,False,,False,,False,,False,,False,,LOVB Madison,MAD,MAD,brightBlue
2251969,2026,2026-04-03T00:00:00.000Z,2344577,Milica Medved,Milica,Medved,4,1,active,False,False,False,True,False,,False,,False,,False,,False,,LOVB Madison,MAD,MAD,brightBlue
2251969,2026,2026-04-03T00:00:00.000Z,2547943,Rebekah Allick,Rebekah,Allick,5,4,active,False,False,False,False,True,3.0,True,4.0,True,2.0,True,2.0,True,2.0,LOVB Madison,MAD,MAD,brightBlue
2251969,2026,2026-04-03T00:00:00.000Z,2494729,Gong Xiangyu,Gong,Xiangyu,6,3,active,False,False,False,False,True,4.0,True,5.0,True,3.0,True,3.0,True,3.0,LOVB Madison,MAD,MAD,brightBlue
2251969,2026,2026-04-03T00:00:00.000Z,2342508,Lauren Carlini,Lauren,Carlini,7,5,active,False,False,True,False,True,1.0,True,2.0,True,6.0,True,6.0,True,6.0,LOVB Madison,MAD,MAD,brightBlue
2251969,2026,2026-04-03T00:00:00.000Z,2494724,Argentina Ung,Argentina,Ung,8,5,active,False,False,False,False,False,,False,,False,,False,,False,,LOVB Madison,MAD,MAD,brightBlue
2251969,2026,2026-04-03T00:00:00.000Z,2344580,Claire Chaussee,Claire,Chaussee,9,2,active,False,False,False,False,False,,False,,False,,True,1.0,True,1.0,LOVB Madison,MAD,MAD,brightBlue
2251969,2026,2026-04-03T00:00:00.000Z,2494727,Annayka Legros,Annayka,Legros,10,4,active,False,False,False,False,False,,False,,False,,False,,False,,LOVB Madison,MAD,MAD,brightBlue
2251969,2026,2026-04-03T00:00:00.000Z,2344582,Temi Thomas-Ailara,Temi,Thomas-Ailara,12,3,active,False,False,False,False,True,5.0,True,6.0,True,4.0,False,,False,,LOVB Madison,MAD,MAD,brightBlue
2251969,2026,2026-04-03T00:00:00.000Z,2344605,Anna Haak,Anna,Haak,17,2,active,False,False,False,False,False,,False,,False,,True,4.0,True,4.0,LOVB Madison,MAD,MAD,brightBlue
2251969,2026,2026-04-03T00:00:00.000Z,2494726,Andrea Mitrovic,Andrea,Mitrovic,21,2,active,False,False,False,False,True,2.0,True,3.0,True,1.0,False,,False,,LOVB Madison,MAD,MAD,brightBlue
2251969,2026,2026-04-03T00:00:00.000Z,2623252,Gillian Grimes,Gillian,Grimes,23,1,active,False,False,False,True,False,,False,,False,,False,,False,,LOVB Madison,MAD,MAD,brightBlue
2251969,2026,2026-04-03T00:00:00.000Z,2494728,Callie Schwarzenbach,Callie,Schwarzenbach,25,4,active,False,False,False,False,True,6.0,True,1.0,False,,False,,False,,LOVB Madison,MAD,MAD,brightBlue
2251969,2026,2026-04-03T00:00:00.000Z,2349077,Ana B Correa,Ana B,Correa,27,4,active,False,False,False,False,False,,False,,False,,False,,False,,LOVB Madison,MAD,MAD,brightBlue
2251969,2026,2026-04-03T00:00:00.000Z,2344612,Anna Pogany,Anna,Pogany,11,1,reserve,False,False,False,False,False,,False,,False,,False,,False,,LOVB Madison,MAD,MAD,brightBlue
2251969,2026,2026-04-03T00:00:00.000Z,2344566,Piyanut Pannoy,Piyanut,Pannoy,2,1,active,False,False,False,True,False,,False,,False,,False,,False,,LOVB Atlanta,ATL,ATL,hotPink
2251969,2026,2026-04-03T00:00:00.000Z,2494718,Miroslava Paskova,Miroslava,Paskova,6,2,active,False,False,False,False,False,,False,,False,,False,,False,,LOVB Atlanta,ATL,ATL,hotPink
2251969,2026,2026-04-03T00:00:00.000Z,2494717,Ella May Powell,Ella May,Powell,7,5,active,False,False,False,False,False,,False,,False,,False,,False,,LOVB Atlanta,ATL,ATL,hotPink
2251969,2026,2026-04-03T00:00:00.000Z,2351343,Rachel Fairbanks,Rachel,Fairbanks,10,5,active,False,False,False,False,True,6.0,True,1.0,True,1.0,True,1.0,True,6.0,LOVB Atlanta,ATL,ATL,hotPink
2251969,2026,2026-04-03T00:00:00.000Z,2349081,Onye Ofoegbu,Onye,Ofoegbu,11,4,active,False,False,False,False,False,,False,,False,,False,,False,,LOVB Atlanta,ATL,ATL,hotPink
2251969,2026,2026-04-03T00:00:00.000Z,2344610,Carly DeHoog,Carly,DeHoog,12,3,active,False,False,False,False,False,,False,,False,,False,,False,,LOVB Atlanta,ATL,ATL,hotPink
2251969,2026,2026-04-03T00:00:00.000Z,2344425,McKenzie Adams,McKenzie,Adams,13,2,active,False,False,False,False,True,1.0,True,2.0,True,2.0,True,2.0,True,1.0,LOVB Atlanta,ATL,ATL,hotPink
2251969,2026,2026-04-03T00:00:00.000Z,2344570,Tia Jimerson,Tia,Jimerson,14,4,active,False,False,False,False,True,2.0,True,3.0,True,3.0,True,3.0,True,5.0,LOVB Atlanta,ATL,ATL,hotPink
2251969,2026,2026-04-03T00:00:00.000Z,2344573,Magdalena Jehlarova,Magdalena,Jehlarova,15,4,active,False,False,False,False,True,5.0,True,6.0,True,6.0,True,6.0,True,2.0,LOVB Atlanta,ATL,ATL,hotPink
2251969,2026,2026-04-03T00:00:00.000Z,2344567,Beatrice Negretti,Beatrice,Negretti,16,1,active,False,False,False,False,False,,False,,False,,False,,False,,LOVB Atlanta,ATL,ATL,hotPink
2251969,2026,2026-04-03T00:00:00.000Z,2344574,Tessa Grubbs,Tessa,Grubbs,17,3,active,False,False,False,False,False,,False,,False,,False,,False,,LOVB Atlanta,ATL,ATL,hotPink
2251969,2026,2026-04-03T00:00:00.000Z,2494721,Ivonee Montaño,Ivonee,Montaño,18,3,active,False,False,False,False,True,3.0,True,4.0,True,4.0,True,4.0,True,3.0,LOVB Atlanta,ATL,ATL,hotPink
2251969,2026,2026-04-03T00:00:00.000Z,2494720,Jess Robinson,Jess,Robinson,19,4,active,False,False,False,False,False,,False,,False,,False,,False,,LOVB Atlanta,ATL,ATL,hotPink
2251969,2026,2026-04-03T00:00:00.000Z,2494719,Julia Sangiacomo,Julia,Sangiacomo,22,2,active,False,False,False,False,True,4.0,False,,False,,False,,False,,LOVB Atlanta,ATL,ATL,hotPink
2251969,2026,2026-04-03T00:00:00.000Z,2342511,Kelsey Cook,Kelsey,Cook,23,2,active,False,False,True,False,False,,False,,False,,False,,False,,LOVB Atlanta,ATL,ATL,hotPink
2251969,2026,2026-04-03T00:00:00.000Z,2548999,Eva Hudson,Eva,Hudson,27,2,active,False,False,False,False,False,,True,5.0,True,5.0,True,5.0,True,4.0,LOVB Atlanta,ATL,ATL,hotPink
2251970,2026,2026-04-04T21:00:00.000Z,2344566,Piyanut Pannoy,Piyanut,Pannoy,2,1,active,False,False,False,True,False,,False,,False,,False,,False,,LOVB Atlanta,ATL,ATL,hotPink
2251970,2026,2026-04-04T21:00:00.000Z,2494718,Miroslava Paskova,Miroslava,Paskova,6,2,active,False,False,False,False,False,,False,,False,,False,,False,,LOVB Atlanta,ATL,ATL,hotPink
2251970,2026,2026-04-04T21:00:00.000Z,2494717,Ella May Powell,Ella May,Powell,7,5,active,False,False,False,False,False,,False,,False,,False,,False,,LOVB Atlanta,ATL,ATL,hotPink
2251970,2026,2026-04-04T21:00:00.000Z,2351343,Rachel Fairbanks,Rachel,Fairbanks,10,5,active,False,False,False,False,True,1.0,True,1.0,True,2.0,True,1.0,True,1.0,LOVB Atlanta,ATL,ATL,hotPink
2251970,2026,2026-04-04T21:00:00.000Z,2349081,Onye Ofoegbu,Onye,Ofoegbu,11,4,active,False,False,False,False,False,,False,,False,,False,,False,,LOVB Atlanta,ATL,ATL,hotPink
2251970,2026,2026-04-04T21:00:00.000Z,2344610,Carly DeHoog,Carly,DeHoog,12,3,active,False,False,False,False,False,,False,,False,,False,,False,,LOVB Atlanta,ATL,ATL,hotPink
2251970,2026,2026-04-04T21:00:00.000Z,2344425,McKenzie Adams,McKenzie,Adams,13,2,active,False,False,True,False,True,2.0,True,2.0,True,3.0,True,2.0,True,2.0,LOVB Atlanta,ATL,ATL,hotPink
2251970,2026,2026-04-04T21:00:00.000Z,2344570,Tia Jimerson,Tia,Jimerson,14,4,active,False,False,False,False,True,3.0,True,3.0,True,4.0,True,3.0,True,3.0,LOVB Atlanta,ATL,ATL,hotPink
2251970,2026,2026-04-04T21:00:00.000Z,2344573,Magdalena Jehlarova,Magdalena,Jehlarova,15,4,active,False,False,False,False,True,6.0,True,6.0,True,1.0,True,6.0,True,6.0,LOVB Atlanta,ATL,ATL,hotPink
2251970,2026,2026-04-04T21:00:00.000Z,2344567,Beatrice Negretti,Beatrice,Negretti,16,1,active,False,False,False,False,False,,False,,False,,False,,False,,LOVB Atlanta,ATL,ATL,hotPink
2251970,2026,2026-04-04T21:00:00.000Z,2344574,Tessa Grubbs,Tessa,Grubbs,17,3,active,False,False,False,False,False,,False,,False,,False,,False,,LOVB Atlanta,ATL,ATL,hotPink
2251970,2026,2026-04-04T21:00:00.000Z,2494721,Ivonee Montaño,Ivonee,Montaño,18,3,active,False,False,False,False,True,4.0,True,4.0,True,5.0,True,4.0,True,4.0,LOVB Atlanta,ATL,ATL,hotPink
2251970,2026,2026-04-04T21:00:00.000Z,2494720,Jess Robinson,Jess,Robinson,19,4,active,False,False,False,False,False,,False,,False,,False,,False,,LOVB Atlanta,ATL,ATL,hotPink
2251970,2026,2026-04-04T21:00:00.000Z,2494719,Julia Sangiacomo,Julia,Sangiacomo,22,2,active,False,False,False,False,False,,False,,False,,False,,False,,LOVB Atlanta,ATL,ATL,hotPink
2251970,2026,2026-04-04T21:00:00.000Z,2342511,Kelsey Cook,Kelsey,Cook,23,2,active,False,False,False,False,False,,False,,False,,False,,False,,LOVB Atlanta,ATL,ATL,hotPink
2251970,2026,2026-04-04T21:00:00.000Z,2548999,Eva Hudson,Eva,Hudson,27,2,active,False,False,False,False,True,5.0,True,5.0,True,6.0,True,5.0,True,5.0,LOVB Atlanta,ATL,ATL,hotPink
2251970,2026,2026-04-04T21:00:00.000Z,2344621,Grace Frohling,Grace,Frohling,1,3,active,False,False,False,False,False,,False,,False,,False,,False,,LOVB Houston,HTX,HTX,brightBlue
2251970,2026,2026-04-04T21:00:00.000Z,2344616,Karin Palgutova,Karin,Palgutova,2,2,active,False,False,False,False,False,,False,,False,,False,,False,,LOVB Houston,HTX,HTX,brightBlue
2251970,2026,2026-04-04T21:00:00.000Z,2344618,Amber Igiede,Amber,Igiede,3,4,active,False,False,False,False,True,5.0,True,6.0,True,6.0,True,6.0,True,6.0,LOVB Houston,HTX,HTX,brightBlue
2251970,2026,2026-04-04T21:00:00.000Z,2336972,Justine Wong-Orantes,Justine,Wong-Orantes,4,1,active,False,False,False,False,False,,False,,False,,False,,False,,LOVB Houston,HTX,HTX,brightBlue
2251970,2026,2026-04-04T21:00:00.000Z,2494722,Lauren Briseño,Lauren,Briseño,5,1,active,False,False,False,True,False,,False,,False,,False,,False,,LOVB Houston,HTX,HTX,brightBlue
2251970,2026,2026-04-04T21:00:00.000Z,2494723,Jazmine White,Jazmine,White,6,4,active,False,False,False,False,False,,False,,False,,False,,False,,LOVB Houston,HTX,HTX,brightBlue
2251970,2026,2026-04-04T21:00:00.000Z,2344617,Raphaela Folie,Raphaela,Folie,7,4,active,False,False,False,False,True,2.0,True,3.0,True,3.0,True,3.0,True,3.0,LOVB Houston,HTX,HTX,brightBlue
2251970,2026,2026-04-04T21:00:00.000Z,2344611,Kaisa Alanko,Kaisa,Alanko,8,5,active,False,False,False,False,True,6.0,True,1.0,True,1.0,True,1.0,True,1.0,LOVB Houston,HTX,HTX,brightBlue
2251970,2026,2026-04-04T21:00:00.000Z,2344614,Madi Rishel,Madi,Rishel,9,2,active,False,False,False,False,True,1.0,True,2.0,True,2.0,True,2.0,True,2.0,LOVB Houston,HTX,HTX,brightBlue
2251970,2026,2026-04-04T21:00:00.000Z,2539857,Maya Sands,Maya,Sands,10,1,active,False,False,False,False,False,,False,,False,,False,,False,,LOVB Houston,HTX,HTX,brightBlue
2251970,2026,2026-04-04T21:00:00.000Z,2344620,Anita Anwusi,Anita,Anwusi,11,4,active,False,False,False,False,False,,False,,False,,False,,False,,LOVB Houston,HTX,HTX,brightBlue
2251970,2026,2026-04-04T21:00:00.000Z,2336967,Micha Hancock,Micha,Hancock,12,5,active,False,False,False,False,False,,False,,False,,False,,False,,LOVB Houston,HTX,HTX,brightBlue
2251970,2026,2026-04-04T21:00:00.000Z,2344622,Julia Brown,Julia,Brown,14,2,active,False,False,False,False,False,,False,,False,,False,,False,,LOVB Houston,HTX,HTX,brightBlue
2251970,2026,2026-04-04T21:00:00.000Z,2623251,Maddie Waak,Maddie,Waak,16,5,active,False,False,False,False,False,,False,,False,,False,,False,,LOVB Houston,HTX,HTX,brightBlue
2251970,2026,2026-04-04T21:00:00.000Z,2344615,Sara Loda,Sara,Loda,17,2,active,False,False,False,False,False,,False,,False,,False,,False,,LOVB Houston,HTX,HTX,brightBlue
2251970,2026,2026-04-04T21:00:00.000Z,2549003,Logan Lednicky,Logan,Lednicky,18,3,active,False,False,False,False,False,,False,,False,,False,,False,,LOVB Houston,HTX,HTX,brightBlue
2251970,2026,2026-04-04T21:00:00.000Z,2349315,Jess Mruzik,Jess,Mruzik,19,2,active,False,False,False,False,True,4.0,True,5.0,True,5.0,True,5.0,True,5.0,LOVB Houston,HTX,HTX,brightBlue
2251970,2026,2026-04-04T21:00:00.000Z,2336977,Jordan Thompson,Jordan,Thompson,23,3,active,False,False,True,False,True,3.0,True,4.0,True,4.0,True,4.0,True,4.0,LOVB Houston,HTX,HTX,brightBlue
2251971,2026,2026-04-05T00:00:00.000Z,2349314,Lexi Rodriguez,Lexi,Rodriguez,1,1,active,False,False,False,True,False,,False,,False,,False,,False,,LOVB Nebraska,NEB,NEB,emerald
2251971,2026,2026-04-05T00:00:00.000Z,2344593,Emily Thater,Emily,Thater,2,4,active,False,False,False,False,False,,False,,False,,True,6.0,True,6.0,LOVB Nebraska,NEB,NEB,emerald
2251971,2026,2026-04-05T00:00:00.000Z,2344587,Annie Cesar,Annie,Cesar,3,1,active,False,False,False,False,False,,False,,False,,False,,False,,LOVB Nebraska,NEB,NEB,emerald
2251971,2026,2026-04-05T00:00:00.000Z,2344590,Vicky Savard,Vicky,Savard,4,2,active,False,False,False,False,False,,False,,False,,False,,False,,LOVB Nebraska,NEB,NEB,emerald
2251971,2026,2026-04-05T00:00:00.000Z,2344589,Jaali Winters,Jaali,Winters,5,2,active,False,False,False,False,False,,False,,False,,False,,False,,LOVB Nebraska,NEB,NEB,emerald
2251971,2026,2026-04-05T00:00:00.000Z,2344596,Kimberly Drewniok,Kimberly,Drewniok,8,3,active,False,False,False,False,True,4.0,True,4.0,True,4.0,True,4.0,True,4.0,LOVB Nebraska,NEB,NEB,emerald
2251971,2026,2026-04-05T00:00:00.000Z,2344564,Iga Wasilewska,Iga,Wasilewska,9,4,active,False,False,False,False,False,,False,,False,,False,,False,,LOVB Nebraska,NEB,NEB,emerald
2251971,2026,2026-04-05T00:00:00.000Z,2336975,Jordan Larson,Jordan,Larson,10,2,active,False,False,True,False,True,2.0,True,2.0,True,2.0,True,2.0,True,2.0,LOVB Nebraska,NEB,NEB,emerald
2251971,2026,2026-04-05T00:00:00.000Z,2494731,Anne Buijs,Anne,Buijs,11,2,active,False,False,False,False,True,5.0,True,5.0,True,5.0,True,5.0,True,5.0,LOVB Nebraska,NEB,NEB,emerald
2251971,2026,2026-04-05T00:00:00.000Z,2344597,Audriana Fitzmorris,Audriana,Fitzmorris,12,3,active,False,False,False,False,False,,False,,False,,False,,False,,LOVB Nebraska,NEB,NEB,emerald
2251971,2026,2026-04-05T00:00:00.000Z,2344586,Gabby Blossom,Gabby,Blossom,13,5,active,False,False,False,False,False,,False,,False,,False,,False,,LOVB Nebraska,NEB,NEB,emerald
2251971,2026,2026-04-05T00:00:00.000Z,2344585,Laura Dijkema,Laura,Dijkema,14,5,active,False,False,False,False,True,1.0,True,1.0,True,1.0,True,1.0,True,1.0,LOVB Nebraska,NEB,NEB,emerald
2251971,2026,2026-04-05T00:00:00.000Z,2494733,Ana Carolina Da Silva,Ana Carolina,Da Silva,15,4,active,False,False,False,False,True,6.0,True,6.0,True,6.0,False,,False,,LOVB Nebraska,NEB,NEB,emerald
2251971,2026,2026-04-05T00:00:00.000Z,2344592,Candelaria Herrera,Candelaria,Herrera,17,4,active,False,False,False,False,True,3.0,True,3.0,True,3.0,True,3.0,True,3.0,LOVB Nebraska,NEB,NEB,emerald
2251971,2026,2026-04-05T00:00:00.000Z,2494732,Alexis Hart,Alexis,Hart,19,2,active,False,False,False,False,False,,False,,False,,False,,False,,LOVB Nebraska,NEB,NEB,emerald
2251971,2026,2026-04-05T00:00:00.000Z,2547881,Julia Hanson,Julia,Hanson,22,2,active,False,False,False,False,False,,False,,False,,False,,False,,LOVB Nebraska,NEB,NEB,emerald
2251971,2026,2026-04-05T00:00:00.000Z,2344609,Khat Bell,Khat,Bell,1,3,active,False,False,False,False,False,,False,,False,,False,,False,,LOVB Austin,ATX,ATX,violet
2251971,2026,2026-04-05T00:00:00.000Z,2344604,Leah Hardeman,Leah,Hardeman,2,2,active,False,False,False,False,False,,False,,False,,False,,False,,LOVB Austin,ATX,ATX,violet
2251971,2026,2026-04-05T00:00:00.000Z,2344598,Carli Lloyd,Carli,Lloyd,3,5,active,False,False,False,False,True,1.0,True,1.0,True,1.0,True,1.0,True,1.0,LOVB Austin,ATX,ATX,violet
2251971,2026,2026-04-05T00:00:00.000Z,2344588,Madi Banks,Madi,Banks,4,2,active,False,False,False,False,True,5.0,True,5.0,True,5.0,True,5.0,True,5.0,LOVB Austin,ATX,ATX,violet
2251971,2026,2026-04-05T00:00:00.000Z,2344608,Molly McCage,Molly,McCage,5,4,active,False,False,False,False,True,3.0,True,3.0,True,3.0,True,3.0,True,3.0,LOVB Austin,ATX,ATX,violet
2251971,2026,2026-04-05T00:00:00.000Z,2349176,Madisen Skinner,Madisen,Skinner,6,3,active,False,False,False,False,True,4.0,True,4.0,True,4.0,True,4.0,True,4.0,LOVB Austin,ATX,ATX,violet
2251971,2026,2026-04-05T00:00:00.000Z,2344607,Asjia O'Neal,Asjia,O'Neal,7,4,active,False,False,False,False,True,6.0,True,6.0,True,6.0,True,6.0,True,6.0,LOVB Austin,ATX,ATX,violet
2251971,2026,2026-04-05T00:00:00.000Z,2344601,Zoe Jarvis,Zoe,Jarvis,10,1,active,False,False,False,False,False,,False,,False,,False,,False,,LOVB Austin,ATX,ATX,violet
2251971,2026,2026-04-05T00:00:00.000Z,2494716,Isabella Bergmark,Isabella,Bergmark,11,4,active,False,False,False,False,False,,False,,False,,False,,False,,LOVB Austin,ATX,ATX,violet
2251971,2026,2026-04-05T00:00:00.000Z,2344606,Juliann Faucette,Juliann,Faucette,13,3,active,False,False,True,False,False,,False,,False,,False,,False,,LOVB Austin,ATX,ATX,violet
2251971,2026,2026-04-05T00:00:00.000Z,2344602,Kotoe Inoue,Kotoe,Inoue,15,1,active,False,False,False,True,False,,False,,False,,False,,False,,LOVB Austin,ATX,ATX,violet
2251971,2026,2026-04-05T00:00:00.000Z,2494714,Brie O'Reilly,Brie,O'Reilly,17,5,active,False,False,False,False,False,,False,,False,,False,,False,,LOVB Austin,ATX,ATX,violet
2251971,2026,2026-04-05T00:00:00.000Z,2547939,Bailey Miller,Bailey,Miller,22,2,active,False,False,False,False,False,,False,,False,,False,,False,,LOVB Austin,ATX,ATX,violet
2251971,2026,2026-04-05T00:00:00.000Z,2344599,Logan Eggleston,Logan,Eggleston,33,2,active,False,False,False,False,True,2.0,True,2.0,True,2.0,True,2.0,True,2.0,LOVB Austin,ATX,ATX,violet
2251971,2026,2026-04-05T00:00:00.000Z,2336999,Magdalena Jurczyk,Magdalena,Jurczyk,95,4,active,False,False,False,False,False,,False,,False,,False,,False,,LOVB Austin,ATX,ATX,violet
2251972,2026,2026-04-05T01:00:00.000Z,2336969,Jordyn Poulter,Jordyn,Poulter,1,5,active,False,False,True,False,True,1.0,True,2.0,True,1.0,True,2.0,,,LOVB Salt Lake,SLC,SLC,brightYellow
2251972,2026,2026-04-05T01:00:00.000Z,2549041,Ifenna Cos-Okpalla,Ifenna,Cos-Okpalla,2,4,active,False,False,False,False,False,,False,,False,,False,,,,LOVB Salt Lake,SLC,SLC,brightYellow
2251972,2026,2026-04-05T01:00:00.000Z,2344545,Dani Drews,Dani,Drews,3,2,active,False,False,False,False,False,,False,,False,,False,,,,LOVB Salt Lake,SLC,SLC,brightYellow
2251972,2026,2026-04-05T01:00:00.000Z,2344547,Maddie Haynes,Maddie,Haynes,4,2,active,False,False,False,False,False,,False,,False,,False,,,,LOVB Salt Lake,SLC,SLC,brightYellow
2251972,2026,2026-04-05T01:00:00.000Z,2344554,Skylar Fields,Skylar,Fields,5,3,active,False,False,False,False,False,,False,,False,,False,,,,LOVB Salt Lake,SLC,SLC,brightYellow
2251972,2026,2026-04-05T01:00:00.000Z,2344551,Tori Dixon,Tori,Dixon,6,4,active,False,False,False,False,True,6.0,True,1.0,True,6.0,True,1.0,,,LOVB Salt Lake,SLC,SLC,brightYellow
2251972,2026,2026-04-05T01:00:00.000Z,2349080,Sophie Fischer,Sophie,Fischer,7,4,active,False,False,False,False,False,,False,,False,,False,,,,LOVB Salt Lake,SLC,SLC,brightYellow
2251972,2026,2026-04-05T01:00:00.000Z,2494734,Alexa Gray,Alexa,Gray,9,2,active,False,False,False,False,True,2.0,True,3.0,True,2.0,True,3.0,,,LOVB Salt Lake,SLC,SLC,brightYellow
2251972,2026,2026-04-05T01:00:00.000Z,2344427,Madi Bugg,Madi,Bugg,10,5,active,False,False,False,False,False,,False,,False,,False,,,,LOVB Salt Lake,SLC,SLC,brightYellow
2251972,2026,2026-04-05T01:00:00.000Z,2344550,Serena Gray,Serena,Gray,11,4,active,False,False,False,False,True,3.0,True,4.0,True,3.0,True,4.0,,,LOVB Salt Lake,SLC,SLC,brightYellow
2251972,2026,2026-04-05T01:00:00.000Z,2344546,Roni Jones-Perry,Roni,Jones-Perry,12,2,active,False,False,False,False,False,,False,,False,,False,,,,LOVB Salt Lake,SLC,SLC,brightYellow
2251972,2026,2026-04-05T01:00:00.000Z,2336979,Haleigh Washington,Haleigh,Washington,15,4,active,False,False,False,False,False,,False,,False,,False,,,,LOVB Salt Lake,SLC,SLC,brightYellow
2251972,2026,2026-04-05T01:00:00.000Z,2342469,Manami Kojima,Manami,Kojima,16,1,active,False,False,False,True,False,,False,,False,,False,,,,LOVB Salt Lake,SLC,SLC,brightYellow
2251972,2026,2026-04-05T01:00:00.000Z,2344544,Mary Lake,Mary,Lake,18,1,active,False,False,False,False,False,,False,,False,,False,,,,LOVB Salt Lake,SLC,SLC,brightYellow
2251972,2026,2026-04-05T01:00:00.000Z,2344548,Claire Hoffman,Claire,Hoffman,21,2,active,False,False,False,False,True,5.0,True,6.0,True,5.0,True,6.0,,,LOVB Salt Lake,SLC,SLC,brightYellow
2251972,2026,2026-04-05T01:00:00.000Z,2344553,Heidy Casanova,Heidy,Casanova,33,3,active,False,False,False,False,True,4.0,True,5.0,True,4.0,True,5.0,,,LOVB Salt Lake,SLC,SLC,brightYellow
2251972,2026,2026-04-05T01:00:00.000Z,2494725,Indre Sorokaite,Indre,Sorokaite,1,2,active,False,False,False,False,False,,False,,False,,False,,,,LOVB Madison,MAD,MAD,babyBlue
2251972,2026,2026-04-05T01:00:00.000Z,2342510,Anna Hall,Anna,Hall,2,4,active,False,False,False,False,True,4.0,True,3.0,True,4.0,True,4.0,,,LOVB Madison,MAD,MAD,babyBlue
2251972,2026,2026-04-05T01:00:00.000Z,2344581,Mariena Hayden,Mariena,Hayden,3,2,active,False,False,False,False,False,,False,,False,,False,,,,LOVB Madison,MAD,MAD,babyBlue
2251972,2026,2026-04-05T01:00:00.000Z,2344577,Milica Medved,Milica,Medved,4,1,active,False,False,False,True,False,,False,,False,,False,,,,LOVB Madison,MAD,MAD,babyBlue
2251972,2026,2026-04-05T01:00:00.000Z,2547943,Rebekah Allick,Rebekah,Allick,5,4,active,False,False,False,False,True,1.0,True,6.0,True,1.0,True,1.0,,,LOVB Madison,MAD,MAD,babyBlue
2251972,2026,2026-04-05T01:00:00.000Z,2494729,Gong Xiangyu,Gong,Xiangyu,6,3,active,False,False,False,False,True,2.0,True,1.0,True,2.0,True,2.0,,,LOVB Madison,MAD,MAD,babyBlue
2251972,2026,2026-04-05T01:00:00.000Z,2342508,Lauren Carlini,Lauren,Carlini,7,5,active,False,False,True,False,True,5.0,True,4.0,True,5.0,True,5.0,,,LOVB Madison,MAD,MAD,babyBlue
2251972,2026,2026-04-05T01:00:00.000Z,2494724,Argentina Ung,Argentina,Ung,8,5,active,False,False,False,False,False,,False,,False,,False,,,,LOVB Madison,MAD,MAD,babyBlue
2251972,2026,2026-04-05T01:00:00.000Z,2344580,Claire Chaussee,Claire,Chaussee,9,2,active,False,False,False,False,True,6.0,True,5.0,True,6.0,False,,,,LOVB Madison,MAD,MAD,babyBlue
2251972,2026,2026-04-05T01:00:00.000Z,2494727,Annayka Legros,Annayka,Legros,10,4,active,False,False,False,False,False,,False,,False,,False,,,,LOVB Madison,MAD,MAD,babyBlue
2251972,2026,2026-04-05T01:00:00.000Z,2344612,Anna Pogany,Anna,Pogany,11,1,active,False,False,False,False,False,,False,,False,,False,,,,LOVB Madison,MAD,MAD,babyBlue
2251972,2026,2026-04-05T01:00:00.000Z,2344582,Temi Thomas-Ailara,Temi,Thomas-Ailara,12,3,active,False,False,False,False,True,3.0,True,2.0,True,3.0,True,3.0,,,LOVB Madison,MAD,MAD,babyBlue
2251972,2026,2026-04-05T01:00:00.000Z,2344605,Anna Haak,Anna,Haak,17,2,active,False,False,False,False,False,,False,,False,,True,6.0,,,LOVB Madison,MAD,MAD,babyBlue
2251972,2026,2026-04-05T01:00:00.000Z,2494726,Andrea Mitrovic,Andrea,Mitrovic,21,2,active,False,False,False,False,False,,False,,False,,False,,,,LOVB Madison,MAD,MAD,babyBlue
2251972,2026,2026-04-05T01:00:00.000Z,2623252,Gillian Grimes,Gillian,Grimes,23,1,active,False,False,False,True,False,,False,,False,,False,,,,LOVB Madison,MAD,MAD,babyBlue
2251972,2026,2026-04-05T01:00:00.000Z,2494728,Callie Schwarzenbach,Callie,Schwarzenbach,25,4,active,False,False,False,False,False,,False,,False,,False,,,,LOVB Madison,MAD,MAD,babyBlue
2251972,2026,2026-04-05T01:00:00.000Z,2349077,Ana B Correa,Ana B,Correa,27,4,active,False,False,False,False,False,,False,,False,,False,,,,LOVB Madison,MAD,MAD,babyBlue
2251973,2026,2026-04-10T20:00:00.000Z,2344566,Piyanut Pannoy,Piyanut,Pannoy,2,1,active,False,False,False,True,False,,False,,False,,,,,,LOVB Atlanta,ATL,ATL,hotPink
2251973,2026,2026-04-10T20:00:00.000Z,2494718,Miroslava Paskova,Miroslava,Paskova,6,2,active,False,False,False,False,False,,False,,False,,,,,,LOVB Atlanta,ATL,ATL,hotPink
2251973,2026,2026-04-10T20:00:00.000Z,2494717,Ella May Powell,Ella May,Powell,7,5,active,False,False,False,False,False,,False,,True,1.0,,,,,LOVB Atlanta,ATL,ATL,hotPink
2251973,2026,2026-04-10T20:00:00.000Z,2351343,Rachel Fairbanks,Rachel,Fairbanks,10,5,active,False,False,False,False,True,6.0,True,1.0,False,,,,,,LOVB Atlanta,ATL,ATL,hotPink
2251973,2026,2026-04-10T20:00:00.000Z,2349081,Onye Ofoegbu,Onye,Ofoegbu,11,4,active,False,False,False,False,False,,False,,True,3.0,,,,,LOVB Atlanta,ATL,ATL,hotPink
2251973,2026,2026-04-10T20:00:00.000Z,2344610,Carly DeHoog,Carly,DeHoog,12,3,active,False,False,False,False,False,,False,,False,,,,,,LOVB Atlanta,ATL,ATL,hotPink
2251973,2026,2026-04-10T20:00:00.000Z,2344425,McKenzie Adams,McKenzie,Adams,13,2,active,False,False,True,False,True,1.0,True,2.0,True,2.0,,,,,LOVB Atlanta,ATL,ATL,hotPink
2251973,2026,2026-04-10T20:00:00.000Z,2344570,Tia Jimerson,Tia,Jimerson,14,4,active,False,False,False,False,True,2.0,True,3.0,True,6.0,,,,,LOVB Atlanta,ATL,ATL,hotPink
2251973,2026,2026-04-10T20:00:00.000Z,2344573,Magdalena Jehlarova,Magdalena,Jehlarova,15,4,active,False,False,False,False,True,5.0,True,6.0,False,,,,,,LOVB Atlanta,ATL,ATL,hotPink
2251973,2026,2026-04-10T20:00:00.000Z,2344567,Beatrice Negretti,Beatrice,Negretti,16,1,active,False,False,False,False,False,,False,,False,,,,,,LOVB Atlanta,ATL,ATL,hotPink
2251973,2026,2026-04-10T20:00:00.000Z,2344574,Tessa Grubbs,Tessa,Grubbs,17,3,active,False,False,False,False,False,,False,,False,,,,,,LOVB Atlanta,ATL,ATL,hotPink
2251973,2026,2026-04-10T20:00:00.000Z,2494721,Ivonee Montaño,Ivonee,Montaño,18,3,active,False,False,False,False,True,3.0,True,4.0,True,4.0,,,,,LOVB Atlanta,ATL,ATL,hotPink
2251973,2026,2026-04-10T20:00:00.000Z,2494720,Jess Robinson,Jess,Robinson,19,4,active,False,False,False,False,False,,False,,False,,,,,,LOVB Atlanta,ATL,ATL,hotPink
2251973,2026,2026-04-10T20:00:00.000Z,2494719,Julia Sangiacomo,Julia,Sangiacomo,22,2,active,False,False,False,False,False,,False,,True,5.0,,,,,LOVB Atlanta,ATL,ATL,hotPink
2251973,2026,2026-04-10T20:00:00.000Z,2342511,Kelsey Cook,Kelsey,Cook,23,2,active,False,False,False,False,False,,False,,False,,,,,,LOVB Atlanta,ATL,ATL,hotPink
2251973,2026,2026-04-10T20:00:00.000Z,2548999,Eva Hudson,Eva,Hudson,27,2,active,False,False,False,False,True,4.0,True,5.0,False,,,,,,LOVB Atlanta,ATL,ATL,hotPink
2251973,2026,2026-04-10T20:00:00.000Z,2344609,Khat Bell,Khat,Bell,1,3,active,False,False,False,False,False,,False,,False,,,,,,LOVB Austin,ATX,ATX,violet
2251973,2026,2026-04-10T20:00:00.000Z,2344604,Leah Hardeman,Leah,Hardeman,2,2,active,False,False,False,False,False,,False,,False,,,,,,LOVB Austin,ATX,ATX,violet
2251973,2026,2026-04-10T20:00:00.000Z,2344598,Carli Lloyd,Carli,Lloyd,3,5,active,False,False,False,False,True,1.0,True,1.0,True,1.0,,,,,LOVB Austin,ATX,ATX,violet
2251973,2026,2026-04-10T20:00:00.000Z,2344588,Madi Banks,Madi,Banks,4,2,active,False,False,False,False,True,5.0,True,5.0,True,5.0,,,,,LOVB Austin,ATX,ATX,violet
2251973,2026,2026-04-10T20:00:00.000Z,2344608,Molly McCage,Molly,McCage,5,4,active,False,False,False,False,True,3.0,True,3.0,True,3.0,,,,,LOVB Austin,ATX,ATX,violet
2251973,2026,2026-04-10T20:00:00.000Z,2349176,Madisen Skinner,Madisen,Skinner,6,3,active,False,False,False,False,True,4.0,True,4.0,True,4.0,,,,,LOVB Austin,ATX,ATX,violet
2251973,2026,2026-04-10T20:00:00.000Z,2344607,Asjia O'Neal,Asjia,O'Neal,7,4,active,False,False,False,False,True,6.0,True,6.0,True,6.0,,,,,LOVB Austin,ATX,ATX,violet
2251973,2026,2026-04-10T20:00:00.000Z,2344601,Zoe Jarvis,Zoe,Jarvis,10,1,active,False,False,False,False,False,,False,,False,,,,,,LOVB Austin,ATX,ATX,violet
2251973,2026,2026-04-10T20:00:00.000Z,2494716,Isabella Bergmark,Isabella,Bergmark,11,4,active,False,False,False,False,False,,False,,False,,,,,,LOVB Austin,ATX,ATX,violet
2251973,2026,2026-04-10T20:00:00.000Z,2344606,Juliann Faucette,Juliann,Faucette,13,3,active,False,False,True,False,False,,False,,False,,,,,,LOVB Austin,ATX,ATX,violet
2251973,2026,2026-04-10T20:00:00.000Z,2344602,Kotoe Inoue,Kotoe,Inoue,15,1,active,False,False,False,True,False,,False,,False,,,,,,LOVB Austin,ATX,ATX,violet
2251973,2026,2026-04-10T20:00:00.000Z,2494714,Brie O'Reilly,Brie,O'Reilly,17,5,active,False,False,False,False,False,,False,,False,,,,,,LOVB Austin,ATX,ATX,violet
2251973,2026,2026-04-10T20:00:00.000Z,2547939,Bailey Miller,Bailey,Miller,22,2,active,False,False,False,False,False,,False,,False,,,,,,LOVB Austin,ATX,ATX,violet
2251973,2026,2026-04-10T20:00:00.000Z,2344599,Logan Eggleston,Logan,Eggleston,33,2,active,False,False,False,False,True,2.0,True,2.0,True,2.0,,,,,LOVB Austin,ATX,ATX,violet
2251973,2026,2026-04-10T20:00:00.000Z,2336999,Magdalena Jurczyk,Magdalena,Jurczyk,95,4,active,False,False,False,False,False,,False,,False,,,,,,LOVB Austin,ATX,ATX,violet
2251974,2026,2026-04-10T22:30:00.000Z,2344621,Grace Frohling,Grace,Frohling,1,3,active,False,False,False,False,False,,False,,False,,False,,False,,LOVB Houston,HTX,HTX,brightBlue
2251974,2026,2026-04-10T22:30:00.000Z,2344616,Karin Palgutova,Karin,Palgutova,2,2,active,False,False,False,False,False,,False,,False,,True,4.0,True,5.0,LOVB Houston,HTX,HTX,brightBlue
2251974,2026,2026-04-10T22:30:00.000Z,2344618,Amber Igiede,Amber,Igiede,3,4,active,False,False,False,False,True,6.0,True,5.0,True,6.0,True,5.0,True,6.0,LOVB Houston,HTX,HTX,brightBlue
2251974,2026,2026-04-10T22:30:00.000Z,2336972,Justine Wong-Orantes,Justine,Wong-Orantes,4,1,active,False,False,False,False,False,,False,,False,,False,,False,,LOVB Houston,HTX,HTX,brightBlue
2251974,2026,2026-04-10T22:30:00.000Z,2494722,Lauren Briseño,Lauren,Briseño,5,1,active,False,False,False,True,False,,False,,False,,False,,False,,LOVB Houston,HTX,HTX,brightBlue
2251974,2026,2026-04-10T22:30:00.000Z,2494723,Jazmine White,Jazmine,White,6,4,active,False,False,False,False,False,,False,,True,3.0,True,2.0,True,3.0,LOVB Houston,HTX,HTX,brightBlue
2251974,2026,2026-04-10T22:30:00.000Z,2344617,Raphaela Folie,Raphaela,Folie,7,4,active,False,False,False,False,True,3.0,True,2.0,False,,False,,False,,LOVB Houston,HTX,HTX,brightBlue
2251974,2026,2026-04-10T22:30:00.000Z,2344611,Kaisa Alanko,Kaisa,Alanko,8,5,active,False,False,False,False,True,1.0,True,6.0,True,1.0,True,6.0,True,1.0,LOVB Houston,HTX,HTX,brightBlue
2251974,2026,2026-04-10T22:30:00.000Z,2344614,Madi Rishel,Madi,Rishel,9,2,active,False,False,False,False,True,2.0,True,1.0,True,2.0,True,1.0,True,2.0,LOVB Houston,HTX,HTX,brightBlue
2251974,2026,2026-04-10T22:30:00.000Z,2539857,Maya Sands,Maya,Sands,10,1,active,False,False,False,False,False,,False,,False,,False,,False,,LOVB Houston,HTX,HTX,brightBlue
2251974,2026,2026-04-10T22:30:00.000Z,2344620,Anita Anwusi,Anita,Anwusi,11,4,active,False,False,False,False,False,,False,,False,,False,,False,,LOVB Houston,HTX,HTX,brightBlue
2251974,2026,2026-04-10T22:30:00.000Z,2336967,Micha Hancock,Micha,Hancock,12,5,active,False,False,False,False,False,,False,,False,,False,,False,,LOVB Houston,HTX,HTX,brightBlue
2251974,2026,2026-04-10T22:30:00.000Z,2344622,Julia Brown,Julia,Brown,14,2,active,False,False,False,False,False,,False,,False,,False,,False,,LOVB Houston,HTX,HTX,brightBlue
2251974,2026,2026-04-10T22:30:00.000Z,2623251,Maddie Waak,Maddie,Waak,16,5,active,False,False,False,False,False,,False,,False,,False,,False,,LOVB Houston,HTX,HTX,brightBlue
2251974,2026,2026-04-10T22:30:00.000Z,2344615,Sara Loda,Sara,Loda,17,2,active,False,False,False,False,False,,False,,False,,False,,False,,LOVB Houston,HTX,HTX,brightBlue
2251974,2026,2026-04-10T22:30:00.000Z,2549003,Logan Lednicky,Logan,Lednicky,18,3,active,False,False,False,False,False,,False,,False,,False,,False,,LOVB Houston,HTX,HTX,brightBlue
2251974,2026,2026-04-10T22:30:00.000Z,2349315,Jess Mruzik,Jess,Mruzik,19,2,active,False,False,False,False,True,5.0,True,4.0,True,5.0,False,,False,,LOVB Houston,HTX,HTX,brightBlue
2251974,2026,2026-04-10T22:30:00.000Z,2336977,Jordan Thompson,Jordan,Thompson,23,3,active,False,False,True,False,True,4.0,True,3.0,True,4.0,True,3.0,True,4.0,LOVB Houston,HTX,HTX,brightBlue
2251974,2026,2026-04-10T22:30:00.000Z,2336969,Jordyn Poulter,Jordyn,Poulter,1,5,active,False,False,True,False,True,2.0,True,1.0,True,2.0,True,1.0,True,2.0,LOVB Salt Lake,SLC,SLC,brightYellow
2251974,2026,2026-04-10T22:30:00.000Z,2549041,Ifenna Cos-Okpalla,Ifenna,Cos-Okpalla,2,4,active,False,False,False,False,False,,False,,False,,False,,False,,LOVB Salt Lake,SLC,SLC,brightYellow
2251974,2026,2026-04-10T22:30:00.000Z,2344545,Dani Drews,Dani,Drews,3,2,active,False,False,False,False,False,,False,,False,,False,,False,,LOVB Salt Lake,SLC,SLC,brightYellow
2251974,2026,2026-04-10T22:30:00.000Z,2344547,Maddie Haynes,Maddie,Haynes,4,2,active,False,False,False,False,False,,False,,False,,False,,False,,LOVB Salt Lake,SLC,SLC,brightYellow
2251974,2026,2026-04-10T22:30:00.000Z,2344554,Skylar Fields,Skylar,Fields,5,3,active,False,False,False,False,False,,False,,False,,False,,False,,LOVB Salt Lake,SLC,SLC,brightYellow
2251974,2026,2026-04-10T22:30:00.000Z,2344551,Tori Dixon,Tori,Dixon,6,4,active,False,False,False,False,True,1.0,True,6.0,True,1.0,True,6.0,True,1.0,LOVB Salt Lake,SLC,SLC,brightYellow
2251974,2026,2026-04-10T22:30:00.000Z,2349080,Sophie Fischer,Sophie,Fischer,7,4,active,False,False,False,False,False,,False,,False,,False,,False,,LOVB Salt Lake,SLC,SLC,brightYellow
2251974,2026,2026-04-10T22:30:00.000Z,2494734,Alexa Gray,Alexa,Gray,9,2,active,False,False,False,False,True,3.0,True,2.0,True,3.0,True,2.0,True,3.0,LOVB Salt Lake,SLC,SLC,brightYellow
2251974,2026,2026-04-10T22:30:00.000Z,2344427,Madi Bugg,Madi,Bugg,10,5,active,False,False,False,False,False,,False,,False,,False,,False,,LOVB Salt Lake,SLC,SLC,brightYellow
2251974,2026,2026-04-10T22:30:00.000Z,2344550,Serena Gray,Serena,Gray,11,4,active,False,False,False,False,True,4.0,True,3.0,True,4.0,True,3.0,True,4.0,LOVB Salt Lake,SLC,SLC,brightYellow
2251974,2026,2026-04-10T22:30:00.000Z,2344546,Roni Jones-Perry,Roni,Jones-Perry,12,2,active,False,False,False,False,False,,False,,False,,False,,False,,LOVB Salt Lake,SLC,SLC,brightYellow
2251974,2026,2026-04-10T22:30:00.000Z,2336979,Haleigh Washington,Haleigh,Washington,15,4,active,False,False,False,False,False,,False,,False,,False,,False,,LOVB Salt Lake,SLC,SLC,brightYellow
2251974,2026,2026-04-10T22:30:00.000Z,2342469,Manami Kojima,Manami,Kojima,16,1,active,False,False,False,True,False,,False,,False,,False,,False,,LOVB Salt Lake,SLC,SLC,brightYellow
2251974,2026,2026-04-10T22:30:00.000Z,2344544,Mary Lake,Mary,Lake,18,1,active,False,False,False,False,False,,False,,False,,False,,False,,LOVB Salt Lake,SLC,SLC,brightYellow
2251974,2026,2026-04-10T22:30:00.000Z,2344548,Claire Hoffman,Claire,Hoffman,21,2,active,False,False,False,False,True,6.0,True,5.0,True,6.0,True,5.0,True,6.0,LOVB Salt Lake,SLC,SLC,brightYellow
2251974,2026,2026-04-10T22:30:00.000Z,2344553,Heidy Casanova,Heidy,Casanova,33,3,active,False,False,False,False,True,5.0,True,4.0,True,5.0,True,4.0,True,5.0,LOVB Salt Lake,SLC,SLC,brightYellow
2251975,2026,2026-04-11T22:00:00.000Z,2344566,Piyanut Pannoy,Piyanut,Pannoy,2,1,active,False,False,False,True,False,,False,,False,,False,,False,,LOVB Atlanta,ATL,ATL,hotPink
2251975,2026,2026-04-11T22:00:00.000Z,2494718,Miroslava Paskova,Miroslava,Paskova,6,2,active,False,False,False,False,False,,False,,False,,False,,False,,LOVB Atlanta,ATL,ATL,hotPink
2251975,2026,2026-04-11T22:00:00.000Z,2494717,Ella May Powell,Ella May,Powell,7,5,active,False,False,False,False,False,,False,,False,,False,,False,,LOVB Atlanta,ATL,ATL,hotPink
2251975,2026,2026-04-11T22:00:00.000Z,2351343,Rachel Fairbanks,Rachel,Fairbanks,10,5,active,False,False,False,False,True,1.0,True,2.0,True,1.0,True,2.0,True,1.0,LOVB Atlanta,ATL,ATL,hotPink
2251975,2026,2026-04-11T22:00:00.000Z,2349081,Onye Ofoegbu,Onye,Ofoegbu,11,4,active,False,False,False,False,False,,False,,False,,False,,False,,LOVB Atlanta,ATL,ATL,hotPink
2251975,2026,2026-04-11T22:00:00.000Z,2344610,Carly DeHoog,Carly,DeHoog,12,3,active,False,False,False,False,False,,False,,False,,False,,False,,LOVB Atlanta,ATL,ATL,hotPink
2251975,2026,2026-04-11T22:00:00.000Z,2344425,McKenzie Adams,McKenzie,Adams,13,2,active,False,False,True,False,True,2.0,True,3.0,True,2.0,True,3.0,True,2.0,LOVB Atlanta,ATL,ATL,hotPink
2251975,2026,2026-04-11T22:00:00.000Z,2344570,Tia Jimerson,Tia,Jimerson,14,4,active,False,False,False,False,True,3.0,True,4.0,True,3.0,True,4.0,True,3.0,LOVB Atlanta,ATL,ATL,hotPink
2251975,2026,2026-04-11T22:00:00.000Z,2344573,Magdalena Jehlarova,Magdalena,Jehlarova,15,4,active,False,False,False,False,True,6.0,True,1.0,True,6.0,True,1.0,True,6.0,LOVB Atlanta,ATL,ATL,hotPink
2251975,2026,2026-04-11T22:00:00.000Z,2344567,Beatrice Negretti,Beatrice,Negretti,16,1,active,False,False,False,False,False,,False,,False,,False,,False,,LOVB Atlanta,ATL,ATL,hotPink
2251975,2026,2026-04-11T22:00:00.000Z,2344574,Tessa Grubbs,Tessa,Grubbs,17,3,active,False,False,False,False,False,,False,,False,,False,,False,,LOVB Atlanta,ATL,ATL,hotPink
2251975,2026,2026-04-11T22:00:00.000Z,2494721,Ivonee Montaño,Ivonee,Montaño,18,3,active,False,False,False,False,True,4.0,True,5.0,True,4.0,True,5.0,True,4.0,LOVB Atlanta,ATL,ATL,hotPink
2251975,2026,2026-04-11T22:00:00.000Z,2494720,Jess Robinson,Jess,Robinson,19,4,active,False,False,False,False,False,,False,,False,,False,,False,,LOVB Atlanta,ATL,ATL,hotPink
2251975,2026,2026-04-11T22:00:00.000Z,2494719,Julia Sangiacomo,Julia,Sangiacomo,22,2,active,False,False,False,False,False,,False,,False,,False,,False,,LOVB Atlanta,ATL,ATL,hotPink
2251975,2026,2026-04-11T22:00:00.000Z,2342511,Kelsey Cook,Kelsey,Cook,23,2,active,False,False,False,False,False,,False,,False,,False,,False,,LOVB Atlanta,ATL,ATL,hotPink
2251975,2026,2026-04-11T22:00:00.000Z,2548999,Eva Hudson,Eva,Hudson,27,2,active,False,False,False,False,True,5.0,True,6.0,True,5.0,True,6.0,True,5.0,LOVB Atlanta,ATL,ATL,hotPink
2251975,2026,2026-04-11T22:00:00.000Z,2344609,Khat Bell,Khat,Bell,1,3,active,False,False,False,False,False,,False,,False,,False,,False,,LOVB Austin,ATX,ATX,violet
2251975,2026,2026-04-11T22:00:00.000Z,2344604,Leah Hardeman,Leah,Hardeman,2,2,active,False,False,False,False,False,,False,,False,,False,,False,,LOVB Austin,ATX,ATX,violet
2251975,2026,2026-04-11T22:00:00.000Z,2344598,Carli Lloyd,Carli,Lloyd,3,5,active,False,False,False,False,True,1.0,True,1.0,True,1.0,True,1.0,True,1.0,LOVB Austin,ATX,ATX,violet
2251975,2026,2026-04-11T22:00:00.000Z,2344588,Madi Banks,Madi,Banks,4,2,active,False,False,False,False,True,5.0,True,5.0,True,5.0,True,5.0,True,5.0,LOVB Austin,ATX,ATX,violet
2251975,2026,2026-04-11T22:00:00.000Z,2344608,Molly McCage,Molly,McCage,5,4,active,False,False,False,False,True,3.0,True,3.0,True,3.0,True,3.0,True,3.0,LOVB Austin,ATX,ATX,violet
2251975,2026,2026-04-11T22:00:00.000Z,2349176,Madisen Skinner,Madisen,Skinner,6,3,active,False,False,False,False,True,4.0,True,4.0,True,4.0,True,4.0,True,4.0,LOVB Austin,ATX,ATX,violet
2251975,2026,2026-04-11T22:00:00.000Z,2344607,Asjia O'Neal,Asjia,O'Neal,7,4,active,False,False,False,False,True,6.0,True,6.0,True,6.0,True,6.0,True,6.0,LOVB Austin,ATX,ATX,violet
2251975,2026,2026-04-11T22:00:00.000Z,2344601,Zoe Jarvis,Zoe,Jarvis,10,1,active,False,False,False,False,False,,False,,False,,False,,False,,LOVB Austin,ATX,ATX,violet
2251975,2026,2026-04-11T22:00:00.000Z,2494716,Isabella Bergmark,Isabella,Bergmark,11,4,active,False,False,False,False,False,,False,,False,,False,,False,,LOVB Austin,ATX,ATX,violet
2251975,2026,2026-04-11T22:00:00.000Z,2344606,Juliann Faucette,Juliann,Faucette,13,3,active,False,False,True,False,False,,False,,False,,False,,False,,LOVB Austin,ATX,ATX,violet
2251975,2026,2026-04-11T22:00:00.000Z,2344602,Kotoe Inoue,Kotoe,Inoue,15,1,active,False,False,False,True,False,,False,,False,,False,,False,,LOVB Austin,ATX,ATX,violet
2251975,2026,2026-04-11T22:00:00.000Z,2494714,Brie O'Reilly,Brie,O'Reilly,17,5,active,False,False,False,False,False,,False,,False,,False,,False,,LOVB Austin,ATX,ATX,violet
2251975,2026,2026-04-11T22:00:00.000Z,2547939,Bailey Miller,Bailey,Miller,22,2,active,False,False,False,False,False,,False,,False,,False,,False,,LOVB Austin,ATX,ATX,violet
2251975,2026,2026-04-11T22:00:00.000Z,2344599,Logan Eggleston,Logan,Eggleston,33,2,active,False,False,False,False,True,2.0,True,2.0,True,2.0,True,2.0,True,2.0,LOVB Austin,ATX,ATX,violet
2251975,2026,2026-04-11T22:00:00.000Z,2336999,Magdalena Jurczyk,Magdalena,Jurczyk,95,4,active,False,False,False,False,False,,False,,False,,False,,False,,LOVB Austin,ATX,ATX,violet
2251976,2026,2026-04-12T18:00:00.000Z,2344621,Grace Frohling,Grace,Frohling,1,3,active,False,False,False,False,False,,False,,False,,,,,,LOVB Houston,HTX,HTX,brightBlue
2251976,2026,2026-04-12T18:00:00.000Z,2344616,Karin Palgutova,Karin,Palgutova,2,2,active,False,False,False,False,True,5.0,True,6.0,False,,,,,,LOVB Houston,HTX,HTX,brightBlue
2251976,2026,2026-04-12T18:00:00.000Z,2344618,Amber Igiede,Amber,Igiede,3,4,active,False,False,False,False,True,6.0,True,1.0,True,6.0,,,,,LOVB Houston,HTX,HTX,brightBlue
2251976,2026,2026-04-12T18:00:00.000Z,2336972,Justine Wong-Orantes,Justine,Wong-Orantes,4,1,active,False,False,False,False,False,,False,,False,,,,,,LOVB Houston,HTX,HTX,brightBlue
2251976,2026,2026-04-12T18:00:00.000Z,2494722,Lauren Briseño,Lauren,Briseño,5,1,active,False,False,False,True,False,,False,,False,,,,,,LOVB Houston,HTX,HTX,brightBlue
2251976,2026,2026-04-12T18:00:00.000Z,2494723,Jazmine White,Jazmine,White,6,4,active,False,False,False,False,True,3.0,True,4.0,True,3.0,,,,,LOVB Houston,HTX,HTX,brightBlue
2251976,2026,2026-04-12T18:00:00.000Z,2344617,Raphaela Folie,Raphaela,Folie,7,4,active,False,False,False,False,False,,False,,False,,,,,,LOVB Houston,HTX,HTX,brightBlue
2251976,2026,2026-04-12T18:00:00.000Z,2344611,Kaisa Alanko,Kaisa,Alanko,8,5,active,False,False,False,False,True,1.0,True,2.0,False,,,,,,LOVB Houston,HTX,HTX,brightBlue
2251976,2026,2026-04-12T18:00:00.000Z,2344614,Madi Rishel,Madi,Rishel,9,2,active,False,False,False,False,True,2.0,True,3.0,True,2.0,,,,,LOVB Houston,HTX,HTX,brightBlue
2251976,2026,2026-04-12T18:00:00.000Z,2539857,Maya Sands,Maya,Sands,10,1,active,False,False,False,False,False,,False,,False,,,,,,LOVB Houston,HTX,HTX,brightBlue
2251976,2026,2026-04-12T18:00:00.000Z,2344620,Anita Anwusi,Anita,Anwusi,11,4,active,False,False,False,False,False,,False,,False,,,,,,LOVB Houston,HTX,HTX,brightBlue
2251976,2026,2026-04-12T18:00:00.000Z,2336967,Micha Hancock,Micha,Hancock,12,5,active,False,False,False,False,False,,False,,True,1.0,,,,,LOVB Houston,HTX,HTX,brightBlue
2251976,2026,2026-04-12T18:00:00.000Z,2344622,Julia Brown,Julia,Brown,14,2,active,False,False,False,False,False,,False,,False,,,,,,LOVB Houston,HTX,HTX,brightBlue
2251976,2026,2026-04-12T18:00:00.000Z,2623251,Maddie Waak,Maddie,Waak,16,5,active,False,False,False,False,False,,False,,False,,,,,,LOVB Houston,HTX,HTX,brightBlue
2251976,2026,2026-04-12T18:00:00.000Z,2344615,Sara Loda,Sara,Loda,17,2,active,False,False,False,False,False,,False,,False,,,,,,LOVB Houston,HTX,HTX,brightBlue
2251976,2026,2026-04-12T18:00:00.000Z,2549003,Logan Lednicky,Logan,Lednicky,18,3,active,False,False,False,False,False,,False,,False,,,,,,LOVB Houston,HTX,HTX,brightBlue
2251976,2026,2026-04-12T18:00:00.000Z,2349315,Jess Mruzik,Jess,Mruzik,19,2,active,False,False,False,False,False,,False,,True,5.0,,,,,LOVB Houston,HTX,HTX,brightBlue
2251976,2026,2026-04-12T18:00:00.000Z,2336977,Jordan Thompson,Jordan,Thompson,23,3,active,False,False,True,False,True,4.0,True,5.0,True,4.0,,,,,LOVB Houston,HTX,HTX,brightBlue
2251976,2026,2026-04-12T18:00:00.000Z,2336969,Jordyn Poulter,Jordyn,Poulter,1,5,active,False,False,False,False,True,2.0,True,1.0,True,2.0,,,,,LOVB Salt Lake,SLC,SLC,brightYellow
2251976,2026,2026-04-12T18:00:00.000Z,2549041,Ifenna Cos-Okpalla,Ifenna,Cos-Okpalla,2,4,active,False,False,False,False,False,,False,,False,,,,,,LOVB Salt Lake,SLC,SLC,brightYellow
2251976,2026,2026-04-12T18:00:00.000Z,2344545,Dani Drews,Dani,Drews,3,2,active,False,False,False,False,False,,False,,False,,,,,,LOVB Salt Lake,SLC,SLC,brightYellow
2251976,2026,2026-04-12T18:00:00.000Z,2344547,Maddie Haynes,Maddie,Haynes,4,2,active,False,False,False,False,False,,False,,False,,,,,,LOVB Salt Lake,SLC,SLC,brightYellow
2251976,2026,2026-04-12T18:00:00.000Z,2344554,Skylar Fields,Skylar,Fields,5,3,active,False,False,False,False,False,,False,,False,,,,,,LOVB Salt Lake,SLC,SLC,brightYellow
2251976,2026,2026-04-12T18:00:00.000Z,2344551,Tori Dixon,Tori,Dixon,6,4,active,False,False,True,False,True,1.0,True,6.0,True,1.0,,,,,LOVB Salt Lake,SLC,SLC,brightYellow
2251976,2026,2026-04-12T18:00:00.000Z,2349080,Sophie Fischer,Sophie,Fischer,7,4,active,False,False,False,False,False,,False,,False,,,,,,LOVB Salt Lake,SLC,SLC,brightYellow
2251976,2026,2026-04-12T18:00:00.000Z,2494734,Alexa Gray,Alexa,Gray,9,2,active,False,False,False,False,True,3.0,True,2.0,True,3.0,,,,,LOVB Salt Lake,SLC,SLC,brightYellow
2251976,2026,2026-04-12T18:00:00.000Z,2344427,Madi Bugg,Madi,Bugg,10,5,active,False,False,False,False,False,,False,,False,,,,,,LOVB Salt Lake,SLC,SLC,brightYellow
2251976,2026,2026-04-12T18:00:00.000Z,2344550,Serena Gray,Serena,Gray,11,4,active,False,False,False,False,True,4.0,True,3.0,True,4.0,,,,,LOVB Salt Lake,SLC,SLC,brightYellow
2251976,2026,2026-04-12T18:00:00.000Z,2344546,Roni Jones-Perry,Roni,Jones-Perry,12,2,active,False,False,False,False,False,,False,,False,,,,,,LOVB Salt Lake,SLC,SLC,brightYellow
2251976,2026,2026-04-12T18:00:00.000Z,2336979,Haleigh Washington,Haleigh,Washington,15,4,active,False,False,False,False,False,,False,,False,,,,,,LOVB Salt Lake,SLC,SLC,brightYellow
2251976,2026,2026-04-12T18:00:00.000Z,2342469,Manami Kojima,Manami,Kojima,16,1,active,False,False,False,True,False,,False,,False,,,,,,LOVB Salt Lake,SLC,SLC,brightYellow
2251976,2026,2026-04-12T18:00:00.000Z,2344544,Mary Lake,Mary,Lake,18,1,active,False,False,False,False,False,,False,,False,,,,,,LOVB Salt Lake,SLC,SLC,brightYellow
2251976,2026,2026-04-12T18:00:00.000Z,2344548,Claire Hoffman,Claire,Hoffman,21,2,active,False,False,False,False,True,6.0,True,5.0,True,6.0,,,,,LOVB Salt Lake,SLC,SLC,brightYellow
2251976,2026,2026-04-12T18:00:00.000Z,2344553,Heidy Casanova,Heidy,Casanova,33,3,active,False,False,False,False,True,5.0,True,4.0,True,5.0,,,,,LOVB Salt Lake,SLC,SLC,brightYellow
2251977,2026,2026-04-16T23:00:00.000Z,2344609,Khat Bell,Khat,Bell,1,3,active,False,False,False,False,False,,False,,False,,False,,False,,LOVB Austin,ATX,ATX,violet
2251977,2026,2026-04-16T23:00:00.000Z,2344604,Leah Hardeman,Leah,Hardeman,2,2,active,False,False,False,False,False,,False,,False,,False,,False,,LOVB Austin,ATX,ATX,violet
2251977,2026,2026-04-16T23:00:00.000Z,2344598,Carli Lloyd,Carli,Lloyd,3,5,active,False,False,True,False,True,1.0,True,6.0,True,4.0,True,4.0,True,4.0,LOVB Austin,ATX,ATX,violet
2251977,2026,2026-04-16T23:00:00.000Z,2344588,Madi Banks,Madi,Banks,4,2,active,False,False,False,False,True,5.0,True,4.0,True,2.0,True,2.0,True,2.0,LOVB Austin,ATX,ATX,violet
2251977,2026,2026-04-16T23:00:00.000Z,2344608,Molly McCage,Molly,McCage,5,4,active,False,False,False,False,True,3.0,True,2.0,True,6.0,True,6.0,True,6.0,LOVB Austin,ATX,ATX,violet
2251977,2026,2026-04-16T23:00:00.000Z,2349176,Madisen Skinner,Madisen,Skinner,6,3,active,False,False,False,False,True,4.0,True,3.0,True,1.0,True,1.0,True,1.0,LOVB Austin,ATX,ATX,violet
2251977,2026,2026-04-16T23:00:00.000Z,2344607,Asjia O'Neal,Asjia,O'Neal,7,4,active,False,False,False,False,True,6.0,True,5.0,True,3.0,True,3.0,True,3.0,LOVB Austin,ATX,ATX,violet
2251977,2026,2026-04-16T23:00:00.000Z,2344601,Zoe Jarvis,Zoe,Jarvis,10,1,active,False,False,False,False,False,,False,,False,,False,,False,,LOVB Austin,ATX,ATX,violet
2251977,2026,2026-04-16T23:00:00.000Z,2494716,Isabella Bergmark,Isabella,Bergmark,11,4,active,False,False,False,False,False,,False,,False,,False,,False,,LOVB Austin,ATX,ATX,violet
2251977,2026,2026-04-16T23:00:00.000Z,2344606,Juliann Faucette,Juliann,Faucette,13,3,active,False,False,False,False,False,,False,,False,,False,,False,,LOVB Austin,ATX,ATX,violet
2251977,2026,2026-04-16T23:00:00.000Z,2344602,Kotoe Inoue,Kotoe,Inoue,15,1,active,False,False,False,True,False,,False,,False,,False,,False,,LOVB Austin,ATX,ATX,violet
2251977,2026,2026-04-16T23:00:00.000Z,2494714,Brie O'Reilly,Brie,O'Reilly,17,5,active,False,False,False,False,False,,False,,False,,False,,False,,LOVB Austin,ATX,ATX,violet
2251977,2026,2026-04-16T23:00:00.000Z,2547939,Bailey Miller,Bailey,Miller,22,2,active,False,False,False,False,False,,False,,False,,False,,False,,LOVB Austin,ATX,ATX,violet
2251977,2026,2026-04-16T23:00:00.000Z,2344599,Logan Eggleston,Logan,Eggleston,33,2,active,False,False,False,False,True,2.0,True,1.0,True,5.0,True,5.0,True,5.0,LOVB Austin,ATX,ATX,violet
2251977,2026,2026-04-16T23:00:00.000Z,2336999,Magdalena Jurczyk,Magdalena,Jurczyk,95,4,active,False,False,False,False,False,,False,,False,,False,,False,,LOVB Austin,ATX,ATX,violet
2251977,2026,2026-04-16T23:00:00.000Z,2336969,Jordyn Poulter,Jordyn,Poulter,1,5,active,False,False,True,False,True,2.0,True,1.0,True,2.0,True,1.0,True,3.0,LOVB Salt Lake,SLC,SLC,brightYellow
2251977,2026,2026-04-16T23:00:00.000Z,2549041,Ifenna Cos-Okpalla,Ifenna,Cos-Okpalla,2,4,active,False,False,False,False,False,,False,,False,,False,,False,,LOVB Salt Lake,SLC,SLC,brightYellow
2251977,2026,2026-04-16T23:00:00.000Z,2344545,Dani Drews,Dani,Drews,3,2,active,False,False,False,False,False,,False,,False,,False,,False,,LOVB Salt Lake,SLC,SLC,brightYellow
2251977,2026,2026-04-16T23:00:00.000Z,2344547,Maddie Haynes,Maddie,Haynes,4,2,active,False,False,False,False,False,,False,,False,,False,,False,,LOVB Salt Lake,SLC,SLC,brightYellow
2251977,2026,2026-04-16T23:00:00.000Z,2344554,Skylar Fields,Skylar,Fields,5,3,active,False,False,False,False,False,,False,,False,,False,,False,,LOVB Salt Lake,SLC,SLC,brightYellow
2251977,2026,2026-04-16T23:00:00.000Z,2344551,Tori Dixon,Tori,Dixon,6,4,active,False,False,False,False,True,1.0,True,6.0,True,1.0,True,6.0,True,2.0,LOVB Salt Lake,SLC,SLC,brightYellow
2251977,2026,2026-04-16T23:00:00.000Z,2349080,Sophie Fischer,Sophie,Fischer,7,4,active,False,False,False,False,False,,False,,False,,False,,False,,LOVB Salt Lake,SLC,SLC,brightYellow
2251977,2026,2026-04-16T23:00:00.000Z,2494734,Alexa Gray,Alexa,Gray,9,2,active,False,False,False,False,True,3.0,True,2.0,True,3.0,True,2.0,True,4.0,LOVB Salt Lake,SLC,SLC,brightYellow
2251977,2026,2026-04-16T23:00:00.000Z,2344427,Madi Bugg,Madi,Bugg,10,5,active,False,False,False,False,False,,False,,False,,False,,False,,LOVB Salt Lake,SLC,SLC,brightYellow
2251977,2026,2026-04-16T23:00:00.000Z,2344550,Serena Gray,Serena,Gray,11,4,active,False,False,False,False,True,4.0,True,3.0,True,4.0,True,3.0,True,5.0,LOVB Salt Lake,SLC,SLC,brightYellow
2251977,2026,2026-04-16T23:00:00.000Z,2344546,Roni Jones-Perry,Roni,Jones-Perry,12,2,active,False,False,False,False,False,,False,,False,,False,,False,,LOVB Salt Lake,SLC,SLC,brightYellow
2251977,2026,2026-04-16T23:00:00.000Z,2336979,Haleigh Washington,Haleigh,Washington,15,4,active,False,False,False,False,False,,False,,False,,False,,False,,LOVB Salt Lake,SLC,SLC,brightYellow
2251977,2026,2026-04-16T23:00:00.000Z,2342469,Manami Kojima,Manami,Kojima,16,1,active,False,False,False,True,False,,False,,False,,False,,False,,LOVB Salt Lake,SLC,SLC,brightYellow
2251977,2026,2026-04-16T23:00:00.000Z,2344544,Mary Lake,Mary,Lake,18,1,active,False,False,False,False,False,,False,,False,,False,,False,,LOVB Salt Lake,SLC,SLC,brightYellow
2251977,2026,2026-04-16T23:00:00.000Z,2344548,Claire Hoffman,Claire,Hoffman,21,2,active,False,False,False,False,True,6.0,True,5.0,True,6.0,True,5.0,True,1.0,LOVB Salt Lake,SLC,SLC,brightYellow
2251977,2026,2026-04-16T23:00:00.000Z,2344553,Heidy Casanova,Heidy,Casanova,33,3,active,False,False,False,False,True,5.0,True,4.0,True,5.0,True,4.0,True,6.0,LOVB Salt Lake,SLC,SLC,brightYellow
2251978,2026,2026-04-19T00:00:00.000Z,2344609,Khat Bell,Khat,Bell,1,3,active,False,False,False,False,False,,False,,False,,False,,False,,LOVB Austin,ATX,ATX,violet
2251978,2026,2026-04-19T00:00:00.000Z,2344604,Leah Hardeman,Leah,Hardeman,2,2,active,False,False,False,False,False,,False,,False,,False,,False,,LOVB Austin,ATX,ATX,violet
2251978,2026,2026-04-19T00:00:00.000Z,2344598,Carli Lloyd,Carli,Lloyd,3,5,active,False,False,False,False,True,4,True,4,True,4,False,,False,,LOVB Austin,ATX,ATX,violet
2251978,2026,2026-04-19T00:00:00.000Z,2344588,Madi Banks,Madi,Banks,4,2,active,False,False,False,False,True,2,True,2,True,2,True,1,True,6,LOVB Austin,ATX,ATX,violet
2251978,2026,2026-04-19T00:00:00.000Z,2344608,Molly McCage,Molly,McCage,5,4,active,False,False,False,False,True,6,True,6,True,6,True,5,True,4,LOVB Austin,ATX,ATX,violet
2251978,2026,2026-04-19T00:00:00.000Z,2349176,Madisen Skinner,Madisen,Skinner,6,3,active,False,False,False,False,True,1,True,1,True,1,True,6,True,5,LOVB Austin,ATX,ATX,violet
2251978,2026,2026-04-19T00:00:00.000Z,2344607,Asjia O'Neal,Asjia,O'Neal,7,4,active,False,False,False,False,True,3,True,3,True,3,True,2,True,1,LOVB Austin,ATX,ATX,violet
2251978,2026,2026-04-19T00:00:00.000Z,2344601,Zoe Jarvis,Zoe,Jarvis,10,1,active,False,False,False,False,False,,False,,False,,False,,False,,LOVB Austin,ATX,ATX,violet
2251978,2026,2026-04-19T00:00:00.000Z,2494716,Isabella Bergmark,Isabella,Bergmark,11,4,active,False,False,False,False,False,,False,,False,,False,,False,,LOVB Austin,ATX,ATX,violet
2251978,2026,2026-04-19T00:00:00.000Z,2344606,Juliann Faucette,Juliann,Faucette,13,3,active,False,False,True,False,False,,False,,False,,False,,False,,LOVB Austin,ATX,ATX,violet
2251978,2026,2026-04-19T00:00:00.000Z,2344602,Kotoe Inoue,Kotoe,Inoue,15,1,active,False,False,False,True,False,,False,,False,,False,,False,,LOVB Austin,ATX,ATX,violet
2251978,2026,2026-04-19T00:00:00.000Z,2494714,Brie O'Reilly,Brie,O'Reilly,17,5,active,False,False,False,False,False,,False,,False,,True,3,True,2,LOVB Austin,ATX,ATX,violet
2251978,2026,2026-04-19T00:00:00.000Z,2547939,Bailey Miller,Bailey,Miller,22,2,active,False,False,False,False,False,,False,,False,,False,,False,,LOVB Austin,ATX,ATX,violet
2251978,2026,2026-04-19T00:00:00.000Z,2344599,Logan Eggleston,Logan,Eggleston,33,2,active,False,False,False,False,True,5,True,5,True,5,True,4,True,3,LOVB Austin,ATX,ATX,violet
2251978,2026,2026-04-19T00:00:00.000Z,2336999,Magdalena Jurczyk,Magdalena,Jurczyk,95,4,active,False,False,False,False,False,,False,,False,,False,,False,,LOVB Austin,ATX,ATX,violet
2251978,2026,2026-04-19T00:00:00.000Z,2336969,Jordyn Poulter,Jordyn,Poulter,1,5,active,False,False,True,False,True,1,True,2,True,1,True,2,True,3,LOVB Salt Lake,SLC,SLC,brightYellow
2251978,2026,2026-04-19T00:00:00.000Z,2549041,Ifenna Cos-Okpalla,Ifenna,Cos-Okpalla,2,4,active,False,False,False,False,False,,False,,False,,False,,False,,LOVB Salt Lake,SLC,SLC,brightYellow
2251978,2026,2026-04-19T00:00:00.000Z,2344545,Dani Drews,Dani,Drews,3,2,active,False,False,False,False,False,,False,,False,,False,,False,,LOVB Salt Lake,SLC,SLC,brightYellow
2251978,2026,2026-04-19T00:00:00.000Z,2344547,Maddie Haynes,Maddie,Haynes,4,2,active,False,False,False,False,False,,False,,False,,False,,False,,LOVB Salt Lake,SLC,SLC,brightYellow
2251978,2026,2026-04-19T00:00:00.000Z,2344554,Skylar Fields,Skylar,Fields,5,3,active,False,False,False,False,False,,False,,False,,False,,False,,LOVB Salt Lake,SLC,SLC,brightYellow
2251978,2026,2026-04-19T00:00:00.000Z,2344551,Tori Dixon,Tori,Dixon,6,4,active,False,False,False,False,True,6,True,1,True,6,True,1,True,2,LOVB Salt Lake,SLC,SLC,brightYellow
2251978,2026,2026-04-19T00:00:00.000Z,2349080,Sophie Fischer,Sophie,Fischer,7,4,active,False,False,False,False,False,,False,,False,,False,,False,,LOVB Salt Lake,SLC,SLC,brightYellow
2251978,2026,2026-04-19T00:00:00.000Z,2494734,Alexa Gray,Alexa,Gray,9,2,active,False,False,False,False,True,2,True,3,True,2,True,3,True,4,LOVB Salt Lake,SLC,SLC,brightYellow
2251978,2026,2026-04-19T00:00:00.000Z,2344427,Madi Bugg,Madi,Bugg,10,5,active,False,False,False,False,False,,False,,False,,False,,False,,LOVB Salt Lake,SLC,SLC,brightYellow
2251978,2026,2026-04-19T00:00:00.000Z,2344550,Serena Gray,Serena,Gray,11,4,active,False,False,False,False,True,3,True,4,True,3,True,4,True,5,LOVB Salt Lake,SLC,SLC,brightYellow
2251978,2026,2026-04-19T00:00:00.000Z,2344546,Roni Jones-Perry,Roni,Jones-Perry,12,2,active,False,False,False,False,False,,False,,False,,False,,False,,LOVB Salt Lake,SLC,SLC,brightYellow
2251978,2026,2026-04-19T00:00:00.000Z,2336979,Haleigh Washington,Haleigh,Washington,15,4,active,False,False,False,False,False,,False,,False,,False,,False,,LOVB Salt Lake,SLC,SLC,brightYellow
2251978,2026,2026-04-19T00:00:00.000Z,2342469,Manami Kojima,Manami,Kojima,16,1,active,False,False,False,True,False,,False,,False,,False,,False,,LOVB Salt Lake,SLC,SLC,brightYellow
2251978,2026,2026-04-19T00:00:00.000Z,2344544,Mary Lake,Mary,Lake,18,1,active,False,False,False,False,False,,False,,False,,False,,False,,LOVB Salt Lake,SLC,SLC,brightYellow
2251978,2026,2026-04-19T00:00:00.000Z,2344548,Claire Hoffman,Claire,Hoffman,21,2,active,False,False,False,False,True,5,True,6,True,5,True,6,True,1,LOVB Salt Lake,SLC,SLC,brightYellow
2251978,2026,2026-04-19T00:00:00.000Z,2344553,Heidy Casanova,Heidy,Casanova,33,3,active,False,False,False,False,True,4,True,5,True,4,True,5,True,6,LOVB Salt Lake,SLC,SLC,brightYellow
